"writer_id","arm","signup_date","prior_answers_90d","topics_followed"
"w_584774","control",2023-10-12,4,8
"w_174200","treatment",2025-12-15,16,13
"w_999739","control",2022-01-23,12,8
"w_583080","control",2020-03-16,2,8
"w_404758","control",2024-05-11,6,12
"w_748933","control",2025-02-15,29,14
"w_958129","treatment",2024-07-21,0,9
"w_636775","treatment",2023-01-31,0,12
"w_718808","treatment",2018-12-13,1,12
"w_901707","control",2019-12-04,0,9
"w_101463","control",2023-07-16,0,10
"w_884500","treatment",2021-08-27,0,10
"w_350333","control",2022-06-23,0,4
"w_738041","control",2019-02-07,15,8
"w_972016","treatment",2023-03-12,4,7
"w_620703","control",2020-02-07,14,11
"w_812342","treatment",2025-05-30,32,12
"w_945661","control",2025-02-19,0,9
"w_486247","treatment",2024-06-25,0,7
"w_396495","treatment",2021-01-05,0,11
"w_752835","control",2019-08-31,0,12
"w_350362","control",2023-12-24,1,10
"w_907819","control",2023-10-07,33,9
"w_393575","treatment",2022-10-18,0,7
"w_398500","treatment",2022-01-29,0,7
"w_524196","treatment",2021-09-13,0,6
"w_372070","treatment",2021-08-28,0,8
"w_222190","control",2019-05-17,1,9
"w_507563","treatment",2022-11-09,11,11
"w_844178","control",2023-12-22,0,11
"w_277001","control",2024-10-08,1,12
"w_490192","control",2020-08-08,0,6
"w_876634","control",2024-07-11,0,7
"w_313738","control",2024-01-04,0,13
"w_674817","control",2019-08-17,11,6
"w_208553","control",2020-01-07,0,12
"w_345226","control",2022-05-21,0,8
"w_923643","treatment",2023-06-28,18,8
"w_696742","treatment",2025-04-30,0,16
"w_426903","control",2025-02-21,0,9
"w_536891","control",2025-08-07,1,5
"w_994516","treatment",2020-10-09,19,7
"w_635282","control",2020-12-17,3,6
"w_447377","treatment",2026-06-29,0,14
"w_136165","control",2024-06-10,0,5
"w_383014","treatment",2023-01-01,0,8
"w_931531","treatment",2018-11-21,0,10
"w_478378","control",2019-12-22,0,11
"w_330235","control",2025-02-05,3,13
"w_476047","treatment",2023-11-27,2,7
"w_335226","treatment",2025-06-18,1,16
"w_942074","treatment",2020-03-24,0,4
"w_210747","treatment",2024-04-14,13,12
"w_610097","treatment",2020-06-02,18,8
"w_305702","control",2021-05-23,0,10
"w_426329","treatment",2026-03-22,0,8
"w_184369","treatment",2021-11-18,0,12
"w_641810","control",2024-03-04,0,9
"w_882278","control",2024-03-19,0,6
"w_703458","treatment",2020-03-04,0,10
"w_554846","treatment",2023-06-17,0,19
"w_243379","control",2025-01-07,1,6
"w_898443","control",2022-11-14,0,10
"w_552343","control",2019-09-22,0,13
"w_504569","treatment",2022-03-19,0,6
"w_544158","control",2019-10-25,0,10
"w_325729","control",2024-05-18,0,7
"w_383739","treatment",2020-08-12,0,15
"w_183785","control",2025-02-23,0,11
"w_794186","control",2019-09-06,0,13
"w_539261","control",2022-02-15,0,13
"w_601822","treatment",2025-07-01,0,11
"w_588962","treatment",2018-08-11,0,10
"w_488559","control",2026-07-04,46,11
"w_111699","treatment",2022-01-12,0,11
"w_514868","control",2020-08-06,0,8
"w_560874","treatment",2026-01-21,0,9
"w_789889","treatment",2025-11-08,0,8
"w_534605","control",2018-09-04,0,8
"w_606667","control",2019-10-28,0,8
"w_806129","control",2026-06-02,0,10
"w_826374","treatment",2023-06-23,15,11
"w_913945","treatment",2022-10-27,7,6
"w_566678","treatment",2022-03-18,0,7
"w_694693","control",2026-05-29,5,12
"w_609740","treatment",2020-09-19,0,10
"w_607759","control",2024-02-22,1,10
"w_763174","treatment",2023-09-10,0,11
"w_515569","control",2022-08-01,2,6
"w_414007","treatment",2020-08-13,0,15
"w_650336","treatment",2026-07-18,0,9
"w_705645","treatment",2026-02-11,4,8
"w_476452","control",2020-03-26,0,13
"w_160285","control",2023-10-26,2,16
"w_132890","treatment",2018-07-18,0,12
"w_906163","control",2026-02-17,3,10
"w_112724","treatment",2026-05-15,0,9
"w_331939","control",2023-07-03,0,6
"w_702735","control",2019-07-25,0,10
"w_352453","control",2022-02-07,0,10
"w_607220","treatment",2020-01-09,0,9
"w_787906","treatment",2020-11-13,0,8
"w_693664","treatment",2021-06-17,0,8
"w_597413","treatment",2023-07-07,17,10
"w_362562","control",2025-06-18,9,5
"w_898707","treatment",2019-11-09,0,8
"w_119187","treatment",2025-01-15,0,7
"w_402337","treatment",2024-05-13,34,9
"w_887707","treatment",2026-04-16,0,10
"w_998220","control",2019-07-02,8,6
"w_328039","treatment",2025-08-06,10,10
"w_888967","control",2019-02-04,0,16
"w_564514","control",2025-10-14,0,11
"w_950495","treatment",2023-10-24,0,10
"w_819562","treatment",2025-03-06,0,8
"w_992342","treatment",2024-10-11,0,10
"w_232734","control",2025-06-19,0,7
"w_692449","treatment",2020-06-08,0,6
"w_746844","control",2021-12-29,2,9
"w_780868","treatment",2020-09-29,1,6
"w_868597","treatment",2020-06-04,0,13
"w_572204","control",2023-07-16,0,13
"w_865986","treatment",2025-06-14,53,8
"w_721377","control",2021-08-14,9,7
"w_876129","treatment",2025-09-02,0,6
"w_952970","treatment",2020-11-10,0,7
"w_944806","control",2020-10-13,37,14
"w_132451","treatment",2025-02-14,0,10
"w_783837","control",2023-05-25,0,10
"w_914917","control",2023-08-09,0,7
"w_313746","control",2021-11-03,1,4
"w_403690","control",2023-08-27,0,7
"w_943240","treatment",2025-11-21,0,9
"w_882927","control",2023-04-03,16,11
"w_427267","control",2025-08-31,0,14
"w_108189","treatment",2023-08-21,0,9
"w_462154","treatment",2023-11-29,4,10
"w_869336","control",2024-10-24,0,6
"w_763574","treatment",2024-10-13,9,17
"w_980357","treatment",2026-02-20,0,13
"w_870848","treatment",2020-02-02,11,8
"w_192298","control",2019-12-24,18,9
"w_583247","treatment",2023-09-05,0,12
"w_824679","treatment",2024-11-27,0,12
"w_561250","treatment",2022-09-15,1,14
"w_228686","treatment",2026-07-12,31,5
"w_371826","control",2023-08-20,0,14
"w_812624","control",2026-03-20,1,7
"w_317375","control",2022-11-08,103,10
"w_677492","control",2026-03-30,0,10
"w_826800","control",2025-03-12,0,13
"w_933199","control",2026-04-19,0,8
"w_359632","treatment",2025-01-28,15,8
"w_847893","treatment",2020-05-20,0,10
"w_613550","treatment",2020-07-09,13,14
"w_614268","control",2023-10-26,1,16
"w_564510","treatment",2023-07-17,4,8
"w_370690","treatment",2022-05-11,4,10
"w_674349","control",2024-02-18,0,8
"w_133067","treatment",2022-11-06,9,10
"w_780865","control",2022-06-09,3,5
"w_181912","treatment",2021-01-20,0,13
"w_682942","control",2021-08-13,0,12
"w_104989","control",2020-05-05,2,13
"w_372516","control",2020-02-06,0,8
"w_139687","treatment",2018-09-26,27,6
"w_352618","control",2022-09-27,0,8
"w_628589","treatment",2024-10-12,0,9
"w_672691","treatment",2019-11-06,6,10
"w_793940","treatment",2025-05-14,0,10
"w_360094","control",2023-06-07,13,13
"w_408427","treatment",2022-01-29,4,9
"w_764456","control",2021-06-16,0,10
"w_761837","control",2021-03-22,0,16
"w_586080","treatment",2024-05-20,2,12
"w_116827","control",2020-05-05,0,9
"w_529778","control",2021-03-28,0,7
"w_490937","control",2019-02-18,1,9
"w_365116","treatment",2022-10-24,0,15
"w_973712","control",2018-08-11,4,12
"w_941025","control",2022-04-08,26,4
"w_803416","control",2026-02-02,3,13
"w_552495","treatment",2024-06-19,3,9
"w_238070","control",2020-12-05,4,6
"w_453175","control",2023-06-03,0,5
"w_165686","control",2025-06-01,2,12
"w_911997","treatment",2023-06-09,4,14
"w_432094","treatment",2025-05-24,0,9
"w_181770","treatment",2020-05-08,0,11
"w_855524","treatment",2023-03-11,12,12
"w_647354","control",2018-06-23,0,12
"w_349649","control",2018-10-17,0,15
"w_311920","treatment",2023-01-03,0,15
"w_437279","treatment",2020-11-23,1,13
"w_171153","control",2024-10-25,0,9
"w_741073","control",2021-06-15,3,9
"w_176377","control",2020-03-15,1,9
"w_564069","treatment",2019-02-25,2,12
"w_872043","treatment",2022-07-06,10,6
"w_807510","control",2019-04-06,0,15
"w_247449","treatment",2019-11-26,0,13
"w_565040","treatment",2023-10-23,3,15
"w_221218","treatment",2019-07-08,0,11
"w_540518","control",2024-12-28,0,8
"w_844393","control",2018-08-25,0,10
"w_381822","treatment",2023-11-17,0,11
"w_116379","control",2020-10-07,3,8
"w_585479","control",2021-09-28,6,11
"w_923234","treatment",2021-08-04,4,9
"w_933623","treatment",2020-11-23,1,7
"w_495373","control",2026-04-21,0,7
"w_369346","control",2025-05-16,10,9
"w_974542","treatment",2023-05-16,0,8
"w_892116","treatment",2020-02-26,0,7
"w_712221","control",2020-03-15,3,9
"w_541209","control",2023-10-14,0,6
"w_260755","control",2023-11-28,0,4
"w_114962","control",2025-05-11,0,9
"w_544109","treatment",2022-11-18,1,11
"w_800516","treatment",2024-09-13,11,19
"w_913649","control",2018-07-21,3,9
"w_377148","control",2020-11-06,4,6
"w_698958","treatment",2026-01-08,0,7
"w_800931","treatment",2022-11-11,3,9
"w_291230","treatment",2025-01-28,7,11
"w_299348","treatment",2022-08-30,0,9
"w_825643","control",2022-09-22,3,12
"w_642729","control",2018-10-01,5,8
"w_656573","treatment",2018-11-25,3,7
"w_697206","control",2019-03-04,0,14
"w_635049","control",2023-08-31,0,8
"w_641615","treatment",2023-05-26,3,13
"w_826685","control",2019-12-07,0,8
"w_807232","treatment",2021-05-22,0,10
"w_439169","treatment",2025-01-02,0,5
"w_417189","control",2024-10-04,3,15
"w_408660","control",2024-10-31,12,10
"w_779385","control",2020-02-05,0,9
"w_861604","control",2019-06-13,10,9
"w_830548","treatment",2025-08-19,0,12
"w_879044","control",2019-03-10,13,8
"w_666167","control",2025-10-11,71,9
"w_102988","treatment",2024-08-12,19,8
"w_380262","treatment",2023-08-26,0,8
"w_965014","control",2019-09-11,0,20
"w_746398","control",2021-01-18,3,9
"w_246478","treatment",2023-07-31,0,5
"w_456631","control",2022-03-04,0,14
"w_545412","treatment",2019-07-24,4,11
"w_341317","control",2023-03-28,1,8
"w_723560","treatment",2020-04-01,0,10
"w_371262","control",2022-02-24,0,10
"w_472718","control",2023-08-08,12,9
"w_959783","treatment",2021-05-06,3,13
"w_861957","control",2020-03-16,0,8
"w_792429","treatment",2024-11-17,4,9
"w_197399","control",2026-01-26,0,7
"w_271419","control",2025-08-26,2,10
"w_967507","treatment",2018-09-22,0,8
"w_114800","treatment",2018-10-20,3,10
"w_218202","treatment",2020-10-30,0,9
"w_654360","treatment",2021-03-27,0,10
"w_490448","treatment",2021-03-30,19,10
"w_162413","treatment",2018-11-24,10,11
"w_814035","control",2018-10-18,13,11
"w_625173","treatment",2018-09-15,4,10
"w_851702","treatment",2026-07-19,0,17
"w_144737","control",2021-10-01,25,14
"w_857269","control",2021-08-21,3,6
"w_531579","control",2018-07-05,0,5
"w_638256","treatment",2023-08-22,0,9
"w_375571","treatment",2025-12-21,0,5
"w_715756","control",2022-01-05,21,12
"w_466294","control",2023-01-06,2,11
"w_704007","treatment",2019-10-06,19,12
"w_350484","treatment",2018-07-20,9,9
"w_952133","control",2025-05-31,0,12
"w_537528","treatment",2024-04-01,1,11
"w_819646","treatment",2020-07-27,0,9
"w_339120","treatment",2022-02-20,0,9
"w_417114","control",2018-07-20,0,12
"w_189792","control",2018-10-04,0,11
"w_340343","control",2026-03-25,16,12
"w_452292","control",2021-03-27,0,12
"w_122495","control",2020-11-13,0,6
"w_504643","treatment",2024-09-08,4,13
"w_590888","control",2020-01-01,64,10
"w_242057","treatment",2021-07-10,0,8
"w_621236","control",2025-05-14,13,9
"w_505484","control",2025-12-28,0,12
"w_811501","treatment",2020-03-27,0,11
"w_699866","control",2024-08-18,0,9
"w_690368","control",2020-07-29,0,15
"w_820039","control",2018-06-07,23,8
"w_921143","treatment",2025-06-10,0,7
"w_209517","control",2022-07-11,0,9
"w_102984","control",2022-01-18,3,8
"w_164081","treatment",2021-07-23,1,9
"w_372064","treatment",2020-05-07,0,14
"w_902265","control",2026-03-20,4,7
"w_228361","treatment",2019-02-16,37,13
"w_111109","control",2025-11-20,0,15
"w_145084","control",2021-12-04,0,7
"w_234386","treatment",2022-07-29,0,8
"w_762726","treatment",2022-04-27,2,11
"w_819675","treatment",2019-03-11,2,10
"w_799266","treatment",2020-05-16,4,6
"w_632530","treatment",2021-09-29,4,11
"w_876368","treatment",2020-04-02,13,7
"w_168914","treatment",2023-11-19,0,11
"w_464098","treatment",2022-01-02,4,10
"w_294225","treatment",2026-01-16,2,8
"w_112182","control",2021-02-04,0,9
"w_247348","treatment",2018-07-15,1,9
"w_842129","control",2021-12-23,4,11
"w_201656","control",2024-05-16,0,8
"w_516913","treatment",2022-06-10,2,9
"w_899725","control",2022-11-15,7,7
"w_401333","treatment",2025-10-09,3,11
"w_544956","control",2020-04-29,19,10
"w_735007","control",2021-09-02,0,4
"w_569430","control",2019-11-07,8,9
"w_835808","treatment",2024-05-14,46,13
"w_674833","control",2022-10-24,3,8
"w_570594","control",2021-12-13,0,12
"w_273920","treatment",2022-07-21,4,12
"w_712411","control",2023-03-21,1,6
"w_323829","control",2018-12-23,0,13
"w_461441","treatment",2023-06-13,0,10
"w_752463","control",2020-07-27,36,8
"w_349617","control",2023-04-28,0,9
"w_507038","control",2025-08-11,0,7
"w_298541","control",2024-12-21,0,11
"w_744690","control",2020-04-12,16,13
"w_261751","control",2021-10-20,0,10
"w_580471","control",2020-06-11,2,5
"w_907329","control",2026-07-08,0,15
"w_893581","control",2018-12-17,0,15
"w_710520","treatment",2019-08-14,0,8
"w_419562","treatment",2019-04-22,0,16
"w_721197","treatment",2020-10-10,0,8
"w_610194","control",2018-12-31,0,10
"w_524474","control",2024-04-01,0,12
"w_999776","treatment",2025-05-26,7,9
"w_949371","treatment",2020-12-24,0,8
"w_292710","control",2018-11-02,3,12
"w_745405","control",2026-03-12,1,13
"w_390488","treatment",2023-09-06,0,12
"w_489519","control",2018-09-03,0,11
"w_640212","control",2022-06-25,0,14
"w_549341","control",2018-06-05,4,13
"w_120127","treatment",2020-03-16,0,9
"w_470475","treatment",2024-11-26,0,13
"w_718092","control",2026-03-30,3,7
"w_198806","control",2022-03-23,29,11
"w_447838","control",2019-11-26,0,10
"w_547627","treatment",2019-08-15,0,13
"w_838709","treatment",2025-06-12,0,7
"w_907839","control",2019-03-01,0,11
"w_648734","treatment",2025-04-08,31,15
"w_137700","control",2019-01-30,0,13
"w_387437","treatment",2025-09-05,2,6
"w_917170","treatment",2025-02-14,0,12
"w_545116","treatment",2022-03-10,4,12
"w_652018","treatment",2020-10-20,4,8
"w_989110","treatment",2024-02-18,0,8
"w_759503","control",2023-11-04,3,12
"w_197976","control",2018-09-18,0,9
"w_152409","control",2024-12-08,61,10
"w_112104","control",2022-02-21,10,11
"w_391328","treatment",2025-05-05,0,10
"w_584406","treatment",2026-02-09,2,9
"w_397074","treatment",2021-10-11,0,9
"w_461392","control",2021-03-20,0,5
"w_920923","control",2024-11-11,0,12
"w_104114","treatment",2026-05-11,0,6
"w_505493","treatment",2025-06-10,4,12
"w_103826","treatment",2024-07-26,2,9
"w_248539","control",2024-10-08,14,9
"w_608492","control",2019-04-26,9,13
"w_742128","treatment",2025-01-06,3,10
"w_746985","control",2019-07-10,0,11
"w_956292","control",2025-02-28,0,14
"w_696737","treatment",2024-01-17,5,13
"w_996008","control",2021-10-01,0,9
"w_464939","treatment",2018-08-11,1,12
"w_323972","treatment",2025-11-30,2,12
"w_389858","treatment",2021-01-03,0,13
"w_571497","treatment",2019-08-05,4,13
"w_914379","control",2024-10-02,0,10
"w_162223","control",2020-03-01,0,13
"w_397936","control",2026-05-31,0,9
"w_934656","treatment",2025-02-02,82,11
"w_525459","control",2026-02-07,0,10
"w_747023","control",2022-04-04,0,6
"w_179605","treatment",2019-09-17,0,12
"w_825089","control",2023-07-03,7,12
"w_610563","treatment",2022-04-27,0,11
"w_712565","control",2021-10-09,0,7
"w_380663","treatment",2021-09-09,4,16
"w_380256","control",2025-04-02,21,13
"w_983864","treatment",2020-01-19,0,11
"w_221672","treatment",2020-06-13,0,9
"w_914775","control",2019-09-15,2,7
"w_730529","control",2024-11-28,0,9
"w_888693","control",2020-11-08,1,8
"w_718635","control",2019-08-18,0,2
"w_131666","treatment",2022-10-22,2,12
"w_347051","control",2024-03-07,4,16
"w_720946","treatment",2019-02-16,2,14
"w_270263","control",2023-10-30,0,9
"w_607014","treatment",2021-10-30,0,15
"w_183789","treatment",2021-07-09,2,16
"w_347974","control",2025-09-13,1,9
"w_878096","treatment",2023-07-01,0,16
"w_330643","treatment",2024-03-05,0,6
"w_106389","treatment",2021-10-22,0,11
"w_708158","treatment",2019-02-22,0,12
"w_170133","control",2022-04-07,0,12
"w_367642","control",2018-08-26,0,11
"w_897770","control",2021-08-02,6,4
"w_351310","treatment",2022-03-21,0,9
"w_344367","treatment",2019-10-10,0,6
"w_381595","control",2019-09-26,38,11
"w_769823","treatment",2019-02-17,0,9
"w_711702","control",2021-09-02,3,8
"w_852339","treatment",2023-11-11,13,15
"w_706196","control",2025-08-16,17,7
"w_642954","control",2024-08-01,11,8
"w_959335","treatment",2023-12-08,3,13
"w_653559","treatment",2021-05-10,0,8
"w_265684","control",2019-03-22,9,9
"w_162773","treatment",2018-12-25,2,12
"w_712948","control",2021-05-16,0,11
"w_865952","treatment",2020-01-04,2,16
"w_909102","control",2018-12-04,0,6
"w_244145","treatment",2022-07-20,0,15
"w_482137","treatment",2024-10-31,0,12
"w_491302","treatment",2023-07-04,1,13
"w_901855","treatment",2019-04-16,0,10
"w_308645","control",2025-10-29,0,12
"w_306972","treatment",2019-11-24,1,14
"w_609587","control",2019-01-19,41,13
"w_564650","treatment",2021-07-04,13,12
"w_510229","control",2018-07-07,0,8
"w_255710","control",2023-06-24,0,7
"w_542211","treatment",2019-04-25,0,13
"w_851250","control",2024-06-13,0,11
"w_179595","treatment",2025-08-09,15,15
"w_751710","treatment",2023-04-30,17,10
"w_552230","control",2023-11-14,13,8
"w_855467","control",2021-10-03,2,9
"w_593458","treatment",2021-09-19,224,9
"w_590636","control",2022-12-15,4,13
"w_396249","treatment",2022-08-15,0,8
"w_123493","control",2026-03-24,4,13
"w_581169","control",2025-02-12,3,16
"w_143771","treatment",2025-03-18,0,6
"w_358904","control",2024-12-27,19,5
"w_848235","control",2021-12-14,0,7
"w_466845","treatment",2020-04-01,9,9
"w_950213","control",2024-11-10,0,6
"w_341770","control",2023-07-26,0,13
"w_535194","control",2019-02-02,118,5
"w_192728","treatment",2020-11-10,0,8
"w_136311","treatment",2020-07-03,0,11
"w_825718","control",2019-03-08,0,11
"w_597976","treatment",2021-08-17,22,9
"w_968953","treatment",2021-01-17,0,9
"w_255899","control",2023-08-23,4,12
"w_157959","treatment",2023-04-21,0,12
"w_681553","treatment",2022-07-16,31,8
"w_124096","control",2023-06-20,4,12
"w_467970","control",2023-05-21,1,9
"w_359473","control",2023-09-06,0,6
"w_133264","control",2018-10-09,1,15
"w_618205","control",2021-09-05,2,5
"w_695608","treatment",2021-11-28,0,10
"w_253110","control",2019-11-10,2,8
"w_337677","treatment",2022-10-24,0,7
"w_372874","treatment",2024-07-26,0,4
"w_200363","treatment",2022-05-07,25,4
"w_374338","treatment",2019-02-02,1,9
"w_149760","treatment",2021-08-02,0,10
"w_553515","treatment",2018-11-23,1,13
"w_879193","control",2026-07-10,0,8
"w_786526","control",2020-02-18,0,12
"w_765449","control",2020-09-05,0,8
"w_868630","treatment",2020-11-21,0,14
"w_523912","control",2022-02-17,0,8
"w_322687","control",2025-10-27,0,7
"w_265288","control",2021-01-03,0,7
"w_123825","control",2023-02-04,0,7
"w_749564","control",2023-01-25,0,7
"w_648881","control",2021-02-15,0,11
"w_252645","control",2022-11-28,2,11
"w_552611","treatment",2019-11-14,8,10
"w_227464","control",2019-04-07,0,9
"w_839149","treatment",2021-09-09,1,16
"w_163501","control",2018-12-27,0,10
"w_403112","treatment",2021-09-10,27,16
"w_823495","control",2022-07-03,0,13
"w_355036","control",2019-08-04,0,12
"w_272821","control",2023-08-01,41,11
"w_443033","control",2018-12-31,0,10
"w_166482","treatment",2023-06-21,1,7
"w_774619","control",2020-11-25,0,9
"w_257532","treatment",2018-06-03,3,11
"w_862444","control",2020-11-25,0,13
"w_529904","control",2019-12-10,1,14
"w_888583","control",2025-06-21,12,8
"w_556316","control",2025-05-20,0,11
"w_830215","control",2019-06-07,1,10
"w_136132","control",2023-08-17,0,8
"w_531172","control",2021-03-05,2,12
"w_447432","control",2023-11-07,1,10
"w_728361","control",2022-02-08,4,9
"w_294961","treatment",2021-06-03,4,6
"w_220141","treatment",2019-03-13,10,7
"w_708000","control",2025-02-18,0,7
"w_657737","treatment",2019-01-31,0,7
"w_226450","treatment",2024-06-23,0,7
"w_452763","treatment",2021-06-02,2,12
"w_681320","control",2019-04-23,0,14
"w_840181","control",2024-06-27,0,8
"w_381989","control",2023-12-06,0,8
"w_350961","control",2018-11-30,0,9
"w_758639","treatment",2021-11-18,3,11
"w_671752","control",2022-07-22,12,11
"w_340112","treatment",2024-02-19,3,13
"w_479960","control",2022-01-10,2,8
"w_129079","control",2022-10-07,0,7
"w_350971","control",2022-02-05,21,14
"w_390475","treatment",2023-08-29,12,10
"w_767510","control",2018-08-17,0,15
"w_151440","treatment",2019-02-11,0,7
"w_693247","treatment",2023-12-20,0,8
"w_876504","treatment",2026-02-15,0,10
"w_407195","treatment",2026-02-17,7,7
"w_973576","control",2023-01-16,0,11
"w_230935","treatment",2024-01-26,6,1
"w_657298","treatment",2026-01-25,0,16
"w_751847","control",2020-04-13,0,9
"w_287655","control",2025-02-08,0,10
"w_228388","treatment",2024-03-23,4,10
"w_654606","control",2023-11-30,4,10
"w_614673","control",2020-09-08,0,6
"w_490758","treatment",2025-04-03,0,8
"w_555023","control",2023-08-31,0,12
"w_897147","treatment",2021-04-20,0,11
"w_366141","treatment",2021-01-07,3,8
"w_944605","treatment",2024-02-27,2,4
"w_756898","treatment",2025-12-15,0,15
"w_172976","control",2021-03-31,0,7
"w_103096","control",2026-01-03,0,9
"w_351309","treatment",2023-12-20,0,10
"w_178602","control",2021-02-14,3,15
"w_237825","control",2022-12-10,0,7
"w_268476","treatment",2024-03-14,0,10
"w_589966","treatment",2021-06-17,0,13
"w_353865","control",2025-12-09,27,12
"w_184277","control",2025-04-04,0,13
"w_158380","treatment",2023-05-15,29,7
"w_163199","control",2021-04-03,2,6
"w_978368","treatment",2019-03-12,0,3
"w_383869","treatment",2021-07-05,0,9
"w_146734","control",2024-08-09,0,5
"w_687548","treatment",2022-03-04,43,8
"w_465135","control",2021-01-15,16,8
"w_512768","treatment",2024-05-05,0,15
"w_310178","treatment",2021-08-25,6,7
"w_439076","treatment",2024-05-02,9,9
"w_868321","treatment",2021-01-02,0,7
"w_541227","control",2026-03-05,34,8
"w_666661","treatment",2019-03-06,0,12
"w_353320","treatment",2024-12-07,1,5
"w_276547","treatment",2026-01-10,1,14
"w_188464","control",2025-09-12,0,6
"w_390214","control",2026-07-16,0,6
"w_544240","control",2021-05-22,0,15
"w_892332","treatment",2021-03-10,0,8
"w_987608","treatment",2022-07-30,0,13
"w_726700","treatment",2021-06-02,3,11
"w_367209","control",2023-02-17,0,9
"w_619536","treatment",2020-11-04,3,10
"w_283475","treatment",2023-09-07,30,14
"w_703184","control",2021-06-01,0,7
"w_471334","control",2021-03-23,0,9
"w_951759","treatment",2021-04-30,0,14
"w_882269","treatment",2019-08-27,0,10
"w_350841","control",2020-10-27,0,10
"w_173504","treatment",2020-10-08,12,8
"w_813096","control",2023-06-14,2,13
"w_691698","control",2025-01-25,0,12
"w_922417","control",2022-12-23,0,12
"w_857252","control",2026-02-10,0,13
"w_707101","treatment",2026-02-18,1,10
"w_183960","treatment",2020-01-18,15,8
"w_442114","control",2021-09-12,0,10
"w_923229","treatment",2019-07-18,0,11
"w_939914","control",2024-07-07,0,11
"w_430232","control",2024-03-06,0,9
"w_878294","control",2020-07-12,0,15
"w_394864","control",2024-04-28,0,8
"w_145282","control",2022-02-05,0,11
"w_970428","treatment",2022-05-06,2,9
"w_366835","control",2020-12-23,0,8
"w_835309","control",2023-01-28,0,8
"w_632405","treatment",2025-07-24,0,11
"w_671333","treatment",2025-03-22,0,13
"w_593360","control",2025-04-27,0,5
"w_656674","control",2024-05-19,31,12
"w_542402","control",2018-11-24,0,14
"w_639424","control",2019-06-27,16,12
"w_628661","control",2023-12-21,4,5
"w_641906","treatment",2018-09-11,0,10
"w_406476","treatment",2023-01-13,11,7
"w_691540","control",2025-07-08,0,9
"w_186768","treatment",2025-07-15,3,8
"w_525427","control",2025-01-08,8,11
"w_551508","treatment",2022-09-27,5,8
"w_159385","treatment",2023-08-13,0,6
"w_324601","treatment",2020-03-26,0,8
"w_255147","control",2018-09-29,1,9
"w_124797","treatment",2024-12-31,0,7
"w_132828","treatment",2021-01-15,1,17
"w_547122","treatment",2024-09-08,4,11
"w_836689","control",2020-10-08,3,9
"w_718086","control",2023-10-19,2,4
"w_835665","control",2020-11-26,25,10
"w_580067","treatment",2026-04-18,0,5
"w_901511","treatment",2022-09-19,11,9
"w_769883","treatment",2024-05-17,12,9
"w_513931","control",2025-09-21,19,9
"w_948224","control",2022-02-27,0,13
"w_674803","treatment",2020-03-16,0,10
"w_461216","control",2023-10-13,11,9
"w_933316","treatment",2021-10-23,0,13
"w_155695","control",2023-10-19,0,15
"w_798382","treatment",2020-09-10,0,11
"w_829791","control",2018-12-06,0,13
"w_201751","treatment",2023-09-25,0,15
"w_457012","treatment",2022-03-30,2,8
"w_701146","treatment",2022-10-24,0,5
"w_228036","treatment",2019-04-19,0,10
"w_266799","treatment",2021-05-25,0,13
"w_654787","treatment",2025-05-22,0,13
"w_181226","treatment",2023-06-06,0,6
"w_351889","control",2021-07-04,0,9
"w_655572","control",2025-10-27,14,7
"w_409515","treatment",2019-07-25,0,7
"w_423546","control",2023-10-22,0,14
"w_240487","control",2019-04-14,17,8
"w_828726","control",2022-05-02,3,7
"w_876115","control",2023-05-20,0,16
"w_286584","treatment",2020-06-19,0,18
"w_680816","treatment",2018-08-09,1,8
"w_139948","control",2024-04-20,70,8
"w_861104","treatment",2024-07-26,0,8
"w_887562","treatment",2024-04-17,0,10
"w_965993","control",2024-02-28,0,11
"w_189503","treatment",2025-01-09,0,5
"w_691320","treatment",2023-04-01,4,10
"w_186304","treatment",2024-05-19,0,6
"w_419608","treatment",2021-03-12,0,12
"w_657103","control",2021-01-25,1,15
"w_739855","treatment",2024-09-22,0,10
"w_649081","treatment",2020-10-01,1,6
"w_531143","control",2022-10-22,2,8
"w_547058","treatment",2018-09-15,0,10
"w_947910","control",2019-05-16,0,10
"w_428991","control",2022-02-06,0,10
"w_601570","control",2019-01-13,0,8
"w_263569","treatment",2022-12-03,19,7
"w_323749","treatment",2025-03-19,0,18
"w_888466","treatment",2026-02-23,1,14
"w_802836","treatment",2018-07-11,0,15
"w_976862","control",2024-02-25,0,11
"w_482059","treatment",2022-06-16,0,13
"w_290867","treatment",2021-05-07,0,10
"w_884268","control",2024-06-17,0,8
"w_586953","control",2021-09-30,0,11
"w_466938","control",2021-05-19,0,10
"w_705881","treatment",2020-03-23,0,8
"w_607016","treatment",2019-03-28,0,9
"w_718087","control",2018-11-15,0,9
"w_347043","treatment",2025-03-27,2,18
"w_163885","treatment",2019-09-16,0,13
"w_461573","control",2022-01-24,0,16
"w_770465","treatment",2021-11-09,0,15
"w_530695","treatment",2024-02-01,0,13
"w_132968","treatment",2024-11-16,14,13
"w_165471","control",2022-11-11,0,11
"w_519933","treatment",2023-05-19,0,7
"w_395940","control",2019-03-28,0,10
"w_345692","treatment",2020-02-11,16,8
"w_621837","treatment",2023-02-14,4,9
"w_381202","control",2024-12-04,0,8
"w_204956","treatment",2024-02-14,0,11
"w_955923","control",2026-04-27,0,8
"w_482589","treatment",2018-12-10,2,16
"w_643380","treatment",2021-05-15,0,11
"w_182916","treatment",2023-04-29,0,10
"w_632868","treatment",2020-01-30,0,11
"w_587971","treatment",2024-11-22,0,7
"w_978633","control",2021-05-02,1,8
"w_250309","treatment",2019-11-13,0,11
"w_569735","treatment",2022-01-15,0,7
"w_597047","treatment",2024-05-21,2,7
"w_245060","control",2026-01-06,0,8
"w_663530","control",2018-10-23,0,7
"w_808214","control",2021-05-14,0,6
"w_198789","treatment",2020-09-14,4,11
"w_651031","treatment",2022-02-27,0,11
"w_844158","treatment",2024-01-20,0,8
"w_313373","control",2020-10-06,1,6
"w_363542","treatment",2026-02-26,0,13
"w_235070","treatment",2020-05-04,4,12
"w_213314","control",2021-12-24,3,7
"w_395093","control",2018-07-15,19,9
"w_740531","control",2022-04-14,85,5
"w_818272","control",2022-04-21,0,12
"w_885203","treatment",2021-05-23,0,9
"w_442214","control",2020-08-14,3,21
"w_960155","control",2021-04-01,13,12
"w_161830","treatment",2024-05-28,5,4
"w_264376","treatment",2023-06-12,3,13
"w_223290","control",2019-08-24,0,13
"w_687689","treatment",2022-05-18,3,8
"w_659953","control",2023-12-16,0,9
"w_642755","control",2022-07-03,0,9
"w_816757","treatment",2018-08-09,0,10
"w_557154","control",2023-05-08,0,10
"w_510581","treatment",2018-08-23,0,15
"w_486887","treatment",2018-10-25,0,8
"w_829834","treatment",2023-09-20,2,6
"w_630939","treatment",2025-06-24,0,16
"w_640612","control",2025-04-21,0,12
"w_290223","control",2023-07-05,0,15
"w_169856","treatment",2025-07-29,3,14
"w_230415","treatment",2021-05-18,2,13
"w_622356","control",2025-12-16,0,9
"w_918676","treatment",2020-05-15,3,10
"w_810347","treatment",2024-04-01,24,8
"w_530042","control",2024-01-04,0,14
"w_311703","control",2024-10-30,3,8
"w_251885","control",2019-02-21,0,12
"w_446072","control",2025-06-28,0,12
"w_937630","treatment",2022-07-10,1,12
"w_762055","control",2021-09-13,0,3
"w_809693","treatment",2026-03-06,0,13
"w_826118","control",2018-06-20,13,12
"w_570133","treatment",2019-02-08,0,12
"w_643712","control",2021-12-29,23,11
"w_987123","treatment",2019-09-29,0,5
"w_868210","treatment",2020-08-25,17,11
"w_500270","control",2023-06-10,0,13
"w_233195","control",2023-02-26,3,5
"w_236014","control",2018-06-15,0,12
"w_190233","control",2025-08-16,42,10
"w_972777","control",2026-04-27,47,11
"w_602870","control",2020-12-01,13,8
"w_446475","control",2022-11-26,0,11
"w_172578","control",2020-08-26,12,10
"w_511273","control",2018-10-01,0,8
"w_967645","control",2019-03-14,2,11
"w_649912","treatment",2026-05-17,0,6
"w_157417","treatment",2022-07-10,6,8
"w_452905","control",2023-05-04,0,7
"w_901505","control",2018-09-15,8,9
"w_821626","control",2020-09-18,3,8
"w_255574","control",2020-08-13,0,10
"w_593182","control",2024-06-29,44,13
"w_658859","control",2022-05-18,50,12
"w_643880","control",2020-11-01,0,12
"w_199383","treatment",2023-08-28,0,8
"w_863346","control",2022-05-03,16,11
"w_427337","treatment",2025-06-10,0,11
"w_190198","control",2022-05-21,3,10
"w_824739","control",2022-06-27,0,15
"w_750356","control",2024-11-19,19,11
"w_141780","control",2023-02-06,2,11
"w_756917","treatment",2022-10-16,0,12
"w_771424","treatment",2025-09-25,0,8
"w_750296","treatment",2026-01-02,3,5
"w_195257","treatment",2025-10-18,1,8
"w_432896","treatment",2026-04-09,0,14
"w_621557","treatment",2018-11-21,0,17
"w_691715","treatment",2018-10-25,14,9
"w_876821","control",2020-05-11,0,11
"w_211423","treatment",2024-07-28,0,7
"w_527752","control",2020-03-26,50,11
"w_657134","control",2021-02-20,2,12
"w_603964","treatment",2022-09-21,0,8
"w_981894","treatment",2019-04-17,1,6
"w_131654","treatment",2025-05-16,8,11
"w_875984","control",2023-06-16,0,9
"w_829645","control",2018-07-26,0,9
"w_671401","control",2021-01-25,0,5
"w_333882","control",2022-03-10,0,6
"w_464900","treatment",2024-12-10,0,7
"w_443272","treatment",2020-12-18,4,11
"w_435710","control",2021-11-16,0,8
"w_933376","control",2023-02-16,0,16
"w_229688","control",2025-01-20,0,9
"w_853054","control",2021-04-07,0,10
"w_441899","treatment",2025-03-19,0,7
"w_294045","control",2025-02-03,2,7
"w_259984","control",2021-03-01,0,15
"w_165731","control",2022-10-20,26,14
"w_499837","treatment",2026-01-23,0,9
"w_378326","treatment",2025-06-04,4,5
"w_363161","treatment",2025-03-28,1,10
"w_987288","treatment",2024-07-26,0,10
"w_910313","control",2019-06-16,1,13
"w_782851","control",2018-07-21,0,7
"w_154127","control",2021-11-25,0,5
"w_712228","treatment",2022-08-17,2,14
"w_696592","control",2019-10-19,0,11
"w_562075","treatment",2023-03-06,0,11
"w_547841","treatment",2020-06-28,0,8
"w_489322","control",2018-09-08,2,9
"w_268243","treatment",2024-01-12,0,16
"w_137701","control",2019-08-15,0,15
"w_279241","treatment",2021-06-16,2,8
"w_454400","treatment",2021-07-26,0,12
"w_627558","treatment",2023-01-08,0,8
"w_751219","control",2024-11-09,0,12
"w_805019","control",2020-03-19,0,14
"w_201989","treatment",2023-05-09,18,6
"w_459666","treatment",2026-01-18,4,15
"w_963158","treatment",2026-04-12,8,9
"w_805233","control",2025-02-02,16,11
"w_735235","control",2018-08-31,0,8
"w_348891","treatment",2022-03-03,30,10
"w_930182","treatment",2024-03-01,0,7
"w_516391","control",2023-05-28,0,14
"w_979864","treatment",2023-09-03,0,6
"w_295230","control",2021-11-28,8,10
"w_583834","treatment",2025-05-10,0,6
"w_691608","control",2020-10-07,17,10
"w_351605","treatment",2022-01-13,0,8
"w_248852","treatment",2020-05-17,0,10
"w_996887","treatment",2020-09-26,0,10
"w_327163","treatment",2020-08-10,1,12
"w_278978","treatment",2021-10-12,0,7
"w_723015","control",2021-03-17,2,9
"w_366321","treatment",2020-05-09,8,8
"w_773123","control",2026-01-02,3,15
"w_756563","control",2022-04-24,0,13
"w_738196","treatment",2025-06-14,0,10
"w_192795","treatment",2022-06-15,0,14
"w_878068","treatment",2020-01-26,18,11
"w_811145","control",2019-05-06,0,7
"w_803847","control",2019-12-05,7,5
"w_239756","treatment",2023-04-14,0,8
"w_766267","treatment",2019-01-06,14,7
"w_234429","control",2021-03-27,3,13
"w_597189","control",2025-06-29,10,9
"w_199426","control",2019-02-02,1,13
"w_866386","control",2022-02-25,0,12
"w_480757","treatment",2026-06-27,2,17
"w_765646","treatment",2020-02-14,1,13
"w_836879","control",2024-07-26,58,11
"w_353998","treatment",2021-07-06,0,7
"w_332797","control",2023-03-01,0,12
"w_267477","treatment",2023-11-26,4,8
"w_133674","treatment",2023-02-25,0,14
"w_284487","treatment",2021-04-20,0,12
"w_584773","treatment",2024-05-21,0,7
"w_158858","treatment",2022-05-20,0,16
"w_641331","control",2021-07-09,26,8
"w_653588","treatment",2023-04-02,0,6
"w_606945","control",2026-03-22,3,12
"w_902808","treatment",2021-06-04,2,7
"w_117790","treatment",2024-05-16,4,9
"w_847127","treatment",2020-04-13,0,9
"w_508178","control",2024-11-25,30,8
"w_100985","treatment",2024-04-21,0,10
"w_290264","control",2020-07-14,0,14
"w_360074","control",2026-06-03,0,7
"w_855880","treatment",2019-04-25,0,13
"w_735389","control",2020-04-11,1,14
"w_847792","treatment",2021-07-03,14,13
"w_465703","treatment",2020-07-14,0,6
"w_764388","treatment",2021-10-15,0,7
"w_793413","treatment",2018-11-23,0,9
"w_630463","treatment",2022-02-06,28,10
"w_852116","control",2024-07-06,0,7
"w_673327","control",2020-09-27,1,6
"w_625643","treatment",2021-12-07,0,9
"w_755129","control",2021-12-05,0,12
"w_529373","treatment",2026-04-25,4,10
"w_588961","treatment",2022-06-02,3,8
"w_293200","control",2020-01-25,0,7
"w_199934","control",2021-12-29,3,11
"w_662123","treatment",2025-06-19,39,9
"w_380161","treatment",2023-01-15,4,9
"w_831928","control",2021-03-04,47,7
"w_949176","treatment",2018-08-13,0,4
"w_567461","treatment",2024-06-28,1,13
"w_350177","treatment",2019-12-30,28,11
"w_687075","treatment",2026-03-26,0,7
"w_233214","control",2025-03-14,12,7
"w_634462","treatment",2019-05-11,7,15
"w_614974","treatment",2019-06-22,23,10
"w_577782","control",2018-09-08,0,12
"w_165102","treatment",2018-12-04,0,13
"w_532082","control",2024-03-26,4,11
"w_686836","treatment",2026-07-14,4,9
"w_176286","control",2021-07-31,0,12
"w_250338","control",2019-10-16,1,13
"w_689424","treatment",2025-03-25,0,15
"w_961625","control",2025-08-17,80,6
"w_196399","treatment",2023-12-11,12,9
"w_355818","treatment",2023-08-01,0,14
"w_887678","treatment",2022-06-16,0,8
"w_224823","treatment",2022-08-12,4,13
"w_323534","control",2024-12-19,3,9
"w_388028","treatment",2023-04-05,4,10
"w_417870","control",2022-11-08,3,10
"w_948151","control",2023-11-18,4,9
"w_153477","treatment",2023-08-16,3,11
"w_750908","treatment",2019-02-17,0,10
"w_385185","control",2022-11-09,0,10
"w_172336","control",2020-01-05,2,15
"w_505573","control",2024-01-29,0,9
"w_273978","treatment",2019-10-03,0,7
"w_114890","control",2025-08-14,2,10
"w_476978","control",2022-10-08,0,9
"w_984668","control",2024-06-03,19,12
"w_537702","treatment",2023-01-22,0,10
"w_409881","treatment",2026-06-24,0,11
"w_608352","control",2020-06-13,0,13
"w_330495","control",2024-06-19,4,8
"w_501484","control",2022-04-19,0,5
"w_423010","control",2025-07-20,8,9
"w_810056","treatment",2018-10-19,0,15
"w_815953","treatment",2026-01-30,2,12
"w_188878","treatment",2021-03-29,3,5
"w_330058","control",2019-06-11,0,13
"w_542055","control",2024-03-15,0,12
"w_578858","treatment",2026-03-07,3,7
"w_131834","control",2024-04-03,4,10
"w_889994","treatment",2018-10-05,0,11
"w_868660","control",2022-04-30,2,7
"w_107615","control",2019-01-13,14,14
"w_669118","control",2020-04-06,36,8
"w_633650","control",2023-06-08,4,11
"w_586771","control",2022-09-13,3,9
"w_246978","control",2018-12-12,3,13
"w_468101","treatment",2023-05-01,0,12
"w_671164","treatment",2022-11-16,2,11
"w_537745","treatment",2024-12-01,14,9
"w_489484","control",2024-02-27,1,11
"w_908349","control",2026-07-12,0,10
"w_925995","treatment",2026-03-03,0,9
"w_868564","control",2020-02-18,19,9
"w_203428","treatment",2020-03-17,0,10
"w_175139","control",2024-03-15,0,10
"w_729652","control",2022-12-08,0,8
"w_403156","treatment",2026-05-12,0,11
"w_325899","control",2025-06-12,0,9
"w_803062","control",2024-09-12,10,9
"w_455631","control",2022-05-26,9,11
"w_813089","treatment",2023-10-10,0,8
"w_910125","control",2024-04-07,1,9
"w_636017","treatment",2023-06-14,49,6
"w_971969","control",2024-08-13,3,11
"w_748235","treatment",2021-12-28,7,13
"w_246488","treatment",2021-10-06,12,10
"w_236265","treatment",2020-12-29,7,13
"w_790083","control",2023-08-05,4,4
"w_572545","treatment",2026-01-30,0,9
"w_591447","treatment",2021-04-29,2,7
"w_453881","treatment",2022-10-07,0,11
"w_566539","control",2026-07-18,2,8
"w_508104","control",2025-01-17,0,7
"w_837837","control",2024-07-25,10,5
"w_364988","control",2023-07-30,20,12
"w_787372","treatment",2021-03-08,0,9
"w_833299","treatment",2019-03-14,8,10
"w_478730","control",2026-03-12,0,15
"w_519074","treatment",2025-01-04,0,14
"w_969931","control",2019-07-07,4,10
"w_348538","control",2022-04-04,0,9
"w_327586","treatment",2026-06-07,0,18
"w_784859","treatment",2024-06-28,28,9
"w_456670","treatment",2023-06-24,0,9
"w_185363","control",2022-05-28,0,10
"w_717740","treatment",2018-08-04,0,9
"w_590709","control",2021-04-24,1,13
"w_446019","control",2018-09-28,0,11
"w_365502","treatment",2023-03-30,0,3
"w_781387","control",2020-10-24,15,8
"w_717926","control",2024-09-25,0,10
"w_429976","control",2019-04-17,0,12
"w_184322","treatment",2020-09-13,0,13
"w_719715","control",2020-06-26,0,9
"w_555290","treatment",2021-06-10,0,12
"w_941112","treatment",2020-05-16,16,12
"w_565530","treatment",2018-06-25,0,9
"w_623245","control",2025-10-07,0,11
"w_851604","treatment",2023-02-15,0,13
"w_830952","control",2024-03-25,19,5
"w_153710","treatment",2022-10-18,0,10
"w_188651","treatment",2021-05-14,1,12
"w_258649","treatment",2024-04-29,1,8
"w_269473","treatment",2024-04-02,0,5
"w_220702","treatment",2022-05-04,1,11
"w_806850","control",2023-05-31,0,11
"w_915796","treatment",2019-09-24,0,15
"w_843140","treatment",2025-04-15,0,9
"w_870002","treatment",2021-06-30,0,14
"w_457799","treatment",2026-02-20,0,11
"w_549088","control",2021-11-23,4,14
"w_127542","treatment",2020-11-20,0,6
"w_669055","treatment",2019-01-18,0,12
"w_909591","control",2019-04-07,0,15
"w_358226","treatment",2020-05-29,2,13
"w_785825","control",2026-06-19,0,9
"w_262884","control",2020-01-26,0,10
"w_637476","control",2019-09-27,0,9
"w_539374","treatment",2026-04-23,1,14
"w_430038","control",2023-06-19,3,10
"w_122843","treatment",2025-07-29,0,12
"w_504908","control",2023-03-26,0,11
"w_327408","control",2025-10-24,3,9
"w_424266","control",2019-10-27,5,16
"w_674619","treatment",2018-07-03,0,14
"w_879712","treatment",2021-09-04,1,11
"w_704475","treatment",2024-12-05,0,8
"w_152362","control",2019-08-20,0,12
"w_178371","control",2025-04-30,0,15
"w_141459","treatment",2025-10-30,0,10
"w_486384","treatment",2018-11-30,11,10
"w_259397","control",2019-04-16,1,11
"w_962202","treatment",2024-02-11,0,9
"w_553973","treatment",2023-06-08,4,6
"w_946481","control",2023-11-07,0,6
"w_571422","control",2019-08-16,0,13
"w_664204","treatment",2023-03-10,2,6
"w_894008","treatment",2020-12-19,3,14
"w_104984","treatment",2021-05-26,19,12
"w_730886","control",2019-07-07,9,9
"w_237082","treatment",2023-07-09,0,6
"w_410047","control",2021-09-23,0,13
"w_179575","control",2022-05-10,0,16
"w_572047","control",2020-12-18,0,14
"w_367725","treatment",2023-11-10,13,7
"w_116580","treatment",2026-02-03,0,9
"w_332983","control",2022-11-13,0,11
"w_819974","control",2023-06-20,0,7
"w_740999","control",2024-10-10,0,7
"w_182426","control",2021-11-09,3,14
"w_792669","treatment",2026-07-02,1,13
"w_175407","treatment",2025-01-09,8,11
"w_406368","treatment",2021-01-22,1,9
"w_370037","treatment",2021-06-17,0,7
"w_698367","treatment",2024-05-02,6,10
"w_542088","control",2020-02-28,18,5
"w_125582","treatment",2019-07-17,5,11
"w_351988","control",2024-06-18,0,8
"w_673929","treatment",2022-06-01,0,7
"w_819775","treatment",2022-05-24,3,9
"w_699358","treatment",2019-02-07,0,7
"w_979273","treatment",2023-11-25,0,11
"w_940066","treatment",2023-06-06,0,18
"w_374390","treatment",2022-01-03,4,8
"w_834182","treatment",2024-06-20,0,5
"w_897561","control",2021-09-03,0,8
"w_858094","treatment",2020-11-26,0,9
"w_678431","control",2023-06-30,0,15
"w_169870","control",2019-03-28,0,7
"w_692101","control",2022-09-19,0,8
"w_138255","control",2021-11-12,0,15
"w_955088","treatment",2025-08-10,0,14
"w_622565","treatment",2024-11-10,0,11
"w_176836","treatment",2019-07-25,0,16
"w_426762","treatment",2026-04-09,2,6
"w_763668","treatment",2024-10-25,0,10
"w_941295","control",2024-07-27,2,9
"w_749596","control",2022-04-10,3,12
"w_279801","control",2021-03-31,4,13
"w_962348","control",2021-10-12,15,11
"w_505213","control",2024-04-25,0,15
"w_916173","control",2019-08-09,4,7
"w_908579","treatment",2021-02-09,10,8
"w_752528","control",2022-03-22,3,11
"w_323354","treatment",2022-05-08,0,13
"w_643901","control",2025-09-18,1,14
"w_593713","treatment",2022-10-18,0,6
"w_856327","treatment",2018-06-09,2,11
"w_922452","control",2025-02-19,0,11
"w_190141","control",2020-12-18,0,10
"w_803492","treatment",2025-11-22,1,8
"w_766713","treatment",2025-06-10,0,6
"w_473643","control",2024-06-04,0,6
"w_296415","treatment",2019-08-30,28,18
"w_446848","control",2024-09-02,3,14
"w_781777","control",2024-07-25,16,11
"w_281187","treatment",2025-08-22,0,15
"w_115112","treatment",2023-04-05,0,9
"w_725195","treatment",2023-09-02,0,7
"w_338335","treatment",2019-09-21,0,9
"w_352522","treatment",2025-05-15,0,11
"w_893077","control",2020-05-10,0,9
"w_100353","treatment",2022-07-19,3,9
"w_636840","treatment",2025-02-18,4,11
"w_639136","treatment",2024-08-25,4,10
"w_935608","treatment",2024-03-26,59,12
"w_235486","control",2024-09-18,0,14
"w_632832","treatment",2025-09-25,1,4
"w_520500","control",2020-01-17,0,11
"w_800827","treatment",2022-07-17,0,9
"w_802022","treatment",2025-01-29,0,9
"w_875288","treatment",2025-06-23,14,6
"w_833954","control",2020-01-06,0,12
"w_661768","treatment",2020-05-09,1,12
"w_866423","control",2022-04-03,2,8
"w_346374","control",2022-05-17,0,9
"w_732342","control",2020-07-28,3,8
"w_543684","treatment",2022-09-09,0,11
"w_433640","treatment",2025-03-19,0,8
"w_863559","control",2023-11-09,0,8
"w_426227","treatment",2020-10-13,0,12
"w_381535","treatment",2023-08-17,0,10
"w_147931","control",2022-01-17,0,18
"w_189970","treatment",2022-01-11,0,15
"w_767870","control",2021-11-23,25,9
"w_779166","treatment",2026-05-16,0,11
"w_658896","treatment",2023-04-25,18,7
"w_758181","treatment",2021-05-14,2,11
"w_445443","treatment",2024-04-12,0,14
"w_102769","control",2025-06-06,0,7
"w_652931","treatment",2019-03-27,3,9
"w_379656","treatment",2023-07-02,0,11
"w_692154","treatment",2020-02-21,0,12
"w_745425","control",2024-10-24,0,17
"w_357271","treatment",2018-08-23,26,16
"w_790530","treatment",2021-03-06,3,8
"w_330813","control",2021-07-28,136,15
"w_659578","treatment",2022-09-09,0,7
"w_558564","treatment",2022-06-10,0,13
"w_697247","control",2018-11-18,0,7
"w_176738","treatment",2022-05-29,0,4
"w_396812","control",2019-03-28,4,12
"w_259369","treatment",2019-03-20,2,9
"w_679536","control",2019-04-16,10,4
"w_948295","treatment",2023-09-24,0,13
"w_873311","treatment",2025-09-20,4,5
"w_403327","treatment",2026-05-27,0,4
"w_261260","treatment",2020-01-21,0,13
"w_784043","control",2021-07-18,5,8
"w_677036","treatment",2020-05-20,0,10
"w_144493","control",2023-06-26,0,11
"w_622510","control",2021-02-11,0,11
"w_258896","control",2022-10-24,0,8
"w_531849","control",2025-10-21,16,17
"w_811888","control",2021-05-27,0,9
"w_265058","control",2020-03-03,0,13
"w_257553","treatment",2023-03-17,0,11
"w_120707","control",2020-06-17,0,12
"w_420974","treatment",2025-04-09,18,9
"w_698521","treatment",2018-09-15,2,11
"w_536127","treatment",2020-06-04,2,13
"w_998085","treatment",2021-09-03,0,5
"w_676778","control",2020-10-05,0,12
"w_278165","control",2023-06-05,0,14
"w_923790","treatment",2023-03-17,0,12
"w_506952","treatment",2019-11-03,3,5
"w_781020","treatment",2019-05-21,4,9
"w_228778","treatment",2023-07-28,5,9
"w_634265","treatment",2024-12-30,0,12
"w_476721","treatment",2025-03-14,0,5
"w_137973","treatment",2020-01-28,3,10
"w_351862","treatment",2024-06-14,3,8
"w_722384","treatment",2020-01-12,0,7
"w_992789","control",2025-05-22,6,7
"w_909483","control",2021-01-22,0,8
"w_439501","treatment",2019-03-08,8,10
"w_189138","control",2023-04-06,3,11
"w_667565","control",2025-05-10,30,10
"w_397436","treatment",2025-09-08,0,11
"w_422828","treatment",2023-09-15,0,6
"w_170356","treatment",2024-01-09,24,13
"w_605412","control",2024-01-22,0,12
"w_275825","treatment",2025-06-25,0,11
"w_148046","control",2020-12-09,0,12
"w_335855","control",2023-09-23,0,11
"w_840195","treatment",2026-07-14,0,17
"w_124144","control",2025-07-25,2,7
"w_979944","treatment",2019-05-05,0,16
"w_610330","control",2023-05-06,2,8
"w_100032","treatment",2025-04-16,0,8
"w_123231","treatment",2025-07-01,2,9
"w_927764","treatment",2020-05-22,0,10
"w_480006","control",2023-01-18,4,9
"w_121692","treatment",2023-12-04,0,9
"w_594418","treatment",2018-07-05,0,9
"w_250232","treatment",2024-08-20,6,19
"w_732212","treatment",2024-09-28,1,16
"w_248645","treatment",2022-05-21,2,15
"w_938109","treatment",2023-07-15,0,11
"w_812953","treatment",2026-01-07,0,8
"w_483780","treatment",2020-11-11,0,11
"w_771009","treatment",2022-04-03,0,10
"w_585823","treatment",2021-07-21,0,9
"w_821628","treatment",2026-06-13,0,10
"w_911994","control",2023-01-05,0,7
"w_913886","treatment",2022-05-30,0,7
"w_824812","treatment",2025-08-05,0,12
"w_219863","control",2019-10-18,2,9
"w_472398","control",2022-09-17,0,8
"w_580297","control",2025-02-06,4,9
"w_457015","treatment",2021-11-20,0,18
"w_275884","treatment",2021-05-13,3,12
"w_963660","control",2024-07-17,0,9
"w_223529","control",2019-09-25,0,8
"w_936021","treatment",2023-12-19,3,8
"w_871826","treatment",2026-01-06,61,11
"w_707466","control",2019-12-15,7,4
"w_252243","treatment",2026-06-04,0,9
"w_783512","treatment",2023-11-19,0,14
"w_577264","treatment",2019-06-05,0,10
"w_641258","control",2020-10-23,0,8
"w_857530","control",2019-05-15,0,10
"w_974433","treatment",2025-01-10,0,6
"w_132416","control",2021-05-02,0,14
"w_900380","treatment",2026-05-17,0,12
"w_793161","treatment",2025-08-09,4,15
"w_118001","treatment",2025-12-12,17,10
"w_606232","control",2018-11-16,19,6
"w_186970","treatment",2023-01-01,0,6
"w_983077","treatment",2018-08-24,6,13
"w_272849","treatment",2025-06-02,19,16
"w_253423","control",2022-03-22,0,9
"w_971416","control",2019-09-15,0,10
"w_199612","treatment",2021-04-29,15,11
"w_568001","control",2025-04-19,3,15
"w_420226","control",2022-02-04,0,11
"w_746684","treatment",2024-03-17,0,11
"w_278221","treatment",2025-04-06,0,15
"w_552392","treatment",2022-12-12,0,10
"w_117805","treatment",2025-02-07,8,12
"w_739846","control",2023-08-29,0,7
"w_699514","treatment",2019-03-21,2,10
"w_248762","treatment",2025-11-09,0,11
"w_921988","control",2023-12-17,0,9
"w_201819","treatment",2022-11-13,0,13
"w_272430","control",2021-10-05,0,15
"w_279173","control",2023-11-13,0,11
"w_732175","treatment",2022-10-23,11,14
"w_117208","treatment",2022-01-25,27,4
"w_789718","treatment",2021-08-06,0,10
"w_125187","control",2024-03-12,16,11
"w_169716","control",2025-07-20,3,10
"w_678006","control",2021-05-30,0,6
"w_670855","treatment",2023-11-15,0,7
"w_304949","control",2024-06-21,0,7
"w_265071","treatment",2018-09-10,4,12
"w_972976","control",2026-03-24,1,11
"w_962783","control",2018-12-27,18,11
"w_700995","control",2026-07-08,4,10
"w_339911","treatment",2023-08-30,0,13
"w_334100","control",2025-08-03,1,10
"w_375279","control",2024-08-28,0,17
"w_680712","control",2019-01-25,2,8
"w_589930","control",2019-02-08,13,5
"w_943947","control",2020-02-11,0,6
"w_558410","control",2023-12-18,0,14
"w_150011","control",2024-04-10,0,11
"w_195657","treatment",2018-07-06,4,10
"w_584292","control",2019-12-07,0,6
"w_808947","control",2023-09-16,5,9
"w_521668","treatment",2022-06-19,0,6
"w_358479","control",2019-12-07,2,11
"w_562733","control",2019-10-05,0,12
"w_364792","control",2023-02-18,0,7
"w_953843","control",2023-10-29,0,9
"w_622543","control",2025-06-01,0,14
"w_684784","treatment",2023-10-30,0,12
"w_871556","treatment",2025-06-22,3,12
"w_412169","control",2021-12-06,2,10
"w_561611","treatment",2025-01-08,0,10
"w_304611","control",2026-02-04,0,9
"w_662165","control",2021-06-01,1,8
"w_382342","control",2026-07-02,0,10
"w_463349","control",2021-01-03,8,10
"w_204324","control",2018-09-18,3,14
"w_185664","treatment",2024-06-23,0,12
"w_811391","control",2025-04-02,0,12
"w_992135","treatment",2023-07-29,3,9
"w_691149","control",2019-09-29,0,5
"w_718893","treatment",2021-08-24,0,9
"w_169173","treatment",2018-07-09,20,7
"w_466761","control",2021-08-18,2,13
"w_462115","control",2020-06-28,19,11
"w_281884","control",2023-03-12,16,20
"w_681425","treatment",2023-01-30,0,9
"w_410410","control",2020-05-13,0,5
"w_271185","control",2020-04-17,0,7
"w_776212","treatment",2020-07-13,2,14
"w_987045","treatment",2019-12-14,0,13
"w_658764","treatment",2021-06-12,0,10
"w_291513","treatment",2023-08-02,0,11
"w_420616","control",2018-07-17,0,12
"w_233202","treatment",2022-12-30,0,15
"w_156802","treatment",2026-02-02,71,14
"w_792334","treatment",2018-12-29,2,11
"w_795799","treatment",2023-08-23,9,16
"w_303059","treatment",2026-04-12,10,5
"w_594139","control",2021-09-14,0,16
"w_638800","treatment",2025-01-27,0,11
"w_338344","treatment",2021-08-04,0,10
"w_780807","control",2025-06-10,38,9
"w_452466","treatment",2023-05-09,4,11
"w_629230","control",2019-08-17,11,8
"w_151693","treatment",2022-09-19,1,15
"w_502145","treatment",2020-09-04,4,4
"w_387913","treatment",2025-02-01,0,7
"w_883816","treatment",2020-11-25,2,12
"w_162715","control",2024-10-19,2,13
"w_382072","control",2024-10-01,7,7
"w_698978","control",2020-09-18,0,6
"w_115049","treatment",2020-09-12,10,10
"w_374522","treatment",2022-01-28,0,8
"w_556618","control",2022-06-29,0,9
"w_398292","treatment",2023-05-06,0,6
"w_449574","treatment",2021-01-04,23,9
"w_722475","treatment",2020-03-10,0,7
"w_648536","treatment",2022-02-07,2,10
"w_161345","treatment",2022-02-07,0,7
"w_886893","treatment",2022-10-30,19,12
"w_397709","treatment",2018-06-20,10,5
"w_215866","treatment",2021-07-18,1,10
"w_310030","control",2024-07-08,0,14
"w_561077","control",2025-05-02,5,11
"w_556156","control",2022-12-27,4,8
"w_725284","control",2024-09-23,0,10
"w_834381","treatment",2019-02-19,0,9
"w_570150","control",2022-06-12,1,15
"w_746115","treatment",2026-03-17,1,12
"w_951810","treatment",2020-03-23,20,12
"w_160803","treatment",2023-05-09,0,8
"w_510287","control",2025-03-01,0,6
"w_136456","control",2026-06-29,1,9
"w_780955","treatment",2021-04-05,0,8
"w_629807","treatment",2026-01-28,4,9
"w_778466","treatment",2022-08-21,2,10
"w_641017","treatment",2018-09-25,8,12
"w_181112","control",2018-12-16,1,11
"w_633085","treatment",2024-01-06,1,16
"w_751568","control",2022-10-01,0,8
"w_817481","treatment",2025-01-13,1,8
"w_778236","control",2022-09-02,0,9
"w_450507","control",2023-06-07,0,15
"w_193060","treatment",2020-02-11,0,4
"w_948419","treatment",2020-04-13,8,11
"w_657810","treatment",2025-11-17,11,10
"w_205306","treatment",2019-03-09,0,16
"w_754414","treatment",2022-01-18,4,9
"w_413889","treatment",2023-12-22,4,16
"w_417024","control",2023-01-06,0,11
"w_291922","treatment",2020-02-07,14,9
"w_356493","treatment",2024-09-19,0,5
"w_948608","control",2023-09-15,0,12
"w_232091","treatment",2019-04-14,0,10
"w_450186","treatment",2022-01-17,4,13
"w_689673","control",2026-04-21,0,9
"w_543949","control",2024-10-01,0,11
"w_453560","treatment",2023-05-21,1,12
"w_765273","treatment",2025-11-26,0,10
"w_878129","treatment",2021-12-19,0,15
"w_531076","control",2026-03-30,0,8
"w_235746","treatment",2022-05-13,0,7
"w_744079","treatment",2025-03-15,0,11
"w_793590","control",2024-10-30,0,8
"w_554734","control",2020-12-02,0,17
"w_652415","control",2025-07-05,4,7
"w_819469","control",2020-10-15,0,7
"w_811842","treatment",2021-08-12,7,7
"w_264197","control",2022-08-17,0,9
"w_387528","treatment",2020-01-27,19,12
"w_466923","treatment",2023-02-20,0,12
"w_608233","treatment",2019-07-08,0,10
"w_908291","control",2022-01-22,10,9
"w_448505","treatment",2024-11-10,1,9
"w_247283","control",2024-01-28,0,9
"w_496763","control",2023-10-15,0,7
"w_651515","treatment",2021-02-25,0,5
"w_665807","treatment",2019-03-20,0,12
"w_683359","control",2025-06-04,0,10
"w_268700","control",2024-09-20,4,13
"w_271463","treatment",2023-09-06,2,9
"w_729369","treatment",2023-02-03,0,10
"w_544337","control",2022-05-11,0,9
"w_169705","treatment",2022-10-01,1,11
"w_517427","control",2024-06-06,4,9
"w_407604","treatment",2026-05-02,0,8
"w_671244","treatment",2025-08-11,0,9
"w_788615","control",2025-08-09,9,7
"w_513646","treatment",2021-09-03,0,16
"w_632346","treatment",2024-03-30,2,12
"w_823058","control",2021-11-25,0,10
"w_260721","treatment",2024-06-27,2,10
"w_619643","control",2021-03-09,12,14
"w_111069","treatment",2022-07-29,0,10
"w_545093","control",2024-11-06,1,10
"w_211508","treatment",2021-01-12,12,12
"w_287934","control",2022-10-02,0,11
"w_953234","treatment",2025-05-05,3,15
"w_630046","treatment",2018-09-03,4,9
"w_487734","treatment",2019-09-11,0,14
"w_101305","treatment",2018-08-26,0,15
"w_215389","control",2020-04-19,4,6
"w_484457","control",2023-10-09,0,4
"w_695937","control",2020-08-02,0,9
"w_432039","control",2022-11-13,0,12
"w_533824","treatment",2020-07-30,15,12
"w_105650","treatment",2019-11-14,0,10
"w_416245","treatment",2025-10-22,1,13
"w_870592","control",2025-07-03,0,14
"w_190981","control",2024-03-06,0,9
"w_566046","treatment",2025-06-29,3,11
"w_179437","treatment",2022-08-17,0,9
"w_521392","treatment",2020-05-13,1,10
"w_401050","treatment",2023-12-11,0,9
"w_891092","treatment",2018-06-26,4,13
"w_169424","control",2020-12-21,3,9
"w_714118","control",2021-12-08,0,16
"w_330751","treatment",2022-10-20,17,7
"w_455208","treatment",2021-12-23,0,7
"w_646007","treatment",2025-01-13,3,8
"w_580409","control",2023-06-21,0,7
"w_268418","control",2021-12-21,1,9
"w_243370","treatment",2026-07-18,15,9
"w_331786","treatment",2026-07-04,1,14
"w_806946","treatment",2025-03-23,0,8
"w_162259","treatment",2024-06-29,0,11
"w_248029","control",2021-09-06,4,17
"w_168691","control",2023-09-26,1,14
"w_894723","treatment",2024-08-04,10,11
"w_315489","treatment",2025-04-08,0,21
"w_524661","treatment",2022-04-11,0,9
"w_354782","control",2019-05-29,0,9
"w_797684","treatment",2024-06-08,0,4
"w_302959","control",2025-07-23,0,11
"w_967587","control",2023-12-29,0,9
"w_436569","treatment",2022-05-16,2,5
"w_405355","treatment",2018-10-30,0,10
"w_302885","treatment",2025-08-14,0,9
"w_416939","control",2025-07-10,4,16
"w_153393","treatment",2026-02-11,0,8
"w_891487","treatment",2021-04-13,0,13
"w_406301","treatment",2020-03-17,6,11
"w_465661","treatment",2021-12-26,3,7
"w_110603","treatment",2025-02-12,2,11
"w_313936","treatment",2020-03-29,0,8
"w_579806","control",2026-07-18,28,12
"w_906214","control",2025-06-07,0,12
"w_947579","treatment",2019-10-09,0,8
"w_576370","treatment",2020-04-09,0,5
"w_124557","treatment",2023-06-11,3,9
"w_786197","control",2020-04-14,0,7
"w_773063","treatment",2024-03-20,1,10
"w_187794","treatment",2025-04-18,0,9
"w_389422","control",2021-07-16,1,17
"w_811523","treatment",2021-12-25,0,8
"w_878838","treatment",2025-08-03,17,10
"w_889320","treatment",2023-09-12,0,8
"w_322748","control",2020-05-13,3,11
"w_776385","treatment",2020-07-15,31,10
"w_190836","treatment",2025-03-27,18,10
"w_168771","control",2019-05-19,0,10
"w_892065","treatment",2019-08-10,0,11
"w_443932","treatment",2026-01-29,14,7
"w_343926","treatment",2020-06-11,0,16
"w_406219","treatment",2020-03-07,0,13
"w_907701","control",2020-03-18,0,10
"w_416517","treatment",2023-01-10,0,13
"w_476459","treatment",2021-06-30,11,7
"w_488198","control",2025-07-29,2,8
"w_729274","control",2022-10-06,1,7
"w_192805","treatment",2022-10-12,1,9
"w_764426","control",2025-11-03,0,13
"w_251719","treatment",2018-07-01,0,8
"w_904199","control",2023-09-08,0,9
"w_250505","control",2023-05-16,0,6
"w_492286","control",2020-11-10,9,9
"w_294436","control",2018-09-24,0,10
"w_168082","treatment",2025-04-17,0,16
"w_219480","control",2024-11-15,0,18
"w_331654","treatment",2025-04-04,0,11
"w_656535","control",2025-02-21,0,12
"w_375194","control",2022-03-30,0,17
"w_914272","control",2024-03-14,0,15
"w_925452","control",2021-08-26,9,15
"w_195030","treatment",2022-03-21,2,10
"w_304262","treatment",2018-07-01,3,6
"w_130596","control",2023-09-29,0,12
"w_781246","control",2019-03-12,4,10
"w_372181","treatment",2019-12-17,0,9
"w_119277","treatment",2025-01-03,11,9
"w_157701","treatment",2021-11-22,2,11
"w_645003","treatment",2024-04-03,0,11
"w_629753","control",2023-01-19,0,9
"w_104256","control",2019-09-23,0,6
"w_775155","treatment",2025-05-12,0,11
"w_100979","treatment",2018-10-14,0,9
"w_962398","treatment",2022-03-27,7,12
"w_887556","control",2025-10-25,0,12
"w_433346","treatment",2023-06-01,2,14
"w_109676","control",2019-07-04,3,8
"w_830583","control",2019-03-05,10,11
"w_107332","control",2023-07-11,0,8
"w_246160","treatment",2021-04-13,0,7
"w_839480","treatment",2024-11-30,17,9
"w_327423","treatment",2022-10-01,0,13
"w_259363","treatment",2020-02-02,0,13
"w_948450","treatment",2024-06-12,0,6
"w_376347","control",2023-12-29,0,7
"w_990909","control",2019-12-09,0,13
"w_418130","treatment",2025-07-24,1,10
"w_201084","control",2023-03-24,0,8
"w_699064","treatment",2024-03-06,0,11
"w_824359","control",2024-12-12,0,13
"w_401890","control",2020-08-01,0,10
"w_836271","control",2025-05-23,1,11
"w_175755","control",2025-05-12,2,6
"w_751969","treatment",2024-02-23,4,12
"w_941665","control",2019-06-21,2,9
"w_861698","control",2024-10-15,18,10
"w_833234","control",2023-07-04,0,10
"w_599085","treatment",2022-04-26,0,9
"w_959516","treatment",2022-12-22,13,12
"w_557109","control",2020-01-27,0,11
"w_122052","control",2022-01-29,0,8
"w_384314","treatment",2023-02-28,13,10
"w_897220","control",2024-08-04,0,8
"w_206356","treatment",2019-02-04,0,5
"w_398776","control",2022-09-10,0,12
"w_850802","control",2024-02-20,0,14
"w_549136","treatment",2020-06-21,9,10
"w_822935","treatment",2026-06-11,0,9
"w_670376","treatment",2020-08-14,1,7
"w_530035","control",2019-02-19,0,13
"w_402204","control",2018-11-04,0,8
"w_698708","control",2019-11-28,0,12
"w_483349","treatment",2022-07-20,0,2
"w_895585","treatment",2025-05-25,3,9
"w_996587","treatment",2019-07-17,0,9
"w_753789","control",2021-01-05,3,11
"w_197094","treatment",2022-11-21,0,5
"w_203037","treatment",2018-06-12,0,7
"w_483518","treatment",2021-11-16,0,15
"w_586152","treatment",2020-12-26,0,7
"w_826881","treatment",2023-09-25,0,14
"w_603454","treatment",2022-11-24,0,13
"w_502118","treatment",2022-02-03,2,13
"w_160670","treatment",2019-12-09,0,9
"w_448910","treatment",2023-04-12,0,8
"w_454976","treatment",2019-04-10,2,15
"w_893784","treatment",2021-10-30,0,7
"w_788559","control",2019-12-10,0,8
"w_339859","control",2024-05-12,0,10
"w_269367","control",2019-02-19,56,16
"w_128913","control",2021-07-29,7,10
"w_315677","control",2026-03-06,1,10
"w_875598","treatment",2021-04-01,35,12
"w_173568","control",2023-12-18,0,14
"w_396341","control",2022-09-17,0,14
"w_679044","treatment",2026-05-28,11,12
"w_773322","treatment",2025-05-24,3,15
"w_874491","control",2021-11-10,4,8
"w_880270","treatment",2026-01-22,0,14
"w_623075","control",2025-03-20,5,10
"w_950823","treatment",2026-03-08,0,10
"w_778329","control",2025-08-11,0,13
"w_532905","control",2024-11-06,8,4
"w_272967","control",2021-08-19,39,12
"w_803820","treatment",2018-06-19,0,11
"w_819468","control",2018-06-06,2,8
"w_728639","treatment",2025-12-14,0,11
"w_420009","control",2020-07-21,0,14
"w_288790","control",2025-11-03,4,11
"w_229425","control",2023-07-11,0,7
"w_224757","control",2026-01-06,0,18
"w_389227","control",2019-01-05,0,3
"w_561427","treatment",2018-07-30,0,9
"w_335070","control",2024-08-02,10,8
"w_804415","control",2023-05-30,3,2
"w_222739","control",2019-07-27,0,9
"w_295811","treatment",2021-10-24,6,9
"w_266275","treatment",2023-04-04,0,13
"w_456917","treatment",2020-04-19,0,15
"w_807346","control",2020-09-08,11,9
"w_498322","control",2024-03-19,0,6
"w_306274","treatment",2024-04-04,0,16
"w_127230","control",2021-06-09,0,9
"w_582093","treatment",2023-10-24,0,10
"w_577978","control",2020-09-28,3,10
"w_429187","control",2025-02-07,0,11
"w_316842","treatment",2024-08-19,11,9
"w_325375","treatment",2022-06-28,6,11
"w_788199","control",2022-07-10,3,14
"w_344087","treatment",2023-04-26,20,10
"w_877770","treatment",2026-05-18,4,8
"w_294571","treatment",2025-06-07,1,11
"w_194904","treatment",2020-12-06,4,8
"w_958566","treatment",2019-01-28,0,11
"w_511755","treatment",2023-09-05,0,11
"w_607908","control",2021-02-23,0,11
"w_640879","treatment",2021-09-18,0,11
"w_881708","control",2024-02-15,0,11
"w_950549","control",2025-05-05,21,6
"w_445733","control",2023-10-31,9,7
"w_984573","treatment",2020-06-14,0,7
"w_306071","control",2018-06-26,0,10
"w_547335","control",2022-04-22,0,11
"w_955583","control",2023-05-27,1,11
"w_589388","treatment",2024-10-07,1,4
"w_132837","control",2021-12-01,0,5
"w_943007","control",2021-02-01,1,15
"w_936834","treatment",2023-06-05,0,11
"w_821462","control",2025-08-07,0,9
"w_609871","control",2019-05-10,2,10
"w_318503","treatment",2024-12-02,0,9
"w_639497","control",2022-04-10,10,10
"w_871822","control",2020-09-29,3,17
"w_373839","treatment",2025-09-08,0,10
"w_293573","control",2019-01-15,0,10
"w_533416","control",2021-09-09,0,12
"w_150456","control",2025-07-28,3,15
"w_749700","treatment",2022-11-25,0,13
"w_288202","treatment",2020-11-10,0,13
"w_609073","treatment",2018-06-13,0,6
"w_392356","treatment",2024-10-21,0,14
"w_218530","control",2022-11-28,0,4
"w_804241","control",2023-07-21,3,12
"w_716750","control",2025-04-28,0,8
"w_797349","control",2023-08-03,0,11
"w_239404","control",2018-09-12,10,9
"w_400294","control",2020-01-31,0,12
"w_497239","control",2023-07-19,0,10
"w_960262","control",2018-09-17,6,10
"w_954006","treatment",2025-12-30,4,10
"w_642325","treatment",2024-03-03,0,10
"w_795936","treatment",2022-05-21,18,6
"w_350918","treatment",2019-07-17,17,12
"w_812562","control",2018-10-30,6,7
"w_296931","control",2018-06-27,13,7
"w_788974","control",2023-09-06,8,7
"w_644525","control",2021-03-25,0,8
"w_472548","control",2026-04-03,1,10
"w_856300","control",2023-04-27,1,12
"w_134570","control",2025-05-31,0,9
"w_889730","treatment",2018-09-10,0,8
"w_626673","treatment",2021-11-30,4,4
"w_146954","control",2020-07-05,1,9
"w_261006","control",2025-09-04,7,10
"w_969775","control",2024-09-09,3,14
"w_740956","treatment",2026-03-19,2,4
"w_262030","control",2020-05-15,14,13
"w_732075","control",2024-10-23,0,8
"w_691446","control",2024-05-13,0,10
"w_337063","control",2018-09-26,0,14
"w_660389","treatment",2025-04-04,0,6
"w_438547","treatment",2020-05-13,0,14
"w_881001","treatment",2025-10-21,3,16
"w_332823","control",2025-01-25,2,9
"w_238909","control",2018-12-19,0,1
"w_259872","control",2021-07-31,0,9
"w_866547","treatment",2020-01-09,0,8
"w_486152","treatment",2026-03-30,0,9
"w_264852","treatment",2026-02-18,0,7
"w_519001","control",2025-11-20,0,9
"w_163081","control",2020-04-16,0,11
"w_771069","treatment",2024-03-08,0,10
"w_404876","treatment",2021-03-25,0,12
"w_453069","treatment",2020-02-03,0,10
"w_724726","control",2019-06-28,10,6
"w_688154","control",2024-07-27,0,8
"w_378847","treatment",2025-05-19,3,7
"w_866706","control",2025-03-30,0,6
"w_754166","treatment",2019-10-21,0,4
"w_184779","control",2025-06-18,2,7
"w_957245","control",2020-05-13,0,13
"w_704895","treatment",2023-07-25,0,6
"w_698796","treatment",2024-01-24,0,16
"w_445707","treatment",2026-02-08,0,8
"w_921132","control",2021-10-14,3,8
"w_896152","control",2023-03-30,6,8
"w_874637","control",2026-03-27,4,13
"w_521369","treatment",2019-03-24,11,9
"w_660968","treatment",2021-10-09,4,6
"w_495500","treatment",2018-06-24,0,4
"w_565978","treatment",2025-06-08,1,10
"w_101633","control",2022-01-06,0,14
"w_627427","control",2021-02-03,0,11
"w_235117","control",2021-03-01,2,7
"w_898662","control",2020-04-25,4,7
"w_197592","control",2023-01-08,0,10
"w_351948","treatment",2021-12-05,19,12
"w_538795","treatment",2025-10-24,0,11
"w_154184","treatment",2024-01-14,3,5
"w_935107","control",2022-09-17,71,9
"w_975082","control",2024-10-12,0,7
"w_734618","control",2021-03-10,0,10
"w_653380","treatment",2019-02-05,0,10
"w_327654","treatment",2025-03-28,18,10
"w_700304","treatment",2019-11-27,4,8
"w_369432","treatment",2022-09-17,2,18
"w_818315","treatment",2022-10-07,1,6
"w_318811","treatment",2018-10-04,0,8
"w_678763","control",2022-10-15,0,15
"w_993863","treatment",2025-10-04,0,8
"w_464570","treatment",2023-07-26,0,14
"w_133209","control",2021-08-05,0,12
"w_353920","treatment",2024-06-04,3,8
"w_388193","treatment",2019-01-09,9,12
"w_591003","treatment",2018-10-07,0,11
"w_320208","control",2022-02-15,0,9
"w_652840","treatment",2018-11-25,48,7
"w_578581","treatment",2022-06-28,3,8
"w_715271","control",2019-11-08,0,11
"w_436770","treatment",2022-12-21,1,8
"w_629825","control",2025-10-17,0,14
"w_377410","control",2020-02-24,3,11
"w_758621","treatment",2020-12-11,0,7
"w_877077","control",2022-12-04,2,10
"w_235544","control",2026-06-26,0,8
"w_632507","control",2023-11-01,0,6
"w_185120","control",2022-08-16,0,3
"w_653378","control",2021-12-29,1,7
"w_660393","control",2022-11-21,14,9
"w_992955","treatment",2018-10-21,0,7
"w_139134","control",2019-01-01,0,7
"w_472611","control",2021-07-27,0,6
"w_321272","control",2019-05-26,0,13
"w_730055","control",2024-01-24,0,14
"w_543888","treatment",2018-07-17,0,13
"w_524838","treatment",2025-02-27,0,8
"w_829976","treatment",2019-01-17,0,8
"w_408922","treatment",2019-01-08,3,7
"w_608872","treatment",2024-09-30,0,11
"w_283520","control",2025-11-27,0,10
"w_250263","control",2021-12-08,4,8
"w_793019","treatment",2024-11-08,0,8
"w_830243","treatment",2024-11-07,27,13
"w_526505","treatment",2026-06-21,91,14
"w_166364","control",2021-11-20,5,11
"w_237719","treatment",2025-01-14,13,14
"w_531831","control",2022-05-03,6,14
"w_465677","treatment",2025-02-23,3,13
"w_681601","control",2024-07-24,3,11
"w_707093","treatment",2021-07-11,0,10
"w_734759","control",2022-11-04,0,8
"w_254107","control",2018-09-15,0,7
"w_685460","treatment",2020-02-12,0,10
"w_192572","treatment",2024-06-12,0,11
"w_838364","control",2022-10-18,0,14
"w_242177","treatment",2022-11-08,0,6
"w_770481","control",2020-09-20,0,11
"w_788964","control",2020-03-20,0,15
"w_163517","treatment",2023-03-14,3,14
"w_246948","control",2019-12-18,4,10
"w_917337","treatment",2022-03-11,0,8
"w_155232","control",2023-08-15,0,8
"w_217671","treatment",2020-07-14,16,12
"w_107731","control",2025-07-04,2,7
"w_833194","treatment",2020-01-05,4,13
"w_121266","control",2022-02-21,47,4
"w_266097","treatment",2021-12-01,0,7
"w_434074","control",2022-04-26,2,9
"w_805534","control",2019-12-15,1,9
"w_909507","control",2025-01-05,0,7
"w_244297","treatment",2020-06-08,0,9
"w_565590","control",2019-10-13,14,6
"w_588913","control",2026-05-03,0,11
"w_473606","treatment",2020-12-01,4,15
"w_930860","treatment",2026-05-07,0,13
"w_484029","treatment",2025-12-10,0,7
"w_572330","treatment",2025-06-22,0,7
"w_970431","treatment",2019-02-21,3,15
"w_414743","treatment",2025-06-06,0,12
"w_329178","treatment",2019-11-19,0,12
"w_867638","treatment",2023-02-05,0,12
"w_106945","control",2024-04-16,0,11
"w_693545","treatment",2022-02-25,0,14
"w_164417","control",2025-01-01,0,11
"w_169288","treatment",2018-09-19,1,8
"w_432708","control",2024-04-11,0,8
"w_957036","treatment",2022-10-19,11,14
"w_330979","control",2019-06-13,0,11
"w_912608","treatment",2023-06-04,0,10
"w_312066","control",2023-06-09,0,4
"w_677882","treatment",2019-10-06,6,10
"w_601048","treatment",2019-03-03,0,8
"w_418380","control",2024-03-24,4,7
"w_364682","treatment",2023-07-23,0,12
"w_556846","control",2021-07-26,0,7
"w_713684","control",2020-08-01,0,7
"w_462591","treatment",2022-11-11,0,7
"w_274305","control",2025-10-11,0,10
"w_147824","treatment",2022-09-24,0,6
"w_255294","treatment",2024-10-20,0,7
"w_297281","control",2019-11-02,0,8
"w_409889","treatment",2026-01-31,0,18
"w_318660","treatment",2022-04-24,0,19
"w_696077","treatment",2019-04-01,14,11
"w_879402","treatment",2023-10-26,4,6
"w_489786","treatment",2019-03-31,0,6
"w_921712","control",2024-01-24,0,11
"w_796699","control",2024-03-06,0,8
"w_824127","treatment",2025-07-15,0,10
"w_702009","treatment",2020-05-25,0,3
"w_815662","treatment",2018-09-30,8,9
"w_395828","control",2024-01-25,18,5
"w_753434","treatment",2020-10-14,0,7
"w_709335","control",2021-08-11,3,10
"w_799055","treatment",2018-08-02,0,6
"w_944431","treatment",2018-06-16,1,12
"w_577094","treatment",2025-01-29,0,11
"w_156781","control",2022-02-27,0,7
"w_674195","control",2018-07-01,3,11
"w_127107","control",2021-05-19,1,13
"w_217534","treatment",2021-06-25,16,10
"w_683197","treatment",2018-07-01,0,6
"w_946655","treatment",2021-11-21,18,11
"w_919655","control",2026-05-28,6,10
"w_335907","treatment",2019-06-19,4,14
"w_734958","treatment",2022-05-24,5,12
"w_129621","treatment",2025-12-27,3,13
"w_353641","control",2023-01-13,0,14
"w_911461","treatment",2024-10-15,11,11
"w_971723","treatment",2021-10-20,0,13
"w_160249","control",2020-02-13,3,9
"w_653540","control",2018-08-13,0,17
"w_979999","treatment",2019-10-30,0,15
"w_980011","treatment",2025-12-08,2,10
"w_167947","control",2020-07-24,0,12
"w_541942","control",2019-11-21,0,11
"w_235554","treatment",2021-04-30,0,10
"w_498250","control",2020-03-28,2,10
"w_598825","control",2024-09-18,0,11
"w_204082","control",2021-10-30,0,14
"w_657986","treatment",2018-10-19,12,12
"w_125961","control",2021-09-03,8,7
"w_681989","treatment",2022-01-09,0,6
"w_194827","control",2022-11-05,0,8
"w_362236","control",2024-11-06,14,11
"w_304754","control",2020-02-11,0,4
"w_105288","control",2020-09-11,0,11
"w_612589","control",2024-01-09,0,6
"w_670093","treatment",2021-12-27,0,10
"w_833447","treatment",2021-12-02,0,8
"w_423044","control",2024-08-23,0,12
"w_771083","control",2023-09-16,9,11
"w_707680","treatment",2021-03-11,3,5
"w_401832","treatment",2019-04-11,2,12
"w_525049","control",2025-09-19,0,8
"w_660724","treatment",2024-04-17,0,9
"w_742700","control",2026-06-14,8,10
"w_748565","treatment",2025-04-06,0,7
"w_137431","control",2024-11-20,1,9
"w_623470","treatment",2022-11-12,0,10
"w_211218","treatment",2020-07-01,0,6
"w_444364","control",2022-06-22,9,11
"w_113509","treatment",2023-04-02,53,9
"w_758125","treatment",2022-12-09,13,7
"w_891628","treatment",2018-12-01,18,11
"w_828187","treatment",2025-07-11,7,11
"w_931179","treatment",2021-12-26,2,11
"w_141995","control",2025-02-22,12,8
"w_851091","control",2024-03-01,4,6
"w_429433","control",2024-06-17,0,10
"w_978974","treatment",2025-12-27,0,12
"w_718914","control",2025-02-11,0,7
"w_265077","control",2023-01-23,12,7
"w_747088","treatment",2022-03-25,0,4
"w_276462","control",2025-05-01,2,15
"w_323511","treatment",2026-06-08,0,16
"w_885183","treatment",2022-03-01,0,11
"w_614145","treatment",2018-06-10,7,9
"w_421965","control",2023-08-26,12,10
"w_112382","control",2019-09-21,2,7
"w_410087","control",2018-11-25,0,11
"w_570250","treatment",2025-02-25,0,16
"w_617473","control",2021-07-07,0,8
"w_933066","control",2026-01-19,8,14
"w_234419","control",2025-05-23,4,10
"w_578719","control",2023-12-17,1,8
"w_283434","treatment",2026-05-26,0,11
"w_392289","control",2024-12-19,0,12
"w_911265","control",2020-11-15,1,9
"w_620881","control",2024-04-06,0,9
"w_684514","treatment",2025-05-20,0,7
"w_146158","treatment",2021-03-07,13,4
"w_156921","treatment",2025-02-06,3,11
"w_943376","control",2021-07-05,0,14
"w_826620","control",2023-11-14,14,12
"w_416365","treatment",2026-03-24,1,6
"w_508713","treatment",2021-11-13,0,6
"w_555790","control",2026-06-04,1,9
"w_101810","treatment",2021-02-15,3,7
"w_563183","treatment",2020-07-08,6,7
"w_784545","control",2024-02-01,17,8
"w_305657","control",2025-06-24,0,8
"w_236678","control",2019-08-22,18,5
"w_944695","control",2019-04-07,1,10
"w_481798","treatment",2023-12-06,0,11
"w_537701","control",2025-03-12,0,8
"w_500510","treatment",2025-03-19,0,10
"w_786829","control",2021-09-07,0,11
"w_978568","control",2024-03-18,32,7
"w_614792","treatment",2019-10-13,8,8
"w_121018","control",2025-10-12,0,8
"w_611336","treatment",2022-03-22,0,11
"w_692527","control",2024-03-09,0,7
"w_174814","control",2025-07-19,0,9
"w_490074","treatment",2024-10-13,0,10
"w_614149","treatment",2025-02-25,3,8
"w_135833","control",2024-12-03,17,9
"w_409305","treatment",2025-08-06,0,11
"w_465193","treatment",2022-09-23,3,8
"w_993353","control",2020-08-15,0,13
"w_640536","treatment",2025-08-22,4,11
"w_964894","treatment",2023-09-09,0,18
"w_750545","treatment",2023-01-04,4,10
"w_696719","treatment",2021-11-26,0,12
"w_887157","treatment",2021-09-22,0,5
"w_930638","control",2023-11-26,2,7
"w_728741","treatment",2018-10-29,4,11
"w_674821","treatment",2023-09-01,0,10
"w_485061","treatment",2024-03-02,0,10
"w_937423","treatment",2019-08-04,3,10
"w_769181","control",2019-06-04,17,5
"w_939683","control",2019-11-01,0,7
"w_551228","treatment",2022-09-06,1,12
"w_222740","control",2023-09-22,0,12
"w_443212","treatment",2025-09-03,1,10
"w_935337","treatment",2021-12-22,0,19
"w_722119","control",2020-11-02,0,9
"w_427667","control",2024-03-14,0,7
"w_110097","control",2020-02-07,4,5
"w_130435","treatment",2025-07-25,4,11
"w_543133","treatment",2021-04-01,0,12
"w_989683","treatment",2019-03-16,20,10
"w_522527","treatment",2021-06-04,14,10
"w_468548","treatment",2023-05-05,0,10
"w_524628","treatment",2023-07-03,0,9
"w_749807","control",2018-06-11,0,15
"w_458622","control",2023-06-17,0,8
"w_816341","treatment",2020-02-12,0,11
"w_448002","treatment",2025-05-02,0,8
"w_251257","treatment",2022-10-31,17,8
"w_445824","treatment",2018-06-04,16,8
"w_486078","treatment",2022-01-24,8,9
"w_362708","treatment",2019-04-15,0,12
"w_568596","treatment",2019-05-19,17,12
"w_822113","treatment",2024-04-08,17,11
"w_269324","control",2018-09-01,2,10
"w_813548","treatment",2018-07-12,0,8
"w_408523","control",2018-12-07,0,7
"w_487857","treatment",2023-12-04,4,8
"w_286691","control",2025-02-14,6,17
"w_437512","treatment",2021-06-21,0,9
"w_200625","treatment",2021-03-11,0,12
"w_755013","treatment",2019-07-20,0,4
"w_485295","control",2025-07-07,18,10
"w_388871","treatment",2025-10-08,0,13
"w_796216","control",2024-03-19,0,10
"w_616209","treatment",2024-01-16,35,7
"w_137442","control",2019-07-02,4,14
"w_711249","control",2019-12-07,0,8
"w_681007","treatment",2023-03-11,3,11
"w_779098","control",2019-09-28,3,9
"w_176915","treatment",2025-07-03,4,11
"w_186356","treatment",2018-11-21,3,13
"w_170977","treatment",2021-02-09,0,8
"w_474319","control",2022-02-19,0,13
"w_648626","control",2024-11-05,9,13
"w_392324","control",2019-12-19,0,9
"w_185649","control",2022-04-18,0,7
"w_827736","treatment",2020-01-24,1,12
"w_462073","control",2020-12-29,0,15
"w_666634","treatment",2021-12-27,0,11
"w_584675","control",2024-11-06,0,18
"w_569406","control",2019-09-12,0,10
"w_203422","control",2019-10-17,0,7
"w_995976","treatment",2026-06-20,19,13
"w_667357","treatment",2020-02-08,0,9
"w_860047","treatment",2019-04-22,43,15
"w_202860","control",2019-11-22,0,11
"w_192063","control",2022-01-26,38,14
"w_460029","treatment",2026-02-08,0,6
"w_438938","treatment",2026-03-29,2,6
"w_695283","treatment",2025-10-19,1,8
"w_780555","treatment",2019-03-21,0,10
"w_736474","treatment",2022-12-12,4,7
"w_438976","treatment",2024-10-05,4,13
"w_342611","control",2022-06-25,0,9
"w_968973","treatment",2024-04-07,0,9
"w_925167","treatment",2019-06-17,0,12
"w_123244","control",2020-09-25,1,9
"w_624533","control",2018-12-03,2,10
"w_870687","treatment",2019-05-10,3,8
"w_162309","treatment",2018-10-23,0,7
"w_568129","control",2020-02-12,0,15
"w_711077","control",2023-02-06,0,8
"w_987858","treatment",2025-01-25,0,11
"w_241624","control",2019-07-09,0,7
"w_530170","treatment",2025-02-20,0,10
"w_972957","treatment",2023-07-15,0,12
"w_957189","control",2024-11-23,0,9
"w_439745","treatment",2023-09-01,0,11
"w_823715","treatment",2022-12-15,3,12
"w_356424","treatment",2025-04-10,0,18
"w_877937","treatment",2020-02-26,0,16
"w_335541","control",2019-02-05,0,8
"w_661622","treatment",2019-03-15,0,8
"w_606892","control",2022-11-11,11,6
"w_224811","control",2022-03-17,12,8
"w_949520","control",2020-09-09,0,7
"w_357034","control",2024-10-09,0,7
"w_103927","treatment",2026-07-02,0,12
"w_494272","control",2020-08-30,47,15
"w_348133","treatment",2023-06-29,0,12
"w_772534","treatment",2025-06-06,9,10
"w_109674","treatment",2025-11-23,0,8
"w_869414","control",2023-07-05,0,4
"w_212301","control",2018-11-15,4,9
"w_173465","control",2024-05-20,0,8
"w_646415","control",2021-10-05,0,7
"w_116289","control",2025-12-07,0,10
"w_964690","control",2021-04-13,39,12
"w_669065","control",2025-09-29,11,14
"w_778046","control",2026-07-06,8,11
"w_508922","control",2022-01-12,0,11
"w_434524","treatment",2021-01-19,7,12
"w_482400","control",2021-06-05,0,17
"w_263110","control",2024-04-04,0,7
"w_562803","control",2023-03-11,0,10
"w_561197","control",2020-02-06,0,14
"w_137866","control",2023-11-15,0,12
"w_758167","treatment",2019-06-23,4,13
"w_576179","treatment",2025-05-10,1,9
"w_861563","treatment",2020-04-16,0,15
"w_771859","treatment",2022-02-21,3,10
"w_868723","control",2026-05-20,2,9
"w_827441","control",2021-03-26,7,10
"w_847987","control",2022-09-11,0,9
"w_620462","treatment",2024-11-15,0,7
"w_249478","treatment",2023-07-14,2,10
"w_168328","control",2023-04-21,0,12
"w_730810","control",2024-03-30,4,13
"w_235491","control",2019-09-29,17,15
"w_611528","control",2020-08-06,0,11
"w_265802","control",2020-08-05,3,4
"w_102377","treatment",2020-11-10,0,7
"w_125334","control",2021-03-19,0,10
"w_911169","control",2025-07-16,0,8
"w_181500","treatment",2024-04-02,3,8
"w_554401","control",2024-05-20,3,8
"w_203182","control",2024-05-17,24,14
"w_104413","treatment",2022-02-21,0,9
"w_282535","treatment",2024-09-26,0,7
"w_704173","control",2024-03-17,3,8
"w_911141","control",2020-01-02,0,8
"w_478484","treatment",2025-04-01,6,8
"w_187381","treatment",2021-09-01,2,12
"w_553734","treatment",2018-09-15,1,5
"w_525245","control",2024-08-24,0,7
"w_200919","treatment",2021-09-25,9,20
"w_635106","control",2026-03-19,93,9
"w_243903","control",2025-06-06,4,7
"w_154122","treatment",2020-10-05,3,8
"w_969965","treatment",2019-03-13,0,10
"w_754425","treatment",2024-06-26,14,9
"w_639037","control",2022-09-15,4,17
"w_519439","treatment",2020-07-14,0,10
"w_243152","control",2021-07-23,6,6
"w_774281","control",2025-12-25,0,10
"w_232762","treatment",2025-12-05,0,6
"w_463368","treatment",2025-04-18,2,11
"w_572458","treatment",2026-05-19,0,12
"w_860579","control",2019-08-31,0,13
"w_731321","control",2026-06-02,1,10
"w_430160","control",2019-03-19,17,10
"w_312584","control",2025-07-01,12,11
"w_410845","treatment",2020-11-28,2,10
"w_180928","treatment",2023-02-02,0,2
"w_333919","treatment",2023-11-27,0,10
"w_140517","control",2025-01-24,3,5
"w_552418","treatment",2022-03-25,0,15
"w_649733","control",2023-03-21,7,12
"w_758658","treatment",2024-01-25,0,9
"w_504999","control",2023-03-27,2,11
"w_898415","treatment",2021-06-18,0,7
"w_278315","control",2019-05-20,0,10
"w_761771","control",2025-03-05,0,7
"w_388788","treatment",2020-08-09,1,7
"w_172796","treatment",2022-11-02,0,8
"w_182302","treatment",2024-03-26,0,11
"w_759124","control",2025-10-02,0,13
"w_514863","control",2023-05-13,0,4
"w_148812","treatment",2020-12-14,15,19
"w_154691","treatment",2022-01-20,16,8
"w_569887","control",2018-11-25,9,11
"w_327822","control",2022-06-28,1,6
"w_566810","control",2021-01-23,0,11
"w_623577","treatment",2023-09-12,0,4
"w_780967","control",2018-10-15,0,9
"w_837616","treatment",2024-04-08,0,11
"w_834299","control",2022-10-17,1,13
"w_223651","control",2024-10-29,3,11
"w_476374","control",2018-06-05,0,11
"w_297286","control",2018-12-09,4,12
"w_612004","control",2022-05-08,0,9
"w_362115","control",2021-06-30,0,12
"w_220886","treatment",2018-12-01,0,14
"w_165525","treatment",2021-02-11,0,11
"w_155095","treatment",2021-08-31,0,7
"w_965670","control",2025-07-28,0,12
"w_837378","treatment",2023-06-09,4,6
"w_300308","control",2022-02-03,0,14
"w_580167","control",2021-05-14,1,7
"w_576589","control",2023-08-20,0,13
"w_486953","control",2023-01-18,0,8
"w_975587","control",2020-05-25,7,10
"w_930139","control",2026-01-21,0,5
"w_734926","control",2021-02-05,1,11
"w_572498","control",2020-01-16,0,13
"w_201861","treatment",2018-12-09,16,8
"w_776151","control",2025-09-18,0,11
"w_643028","treatment",2020-10-24,0,8
"w_548709","control",2023-08-08,0,8
"w_220567","treatment",2020-02-08,1,4
"w_101628","treatment",2026-06-29,5,9
"w_297284","treatment",2023-09-02,2,13
"w_986809","treatment",2021-03-16,10,14
"w_826804","treatment",2023-11-19,0,8
"w_882926","treatment",2023-02-11,0,6
"w_555950","treatment",2022-04-12,0,14
"w_788047","control",2024-10-21,0,14
"w_136606","control",2024-08-05,0,15
"w_640809","control",2019-11-04,5,10
"w_381381","treatment",2019-04-17,0,17
"w_719070","control",2025-12-20,2,11
"w_928686","control",2019-01-10,12,16
"w_869317","treatment",2018-06-05,0,7
"w_746149","control",2024-10-04,0,5
"w_886763","control",2022-11-17,2,12
"w_598405","control",2020-07-11,0,12
"w_364276","treatment",2018-06-06,11,15
"w_230705","treatment",2023-06-10,4,7
"w_607431","control",2020-07-24,3,14
"w_476973","control",2021-07-23,6,12
"w_375752","treatment",2018-08-30,0,14
"w_771311","control",2023-09-02,11,6
"w_269012","treatment",2023-05-01,16,10
"w_471354","treatment",2018-12-04,5,12
"w_523118","control",2021-07-25,0,16
"w_532795","control",2020-01-22,19,11
"w_673074","treatment",2024-03-12,0,9
"w_132517","control",2019-08-29,0,11
"w_562317","treatment",2021-10-23,0,7
"w_831702","treatment",2022-01-28,0,8
"w_165250","control",2020-07-24,2,11
"w_537455","control",2018-08-25,4,11
"w_368368","treatment",2020-01-05,0,10
"w_931588","treatment",2026-06-11,1,10
"w_752603","control",2020-10-20,0,17
"w_681559","control",2022-07-23,19,14
"w_369750","treatment",2021-07-21,0,6
"w_844786","treatment",2020-05-18,0,16
"w_620627","treatment",2018-08-23,0,9
"w_928786","treatment",2022-07-20,0,7
"w_736309","control",2023-05-27,0,14
"w_109015","treatment",2022-10-11,2,11
"w_146023","control",2026-05-27,0,12
"w_533223","treatment",2018-07-11,1,10
"w_900859","control",2026-07-03,0,11
"w_925622","treatment",2021-02-07,3,3
"w_436945","treatment",2026-03-15,0,13
"w_236839","treatment",2024-01-27,72,8
"w_947667","control",2021-05-05,0,8
"w_745483","treatment",2026-01-28,0,10
"w_344096","control",2018-10-29,2,14
"w_800603","control",2025-11-20,17,14
"w_601248","treatment",2018-09-22,0,12
"w_980422","treatment",2020-05-01,0,6
"w_253427","treatment",2022-01-08,0,11
"w_497238","treatment",2022-12-18,0,9
"w_330994","control",2025-06-08,16,11
"w_114223","treatment",2021-05-21,0,11
"w_241689","treatment",2020-09-06,0,6
"w_484667","treatment",2021-09-11,4,8
"w_505641","treatment",2023-10-22,0,6
"w_346960","control",2021-12-29,1,10
"w_825982","treatment",2025-06-20,13,4
"w_588275","treatment",2018-08-20,0,9
"w_337767","control",2025-12-14,17,13
"w_383874","treatment",2019-04-11,12,8
"w_553510","treatment",2025-03-23,0,12
"w_256594","control",2024-07-25,1,6
"w_840163","treatment",2019-07-09,14,9
"w_705963","control",2019-12-08,0,10
"w_451520","treatment",2020-12-02,0,6
"w_450481","control",2018-11-25,1,6
"w_413578","control",2022-10-13,44,8
"w_526665","treatment",2023-08-08,0,12
"w_770069","treatment",2025-06-04,0,8
"w_660545","control",2021-12-27,0,11
"w_264281","control",2019-03-18,0,8
"w_501618","control",2021-12-22,10,10
"w_907306","treatment",2020-09-12,4,10
"w_331928","control",2019-06-04,0,16
"w_869716","treatment",2021-12-18,0,7
"w_387217","control",2021-05-18,17,12
"w_653234","treatment",2019-05-26,0,13
"w_693712","control",2024-08-04,7,7
"w_326472","control",2021-07-15,0,11
"w_676143","control",2024-11-13,0,12
"w_656365","treatment",2018-07-06,0,10
"w_532634","control",2024-07-11,0,9
"w_941131","control",2024-01-19,0,6
"w_566671","control",2023-06-14,0,15
"w_279084","control",2022-01-24,0,15
"w_967865","control",2024-11-23,11,10
"w_980958","control",2025-07-05,3,13
"w_141023","control",2020-04-12,0,8
"w_435520","treatment",2022-03-03,0,8
"w_812552","treatment",2020-09-15,0,10
"w_344503","treatment",2020-12-30,9,11
"w_574373","treatment",2019-03-27,18,10
"w_220514","treatment",2020-10-11,0,12
"w_559563","treatment",2022-05-28,0,15
"w_779660","treatment",2020-10-23,0,8
"w_555076","treatment",2019-10-16,0,14
"w_795301","control",2019-10-18,0,6
"w_653313","control",2025-09-17,0,10
"w_263430","control",2025-09-09,0,4
"w_915492","treatment",2023-08-27,1,10
"w_576023","treatment",2021-10-22,0,7
"w_401908","control",2019-03-11,0,6
"w_581095","control",2025-07-01,1,7
"w_674052","treatment",2022-01-07,15,9
"w_155477","treatment",2026-03-23,0,7
"w_724804","control",2018-11-14,17,8
"w_810956","treatment",2023-03-19,0,7
"w_223817","treatment",2022-01-21,0,10
"w_787172","control",2022-10-03,0,15
"w_125890","control",2019-06-02,3,6
"w_126601","treatment",2023-04-04,0,5
"w_820402","treatment",2024-11-26,0,11
"w_316910","control",2019-04-12,9,17
"w_154433","control",2019-08-13,0,12
"w_348135","treatment",2019-10-14,0,8
"w_828302","control",2025-10-06,0,12
"w_889181","control",2020-10-08,0,7
"w_207522","control",2022-06-18,0,11
"w_727727","treatment",2022-03-28,89,10
"w_905020","treatment",2026-05-20,0,9
"w_399874","control",2026-02-27,9,11
"w_329197","treatment",2020-10-22,40,11
"w_297582","control",2023-05-25,0,11
"w_756265","treatment",2020-07-28,0,11
"w_975399","control",2026-03-06,14,11
"w_315624","treatment",2019-09-27,0,16
"w_444098","treatment",2018-08-07,15,13
"w_432340","control",2019-11-03,0,13
"w_810307","control",2025-02-12,0,11
"w_200229","treatment",2024-02-17,16,6
"w_570850","control",2024-02-23,4,6
"w_455873","treatment",2024-10-27,2,12
"w_192818","treatment",2020-05-13,7,9
"w_664972","treatment",2020-05-15,0,7
"w_287216","control",2026-03-16,0,12
"w_904399","control",2024-02-29,0,15
"w_255226","treatment",2025-03-23,0,7
"w_938794","treatment",2024-08-31,16,12
"w_634154","treatment",2024-12-23,1,11
"w_221671","treatment",2019-09-08,0,10
"w_244051","treatment",2025-02-10,16,12
"w_525853","treatment",2026-03-23,14,9
"w_133001","control",2018-06-01,3,8
"w_860969","control",2021-04-12,0,8
"w_661327","control",2020-01-12,0,13
"w_539767","treatment",2019-08-15,2,10
"w_461323","treatment",2025-07-31,0,4
"w_544208","treatment",2020-06-02,2,12
"w_721672","control",2023-05-13,0,8
"w_434112","treatment",2022-01-31,0,11
"w_281336","control",2019-08-16,9,6
"w_648706","control",2025-10-03,38,10
"w_912893","control",2026-05-17,0,11
"w_459371","treatment",2021-07-06,0,9
"w_213219","control",2020-11-20,2,12
"w_718070","treatment",2021-11-15,12,10
"w_409584","treatment",2023-02-13,2,8
"w_336845","control",2025-09-14,2,5
"w_695908","treatment",2025-02-20,0,9
"w_133411","control",2025-09-17,0,8
"w_778007","control",2018-10-24,14,12
"w_390820","treatment",2025-12-01,18,7
"w_932074","control",2025-11-25,0,8
"w_835923","control",2022-10-23,0,13
"w_714709","treatment",2024-01-11,0,7
"w_763419","treatment",2025-04-08,3,7
"w_884979","treatment",2025-08-07,0,14
"w_282259","control",2021-11-26,0,8
"w_383718","control",2020-02-03,0,7
"w_884712","treatment",2020-07-13,5,5
"w_337012","treatment",2021-03-07,14,7
"w_586844","control",2025-02-13,1,8
"w_208437","treatment",2024-11-05,18,11
"w_313741","control",2022-06-08,11,9
"w_551603","treatment",2026-02-14,2,5
"w_392575","treatment",2019-12-19,12,10
"w_922052","treatment",2019-10-19,1,5
"w_243619","treatment",2021-06-26,0,8
"w_587535","control",2025-11-22,7,11
"w_457083","control",2020-03-25,0,12
"w_961552","control",2018-08-27,3,13
"w_537551","control",2025-08-21,4,9
"w_210956","control",2024-01-07,0,9
"w_418067","control",2023-05-13,0,10
"w_509997","treatment",2021-12-26,14,15
"w_523122","treatment",2021-02-15,3,14
"w_245709","control",2022-04-21,0,7
"w_442780","control",2018-08-12,2,15
"w_694342","treatment",2024-04-10,0,18
"w_129820","control",2026-04-20,0,10
"w_466899","control",2025-06-03,6,7
"w_941236","control",2025-01-03,2,9
"w_558691","control",2019-11-16,0,10
"w_874729","control",2023-01-07,0,13
"w_600089","control",2018-06-10,0,10
"w_988684","treatment",2024-03-15,0,16
"w_976286","treatment",2019-06-25,0,8
"w_722425","treatment",2025-08-30,0,10
"w_902861","control",2022-01-25,0,10
"w_764653","control",2021-05-14,0,14
"w_368892","treatment",2022-07-30,0,7
"w_452517","control",2024-10-19,2,8
"w_448278","control",2026-06-05,2,12
"w_424013","control",2021-06-17,18,10
"w_796009","control",2021-03-08,1,6
"w_291119","treatment",2025-09-06,0,10
"w_908290","control",2020-04-25,0,11
"w_981760","control",2019-02-17,80,6
"w_106770","treatment",2021-01-02,0,5
"w_144374","treatment",2019-10-12,14,12
"w_416476","treatment",2025-05-10,0,11
"w_854961","control",2021-01-02,0,10
"w_503352","control",2022-04-16,0,4
"w_484648","control",2022-06-02,0,6
"w_993712","control",2021-08-28,0,9
"w_347545","treatment",2021-03-13,2,11
"w_479549","control",2024-06-29,14,4
"w_253977","control",2019-08-01,7,9
"w_269017","control",2024-07-27,3,10
"w_275604","treatment",2019-06-29,0,13
"w_282333","control",2023-11-21,0,5
"w_203893","control",2023-03-28,2,6
"w_791789","treatment",2019-09-30,2,15
"w_819040","treatment",2025-09-17,0,11
"w_745852","treatment",2023-03-08,6,11
"w_913553","treatment",2020-07-12,19,10
"w_477509","control",2023-04-07,0,11
"w_160142","treatment",2025-12-07,0,13
"w_505335","control",2022-03-09,14,15
"w_193941","control",2025-01-20,0,11
"w_580285","treatment",2024-04-13,0,10
"w_215295","control",2022-10-18,0,8
"w_460565","treatment",2021-06-07,0,12
"w_992492","control",2021-10-21,0,13
"w_955287","treatment",2023-01-07,1,12
"w_273797","control",2019-12-13,0,17
"w_820071","control",2024-12-25,3,7
"w_862262","control",2024-09-16,0,11
"w_941335","treatment",2021-05-15,0,8
"w_221734","control",2024-02-01,0,4
"w_620158","treatment",2018-11-13,0,8
"w_388335","treatment",2025-09-12,4,7
"w_702211","treatment",2022-01-13,0,10
"w_596339","control",2022-06-21,2,10
"w_640464","control",2023-10-11,4,8
"w_597058","control",2021-06-20,3,12
"w_852268","control",2019-11-24,3,11
"w_406299","treatment",2020-05-31,0,13
"w_313273","treatment",2024-11-09,0,12
"w_445888","control",2020-06-02,7,8
"w_844089","treatment",2019-08-21,0,18
"w_161938","treatment",2021-10-28,0,17
"w_947033","control",2025-04-02,5,4
"w_920741","control",2021-08-10,19,10
"w_846213","treatment",2024-11-05,0,12
"w_656611","control",2022-09-03,0,7
"w_835312","control",2026-05-14,0,13
"w_299244","control",2021-03-25,0,10
"w_449840","treatment",2018-09-03,0,8
"w_925070","control",2020-12-07,2,8
"w_773654","treatment",2025-12-19,0,14
"w_349438","treatment",2024-09-11,0,10
"w_309915","control",2025-03-18,0,8
"w_217296","treatment",2023-04-29,17,7
"w_100801","treatment",2026-03-16,18,9
"w_649255","control",2020-05-14,3,11
"w_629510","treatment",2024-04-11,0,10
"w_112831","treatment",2023-01-20,2,10
"w_667312","treatment",2024-12-23,3,12
"w_867709","treatment",2024-04-15,1,8
"w_179457","control",2021-11-24,0,3
"w_356092","control",2026-06-09,0,6
"w_375030","control",2021-02-19,13,15
"w_182717","treatment",2024-02-25,0,10
"w_426402","treatment",2021-08-12,13,12
"w_931100","treatment",2026-05-30,0,13
"w_845344","control",2018-09-14,35,8
"w_737484","treatment",2024-05-11,0,13
"w_188015","control",2023-12-28,15,9
"w_627050","treatment",2018-10-14,1,8
"w_594385","treatment",2020-01-19,1,14
"w_479427","treatment",2025-08-21,8,13
"w_154342","treatment",2018-09-22,0,11
"w_909619","treatment",2018-10-12,1,6
"w_146262","treatment",2021-08-15,0,14
"w_629841","control",2019-08-31,1,14
"w_619511","treatment",2019-03-25,2,7
"w_147403","control",2024-12-15,79,9
"w_157972","treatment",2024-04-27,2,8
"w_837571","control",2021-05-15,0,14
"w_111763","control",2022-04-01,12,6
"w_616367","control",2020-05-03,0,9
"w_747155","treatment",2025-04-27,4,11
"w_442736","control",2025-09-23,4,14
"w_832679","treatment",2025-04-09,0,8
"w_379843","control",2020-01-18,0,6
"w_249386","treatment",2023-05-28,0,8
"w_521827","treatment",2025-11-28,19,12
"w_119257","control",2018-10-19,0,10
"w_360305","treatment",2025-01-11,1,19
"w_242705","control",2020-04-29,2,17
"w_660397","treatment",2026-05-08,0,8
"w_597341","control",2020-10-25,0,6
"w_670378","control",2022-04-12,4,7
"w_912481","treatment",2023-06-18,0,10
"w_659961","treatment",2023-04-29,2,11
"w_468648","treatment",2019-04-06,0,10
"w_501065","control",2025-12-06,11,16
"w_415245","treatment",2025-09-29,1,10
"w_796651","control",2021-07-26,0,13
"w_754254","control",2018-07-03,0,15
"w_233001","control",2021-08-11,5,9
"w_203582","treatment",2019-12-16,0,10
"w_292824","treatment",2019-07-30,19,18
"w_373727","control",2020-11-30,17,7
"w_967985","control",2020-07-12,0,10
"w_926699","treatment",2025-09-07,2,13
"w_513618","treatment",2021-08-12,0,10
"w_457845","treatment",2023-11-06,4,8
"w_961915","treatment",2023-10-21,19,9
"w_472090","treatment",2020-04-17,0,13
"w_296416","control",2025-07-18,0,10
"w_978827","treatment",2019-11-23,0,13
"w_605034","treatment",2026-06-01,0,7
"w_952272","control",2019-06-29,0,11
"w_918392","control",2025-08-06,1,8
"w_925982","treatment",2025-03-28,0,17
"w_473499","control",2019-02-24,0,7
"w_144854","control",2024-02-22,1,11
"w_611208","treatment",2020-11-11,4,8
"w_792318","treatment",2018-09-02,0,9
"w_344500","treatment",2021-06-30,4,6
"w_967434","treatment",2022-07-05,0,7
"w_250514","treatment",2024-05-25,0,11
"w_357708","control",2018-06-30,0,7
"w_605030","treatment",2024-03-16,0,6
"w_945638","treatment",2021-06-20,0,10
"w_911536","treatment",2020-03-27,0,14
"w_350091","control",2026-01-14,0,9
"w_892560","control",2023-05-29,0,9
"w_797671","treatment",2020-09-06,0,10
"w_516083","treatment",2020-02-24,3,19
"w_337764","treatment",2022-09-21,3,6
"w_458467","treatment",2023-11-14,3,9
"w_811171","treatment",2021-06-30,0,10
"w_425095","treatment",2019-01-07,0,12
"w_740431","control",2025-02-18,1,11
"w_714411","treatment",2025-02-18,0,9
"w_458512","control",2024-02-16,0,9
"w_986134","treatment",2019-09-20,4,13
"w_350004","control",2025-05-26,0,10
"w_178539","control",2022-08-26,0,10
"w_478449","control",2021-04-15,0,9
"w_164556","treatment",2025-08-05,0,10
"w_684349","control",2021-05-11,3,8
"w_910657","control",2019-05-30,0,6
"w_443359","treatment",2025-03-20,5,13
"w_404141","treatment",2025-04-17,0,8
"w_409280","treatment",2020-01-30,0,8
"w_600222","control",2021-04-25,17,11
"w_344990","control",2022-08-19,11,12
"w_341107","control",2019-10-13,0,13
"w_231094","treatment",2024-12-20,20,14
"w_769103","control",2020-11-16,0,12
"w_511308","control",2021-06-21,0,13
"w_249598","treatment",2024-05-14,0,12
"w_172575","control",2025-11-13,0,8
"w_422608","control",2023-07-03,0,12
"w_576539","treatment",2024-08-14,0,12
"w_987500","treatment",2022-11-20,4,15
"w_110182","control",2025-03-24,0,9
"w_281271","control",2019-01-31,0,7
"w_790580","treatment",2026-01-13,0,10
"w_354804","treatment",2018-11-25,11,12
"w_967058","treatment",2025-11-01,0,9
"w_846192","control",2019-01-22,0,7
"w_815573","control",2018-06-25,18,7
"w_371546","treatment",2023-02-05,0,14
"w_399328","control",2022-11-21,0,16
"w_752436","treatment",2018-11-16,0,12
"w_285639","treatment",2025-08-14,4,14
"w_922152","treatment",2022-01-26,6,13
"w_818556","control",2023-10-26,0,9
"w_540657","treatment",2018-08-14,0,8
"w_920829","treatment",2021-12-13,0,5
"w_146846","control",2025-12-09,3,10
"w_199118","treatment",2024-06-25,0,9
"w_411137","control",2025-04-26,0,9
"w_511107","treatment",2024-02-18,0,13
"w_770588","treatment",2020-06-08,0,12
"w_184346","control",2019-07-11,3,10
"w_335733","treatment",2025-03-10,0,15
"w_254857","control",2020-03-15,0,9
"w_395980","treatment",2022-04-23,0,10
"w_330356","control",2024-03-13,1,4
"w_786111","treatment",2021-01-30,0,15
"w_844121","treatment",2022-05-31,2,12
"w_561412","control",2019-02-24,0,16
"w_746737","control",2024-12-12,0,10
"w_482791","treatment",2024-02-26,16,6
"w_392797","control",2022-01-21,0,8
"w_833866","control",2021-03-29,4,7
"w_614829","control",2022-08-11,2,8
"w_519779","control",2024-04-01,0,9
"w_874273","treatment",2019-02-26,0,8
"w_662415","treatment",2026-04-23,0,10
"w_494793","treatment",2023-02-24,0,6
"w_939510","control",2025-10-17,0,9
"w_782340","control",2022-06-10,35,14
"w_743734","control",2023-03-13,2,8
"w_535648","control",2026-04-02,0,16
"w_682409","treatment",2020-11-30,2,10
"w_921531","control",2020-01-02,0,8
"w_815611","control",2022-03-30,19,5
"w_509789","treatment",2025-01-30,8,8
"w_333691","control",2021-08-21,0,8
"w_641656","control",2020-12-04,0,11
"w_287595","control",2025-04-08,3,5
"w_409163","treatment",2026-04-30,2,11
"w_786078","control",2020-02-14,0,5
"w_294918","treatment",2020-09-12,0,8
"w_752058","treatment",2024-11-26,3,7
"w_688366","control",2026-05-28,9,13
"w_923580","treatment",2021-09-10,14,10
"w_935001","treatment",2020-11-27,0,16
"w_493877","treatment",2018-12-03,0,7
"w_571170","control",2024-03-15,0,9
"w_817989","treatment",2025-11-17,0,15
"w_897163","treatment",2024-02-13,2,11
"w_141986","control",2024-02-11,0,9
"w_728928","control",2019-06-06,0,13
"w_369585","treatment",2023-05-27,0,9
"w_943141","treatment",2023-03-24,3,10
"w_639337","control",2021-12-30,3,11
"w_786782","treatment",2020-06-28,3,8
"w_825445","control",2021-07-10,0,14
"w_554632","control",2022-01-25,0,11
"w_837362","control",2023-09-16,0,11
"w_139370","control",2026-03-02,0,5
"w_590373","treatment",2025-01-07,0,15
"w_825510","control",2026-01-13,0,7
"w_766491","control",2021-06-19,3,5
"w_458966","control",2018-06-25,8,8
"w_790285","control",2021-07-06,0,6
"w_289948","treatment",2020-08-10,9,14
"w_852407","treatment",2020-04-18,0,18
"w_763592","control",2019-10-31,0,7
"w_304859","treatment",2018-07-24,0,10
"w_647654","control",2019-04-18,0,15
"w_497466","control",2018-10-24,0,15
"w_450662","treatment",2020-02-08,0,11
"w_125987","treatment",2022-06-06,0,10
"w_174957","treatment",2021-07-07,13,10
"w_819912","treatment",2026-01-26,0,7
"w_980730","treatment",2026-03-21,4,11
"w_788184","treatment",2018-10-02,0,10
"w_409727","treatment",2021-01-18,0,13
"w_611534","treatment",2024-12-08,0,7
"w_116571","control",2021-08-16,4,11
"w_213994","treatment",2021-04-12,0,9
"w_283465","treatment",2025-06-15,0,8
"w_216790","control",2025-08-11,11,10
"w_308213","control",2024-07-05,1,9
"w_319208","treatment",2019-02-06,0,10
"w_970683","control",2020-03-25,0,4
"w_149892","control",2023-06-13,0,9
"w_197949","treatment",2023-08-03,0,9
"w_541637","treatment",2024-06-29,0,13
"w_145437","treatment",2022-03-04,4,8
"w_400889","treatment",2022-12-24,0,8
"w_356323","treatment",2024-12-16,32,6
"w_508642","treatment",2025-01-08,0,9
"w_619648","control",2025-06-01,0,10
"w_352419","treatment",2018-09-03,0,11
"w_630364","treatment",2024-07-25,3,11
"w_238804","control",2019-01-21,1,7
"w_352829","control",2025-02-10,14,11
"w_484689","treatment",2026-01-10,0,4
"w_421394","control",2026-01-30,0,8
"w_100148","treatment",2026-07-11,0,6
"w_579179","treatment",2018-11-20,0,11
"w_473005","control",2022-03-20,6,8
"w_774119","treatment",2019-04-13,16,12
"w_875880","treatment",2024-09-22,0,11
"w_763960","treatment",2024-04-28,0,12
"w_999368","treatment",2020-09-11,1,9
"w_351768","treatment",2018-10-18,0,10
"w_192913","control",2020-04-07,0,13
"w_522180","control",2025-04-05,0,6
"w_964466","control",2022-03-26,0,15
"w_509706","control",2020-12-26,0,7
"w_691135","treatment",2026-05-30,92,14
"w_517530","treatment",2024-01-27,1,13
"w_286013","treatment",2021-01-05,0,10
"w_482874","treatment",2026-02-27,14,10
"w_244121","control",2018-07-12,13,8
"w_291348","control",2023-06-21,0,11
"w_885862","treatment",2018-06-08,0,8
"w_189901","treatment",2018-10-25,2,3
"w_229332","control",2025-11-10,8,6
"w_528190","treatment",2026-01-27,15,9
"w_738442","treatment",2019-06-23,0,6
"w_808223","control",2024-10-06,3,7
"w_247941","treatment",2021-02-01,0,10
"w_973872","control",2025-11-30,0,12
"w_388200","control",2022-04-26,6,12
"w_727067","treatment",2023-10-07,21,8
"w_147786","control",2019-05-07,0,11
"w_535484","treatment",2020-02-24,0,10
"w_232473","control",2025-05-09,4,12
"w_421344","control",2019-07-29,17,13
"w_105686","control",2019-11-14,0,13
"w_449196","control",2023-10-27,4,4
"w_277708","treatment",2022-03-22,2,16
"w_218884","control",2024-01-31,0,11
"w_984372","control",2019-04-07,1,7
"w_292038","control",2019-07-25,0,8
"w_454462","control",2026-02-16,11,11
"w_927119","treatment",2021-04-13,0,11
"w_426149","control",2024-10-06,10,14
"w_492648","treatment",2024-05-05,2,10
"w_309886","treatment",2022-04-11,0,11
"w_438413","control",2019-02-04,0,12
"w_126219","control",2026-04-19,4,17
"w_121807","treatment",2025-12-22,3,9
"w_260151","treatment",2024-06-14,0,6
"w_663331","treatment",2023-11-04,4,12
"w_165181","control",2024-06-19,5,9
"w_210350","control",2019-12-14,2,9
"w_975631","control",2025-09-27,19,14
"w_683908","treatment",2023-05-06,1,13
"w_563463","treatment",2020-09-09,5,18
"w_134220","treatment",2021-09-24,0,10
"w_459491","control",2019-07-14,0,11
"w_857025","treatment",2024-01-20,0,13
"w_301778","control",2021-01-27,0,7
"w_171100","treatment",2020-01-06,0,12
"w_187894","treatment",2021-05-23,0,11
"w_237053","control",2026-03-12,0,6
"w_268698","control",2019-03-31,8,10
"w_543803","control",2022-11-11,0,13
"w_753295","treatment",2022-06-08,4,15
"w_822245","control",2019-09-23,0,12
"w_505061","treatment",2025-02-10,0,10
"w_598910","treatment",2026-01-08,0,12
"w_162389","control",2018-08-25,3,8
"w_981447","control",2020-01-19,0,8
"w_857091","treatment",2022-01-25,0,15
"w_977856","treatment",2020-02-21,0,9
"w_407923","control",2022-04-18,0,6
"w_423009","control",2019-02-13,0,5
"w_985289","control",2025-07-10,2,8
"w_578568","treatment",2026-02-24,0,9
"w_420027","treatment",2026-05-29,1,12
"w_521021","control",2025-05-26,0,16
"w_779261","treatment",2025-03-07,4,8
"w_106486","control",2025-02-21,12,11
"w_612275","control",2019-07-21,8,15
"w_173097","control",2020-10-30,0,5
"w_653405","treatment",2024-05-12,0,6
"w_577172","control",2020-05-17,34,5
"w_443858","treatment",2026-07-13,0,10
"w_729990","treatment",2019-05-14,3,9
"w_651570","control",2019-07-23,4,16
"w_226164","control",2024-04-29,0,12
"w_949560","treatment",2023-05-29,0,10
"w_720235","control",2022-10-28,9,11
"w_582030","treatment",2023-01-05,21,12
"w_954249","treatment",2022-08-09,0,7
"w_645206","treatment",2024-02-07,0,7
"w_185625","control",2018-06-29,3,12
"w_260835","treatment",2026-01-10,0,13
"w_589161","control",2023-07-06,4,11
"w_980802","treatment",2023-11-08,0,12
"w_457336","treatment",2019-06-04,0,7
"w_208135","treatment",2021-08-03,6,9
"w_107445","control",2026-07-17,0,18
"w_310196","control",2025-05-30,3,7
"w_628905","treatment",2024-05-12,4,13
"w_953151","control",2022-08-12,0,16
"w_605436","control",2025-12-22,0,7
"w_621724","treatment",2024-11-27,0,8
"w_412242","treatment",2023-04-25,0,8
"w_612524","control",2022-08-06,0,15
"w_413625","control",2022-10-03,9,8
"w_932497","control",2023-09-12,9,9
"w_605788","control",2019-12-02,4,10
"w_922330","treatment",2020-11-22,9,11
"w_513333","control",2019-05-18,12,12
"w_732261","treatment",2018-06-19,0,9
"w_726779","control",2018-10-27,0,11
"w_267350","treatment",2025-12-22,0,5
"w_297578","control",2026-07-02,0,13
"w_639946","control",2019-03-12,19,7
"w_831787","treatment",2018-12-23,0,5
"w_587200","treatment",2019-12-11,0,5
"w_817422","treatment",2026-03-21,14,9
"w_967304","treatment",2023-10-18,0,11
"w_402285","control",2026-02-09,0,8
"w_320707","control",2026-01-09,8,10
"w_166284","treatment",2024-05-15,4,10
"w_991918","treatment",2018-11-15,1,11
"w_900868","control",2021-11-07,2,13
"w_401433","control",2022-01-30,10,12
"w_465370","treatment",2023-09-21,0,10
"w_687672","control",2025-07-17,0,11
"w_302429","control",2026-02-03,2,10
"w_118843","control",2018-10-03,0,5
"w_956373","treatment",2021-07-02,8,12
"w_903325","control",2025-07-20,2,9
"w_268341","treatment",2019-03-10,1,8
"w_345031","control",2023-04-09,0,14
"w_631812","treatment",2024-12-22,2,6
"w_740223","control",2025-09-04,0,5
"w_123234","treatment",2025-07-14,0,7
"w_754196","control",2023-03-01,0,9
"w_821108","treatment",2021-08-01,0,7
"w_207473","treatment",2025-09-20,0,14
"w_630406","control",2022-01-02,3,10
"w_662353","control",2023-09-17,0,8
"w_194589","treatment",2021-12-29,3,10
"w_779033","control",2023-04-26,0,10
"w_602496","control",2025-08-12,18,8
"w_893859","treatment",2026-04-12,0,7
"w_487633","treatment",2022-12-22,0,6
"w_604975","treatment",2019-08-19,0,9
"w_198227","control",2020-09-01,0,4
"w_609816","treatment",2020-12-20,0,16
"w_816955","treatment",2020-03-27,2,12
"w_273431","control",2021-11-08,7,9
"w_213562","control",2022-01-22,0,17
"w_178580","treatment",2024-08-28,0,7
"w_479478","treatment",2020-12-05,0,9
"w_776654","control",2023-02-01,4,9
"w_882216","treatment",2018-08-04,0,13
"w_418552","treatment",2024-08-21,0,10
"w_907666","treatment",2022-05-24,0,7
"w_952611","control",2025-10-10,3,3
"w_468466","treatment",2023-09-08,0,14
"w_898767","treatment",2019-01-11,2,13
"w_147765","treatment",2025-09-15,0,7
"w_330713","control",2026-02-04,3,8
"w_387554","treatment",2023-03-01,0,7
"w_226515","control",2024-05-24,0,9
"w_675775","control",2021-04-26,0,9
"w_202278","treatment",2026-02-26,0,11
"w_853665","treatment",2020-06-07,0,9
"w_559093","treatment",2019-11-09,0,11
"w_318626","treatment",2021-01-27,0,9
"w_739036","treatment",2019-05-11,14,10
"w_593614","control",2023-08-09,1,6
"w_608222","treatment",2022-05-22,0,14
"w_640922","control",2022-06-04,3,15
"w_714965","treatment",2024-02-16,132,12
"w_429736","control",2019-03-20,2,16
"w_184028","treatment",2026-05-10,0,13
"w_831247","treatment",2019-03-23,17,7
"w_150585","treatment",2020-09-12,16,11
"w_542353","control",2018-08-05,0,12
"w_840605","control",2020-10-05,59,8
"w_986047","control",2023-11-28,0,6
"w_478059","treatment",2020-01-30,19,8
"w_823775","treatment",2020-01-04,2,16
"w_841191","treatment",2021-04-02,2,12
"w_811723","control",2023-01-07,2,5
"w_942604","control",2025-04-27,7,9
"w_950029","control",2021-06-11,0,5
"w_762226","control",2019-11-16,4,15
"w_724174","treatment",2025-08-09,0,14
"w_326633","treatment",2023-05-14,0,10
"w_727718","control",2026-03-20,19,10
"w_824783","treatment",2022-10-28,0,9
"w_228126","control",2020-04-06,1,8
"w_395111","control",2023-08-13,2,13
"w_756288","control",2020-08-27,13,14
"w_546046","treatment",2019-11-05,0,14
"w_456515","treatment",2019-01-30,8,4
"w_153859","control",2019-01-19,0,14
"w_692072","treatment",2021-09-15,0,7
"w_800617","treatment",2024-02-25,3,10
"w_201909","treatment",2020-04-04,2,10
"w_149556","treatment",2022-02-23,4,13
"w_995217","control",2025-03-01,0,10
"w_628297","treatment",2025-09-18,2,9
"w_161761","treatment",2020-09-04,0,9
"w_804189","control",2020-08-13,0,10
"w_802106","treatment",2025-02-10,4,12
"w_649174","control",2021-07-28,110,11
"w_472730","treatment",2024-03-28,0,5
"w_502220","control",2023-04-21,0,8
"w_483901","control",2018-08-17,0,14
"w_343120","control",2025-02-27,2,8
"w_493624","control",2019-08-01,0,13
"w_737166","treatment",2023-10-20,0,9
"w_852980","treatment",2024-03-04,0,14
"w_767672","control",2023-06-13,4,12
"w_756174","control",2025-03-21,3,9
"w_445508","control",2021-09-28,0,17
"w_893874","control",2025-03-09,12,10
"w_758696","treatment",2023-07-15,3,7
"w_794453","treatment",2021-11-26,0,4
"w_428993","treatment",2021-09-26,0,10
"w_794270","control",2022-06-19,1,10
"w_420936","control",2020-12-20,0,6
"w_428108","control",2024-06-18,0,11
"w_872010","treatment",2023-10-03,4,11
"w_144518","control",2025-11-18,0,9
"w_592236","treatment",2022-08-02,0,10
"w_419704","treatment",2025-09-18,1,13
"w_175387","control",2025-09-07,0,16
"w_622529","control",2021-11-11,0,13
"w_935980","control",2023-01-13,0,8
"w_652259","control",2019-01-17,1,12
"w_828347","treatment",2019-04-14,0,9
"w_645244","treatment",2023-03-05,0,7
"w_380132","treatment",2024-04-09,0,11
"w_463065","treatment",2021-06-13,0,10
"w_614131","treatment",2022-01-28,0,8
"w_862753","control",2020-06-05,3,10
"w_272334","treatment",2020-12-06,3,11
"w_222408","treatment",2024-04-19,0,6
"w_437993","treatment",2021-04-11,0,10
"w_147082","control",2024-04-03,0,11
"w_819473","treatment",2025-07-04,0,9
"w_175615","control",2019-07-22,0,9
"w_462484","control",2019-04-24,0,6
"w_910177","control",2025-02-24,5,17
"w_436742","control",2025-05-21,0,10
"w_112856","control",2020-05-05,1,15
"w_871392","treatment",2018-09-13,4,9
"w_418106","treatment",2021-12-18,17,5
"w_193851","control",2024-09-02,0,13
"w_896461","treatment",2019-08-23,0,19
"w_760137","treatment",2019-10-10,4,12
"w_449131","control",2022-08-06,3,10
"w_216458","treatment",2020-05-27,1,7
"w_634537","treatment",2024-02-25,3,6
"w_953085","treatment",2021-04-20,0,11
"w_149476","treatment",2026-03-04,0,12
"w_831238","treatment",2024-02-02,0,11
"w_811527","control",2022-07-26,0,12
"w_931523","control",2019-11-06,0,8
"w_308881","treatment",2021-06-12,0,17
"w_818611","treatment",2021-06-05,8,8
"w_465016","control",2023-04-04,4,12
"w_312666","treatment",2026-06-24,38,9
"w_261525","control",2026-04-03,0,14
"w_861491","control",2021-09-16,3,4
"w_164311","treatment",2020-05-15,1,9
"w_602587","treatment",2019-07-07,0,11
"w_569079","treatment",2022-09-01,0,10
"w_645231","treatment",2021-04-07,10,8
"w_789565","treatment",2020-01-15,2,10
"w_973346","treatment",2022-12-11,55,9
"w_340830","control",2021-01-06,0,8
"w_596615","treatment",2025-05-20,3,10
"w_490917","treatment",2026-06-20,0,7
"w_406112","treatment",2026-04-13,0,7
"w_119816","treatment",2025-11-21,10,11
"w_315242","control",2025-02-28,0,7
"w_890121","treatment",2023-07-11,4,14
"w_548948","treatment",2020-12-10,0,11
"w_215057","control",2018-07-10,3,11
"w_282773","treatment",2023-07-20,0,16
"w_677209","treatment",2021-09-30,0,15
"w_517671","control",2022-05-04,0,7
"w_614443","control",2018-11-13,14,7
"w_623306","treatment",2022-03-19,3,13
"w_228082","control",2026-03-20,0,10
"w_855302","treatment",2022-07-27,0,8
"w_102460","treatment",2024-02-04,0,10
"w_200205","treatment",2019-03-22,9,12
"w_802409","control",2023-04-13,0,12
"w_893717","control",2021-12-23,0,12
"w_155249","control",2024-05-20,0,7
"w_431661","treatment",2019-12-18,0,9
"w_411271","treatment",2019-05-08,0,11
"w_684046","control",2022-01-22,0,18
"w_552814","control",2024-11-18,3,14
"w_740501","control",2022-02-19,0,11
"w_279929","treatment",2024-02-21,6,9
"w_742792","treatment",2018-09-06,0,11
"w_374137","treatment",2022-01-30,0,15
"w_591475","treatment",2019-01-22,2,11
"w_848329","control",2022-11-09,4,10
"w_346570","control",2022-10-27,0,7
"w_301756","treatment",2020-04-09,0,8
"w_702031","control",2019-06-11,45,7
"w_380151","treatment",2024-08-31,0,11
"w_220365","control",2026-03-23,3,10
"w_289499","control",2019-12-24,0,14
"w_324833","treatment",2022-12-28,2,10
"w_203788","treatment",2021-05-21,3,13
"w_472629","treatment",2023-11-29,3,11
"w_550681","treatment",2021-03-13,0,9
"w_849170","control",2018-09-26,0,7
"w_371684","control",2020-06-08,15,12
"w_670349","control",2021-07-07,4,8
"w_781004","treatment",2020-05-28,0,8
"w_518828","treatment",2024-03-17,0,15
"w_409544","treatment",2018-09-29,0,4
"w_256820","control",2018-10-26,1,6
"w_846498","control",2023-09-18,14,6
"w_886266","control",2023-10-02,37,13
"w_559738","control",2026-01-26,0,5
"w_508680","treatment",2018-10-25,0,15
"w_117389","treatment",2022-04-25,0,12
"w_592613","treatment",2024-11-09,0,8
"w_434970","treatment",2024-03-12,0,12
"w_374299","treatment",2021-02-18,0,7
"w_507012","control",2025-04-08,3,6
"w_146870","treatment",2025-03-05,3,12
"w_509558","treatment",2020-01-03,0,12
"w_326120","control",2023-05-04,14,9
"w_366069","control",2020-10-25,7,4
"w_600619","control",2023-11-25,3,9
"w_460772","treatment",2024-06-24,10,10
"w_580069","control",2022-11-09,0,9
"w_485916","control",2021-04-03,0,11
"w_825293","treatment",2019-01-15,0,9
"w_782228","treatment",2018-10-03,1,9
"w_696974","treatment",2024-03-26,0,9
"w_624252","treatment",2025-10-10,0,15
"w_210692","treatment",2019-09-08,3,8
"w_641498","treatment",2025-05-23,1,8
"w_576851","control",2021-06-26,0,6
"w_415118","treatment",2025-06-27,0,13
"w_276744","treatment",2024-01-22,0,15
"w_254312","treatment",2022-01-16,0,12
"w_861954","control",2022-06-05,10,12
"w_302528","control",2021-07-14,9,10
"w_519148","treatment",2026-04-26,0,12
"w_558291","treatment",2021-11-16,3,15
"w_681640","control",2021-10-10,4,10
"w_310288","control",2024-07-12,4,9
"w_147008","control",2018-07-05,0,7
"w_949530","control",2024-04-02,4,7
"w_700879","treatment",2022-05-08,0,14
"w_449572","control",2024-12-02,2,10
"w_815729","treatment",2022-03-24,0,11
"w_386040","control",2022-08-01,15,12
"w_509670","control",2018-09-08,0,9
"w_662974","treatment",2021-05-30,0,8
"w_676804","treatment",2024-12-28,0,16
"w_973975","treatment",2022-11-12,4,9
"w_422732","treatment",2018-12-07,0,8
"w_406048","control",2020-11-08,0,8
"w_451541","treatment",2025-05-08,0,11
"w_847020","control",2018-06-11,1,8
"w_869881","treatment",2021-05-10,0,16
"w_757114","control",2020-09-05,0,7
"w_504434","treatment",2023-01-18,0,12
"w_165514","control",2021-09-19,0,5
"w_814987","control",2025-09-03,0,11
"w_409603","treatment",2020-11-28,0,12
"w_752309","control",2019-06-17,0,4
"w_441919","treatment",2023-06-03,0,15
"w_275830","treatment",2021-01-17,0,5
"w_587713","control",2019-10-28,6,7
"w_548659","control",2025-09-02,0,10
"w_990757","control",2020-04-20,0,13
"w_476290","treatment",2020-11-27,0,10
"w_936439","treatment",2021-12-17,0,13
"w_385605","treatment",2021-10-23,0,8
"w_518150","treatment",2019-03-24,78,12
"w_209250","treatment",2024-07-19,7,10
"w_497890","control",2023-12-15,5,11
"w_935540","control",2019-01-11,11,10
"w_795477","control",2026-04-04,0,7
"w_328684","control",2023-03-13,4,7
"w_914621","treatment",2021-08-20,0,4
"w_297076","treatment",2024-04-22,5,10
"w_838864","control",2021-10-03,0,7
"w_859942","treatment",2025-07-29,0,7
"w_280897","control",2021-04-06,1,8
"w_542989","treatment",2024-11-03,1,10
"w_482763","control",2022-06-13,1,10
"w_818131","control",2025-03-23,0,14
"w_477811","treatment",2019-01-28,2,7
"w_196378","control",2022-08-27,1,14
"w_605800","treatment",2023-09-11,7,10
"w_387774","control",2025-07-25,0,11
"w_152531","treatment",2024-10-17,0,9
"w_141563","treatment",2026-01-23,3,8
"w_277865","control",2026-04-30,3,10
"w_167289","control",2020-10-28,2,10
"w_478844","treatment",2025-12-29,2,12
"w_912873","treatment",2021-01-18,0,17
"w_134806","control",2025-12-26,10,10
"w_500418","control",2026-04-17,4,8
"w_937866","treatment",2019-04-22,2,8
"w_289846","control",2022-04-03,0,7
"w_775326","treatment",2019-10-26,4,12
"w_937200","treatment",2023-11-30,0,8
"w_225732","treatment",2021-03-13,0,8
"w_555911","treatment",2020-05-22,3,8
"w_290297","treatment",2026-01-01,1,5
"w_982842","treatment",2023-03-15,0,14
"w_101093","treatment",2024-04-15,6,6
"w_641777","control",2026-01-11,17,11
"w_640058","control",2020-02-26,1,9
"w_946771","treatment",2024-10-05,0,13
"w_921180","control",2020-07-29,0,11
"w_278621","treatment",2018-09-21,6,10
"w_967173","treatment",2026-06-05,4,9
"w_660044","control",2025-10-17,3,10
"w_408169","treatment",2022-11-04,18,11
"w_766205","treatment",2024-10-02,0,7
"w_756151","treatment",2021-07-25,0,12
"w_307206","control",2022-12-07,0,10
"w_668715","control",2020-12-08,1,12
"w_291620","treatment",2022-05-07,0,9
"w_678680","control",2020-10-15,0,9
"w_266221","control",2024-11-14,0,9
"w_391211","control",2025-10-09,0,8
"w_402020","control",2024-06-16,0,11
"w_962942","treatment",2019-06-06,0,12
"w_541431","treatment",2020-11-16,0,11
"w_615609","control",2020-08-03,37,13
"w_345782","control",2024-08-24,0,12
"w_371160","control",2023-07-13,0,10
"w_473135","treatment",2021-03-22,0,12
"w_879005","control",2020-04-27,2,12
"w_310504","control",2021-12-11,2,7
"w_561014","treatment",2025-06-17,0,16
"w_102604","treatment",2020-04-01,0,7
"w_564968","treatment",2020-12-23,0,13
"w_335764","control",2025-10-16,0,9
"w_596048","treatment",2025-05-08,0,8
"w_924132","treatment",2024-03-29,0,11
"w_838685","control",2023-03-14,0,8
"w_852820","control",2022-11-06,0,11
"w_150368","control",2021-02-15,0,14
"w_888912","treatment",2022-06-26,0,13
"w_393896","control",2021-09-16,0,4
"w_747055","control",2025-05-12,3,12
"w_962051","treatment",2018-08-12,0,7
"w_356363","control",2020-02-13,0,6
"w_350194","treatment",2023-03-13,14,5
"w_321060","treatment",2022-07-05,0,4
"w_471241","control",2022-10-16,4,13
"w_453505","control",2020-10-23,4,10
"w_520792","control",2023-04-06,0,9
"w_290486","control",2019-12-24,18,10
"w_196897","treatment",2026-01-23,120,12
"w_325650","treatment",2024-12-19,14,10
"w_703362","control",2021-10-15,0,8
"w_623009","control",2018-11-22,16,7
"w_744808","control",2025-03-02,19,8
"w_569388","treatment",2022-01-17,0,13
"w_864670","treatment",2020-02-26,19,8
"w_921944","control",2022-05-01,10,9
"w_672631","treatment",2020-12-29,0,5
"w_656248","treatment",2019-07-06,0,11
"w_505708","control",2026-02-20,0,11
"w_929370","control",2023-04-03,27,17
"w_328084","control",2020-03-14,17,5
"w_656694","control",2020-04-04,8,6
"w_748849","control",2022-05-03,0,7
"w_594751","treatment",2022-01-04,91,7
"w_583891","treatment",2022-07-13,1,11
"w_287703","control",2020-02-06,8,10
"w_964047","treatment",2019-05-21,20,12
"w_419473","control",2023-03-02,0,8
"w_456776","control",2024-08-28,0,10
"w_959772","control",2025-07-16,2,14
"w_187562","control",2026-02-03,0,12
"w_914660","control",2021-12-19,0,10
"w_723556","control",2020-06-14,0,11
"w_248369","control",2025-05-09,0,15
"w_799762","control",2025-02-28,8,7
"w_144392","treatment",2026-02-04,0,12
"w_875033","control",2025-08-24,0,8
"w_462968","control",2025-07-13,0,11
"w_780077","control",2023-02-25,0,10
"w_628497","control",2019-11-18,0,9
"w_998733","control",2021-05-31,0,6
"w_753059","control",2021-01-02,0,8
"w_397665","treatment",2023-01-25,2,11
"w_525861","treatment",2025-09-28,66,8
"w_228877","treatment",2026-06-29,0,5
"w_982591","treatment",2021-10-27,0,7
"w_395154","treatment",2022-05-29,1,12
"w_402469","control",2024-05-03,7,11
"w_306085","control",2022-01-18,0,13
"w_124644","treatment",2024-06-24,0,11
"w_801929","treatment",2025-08-26,0,7
"w_256203","treatment",2020-10-24,11,8
"w_865191","treatment",2021-08-26,0,8
"w_912042","treatment",2021-08-22,9,9
"w_354396","control",2024-02-08,1,10
"w_527155","control",2020-09-26,61,10
"w_305641","treatment",2025-03-18,0,9
"w_108281","control",2019-01-07,14,7
"w_515252","treatment",2020-08-14,10,7
"w_603873","control",2026-06-10,0,14
"w_571677","control",2023-04-14,0,10
"w_826677","treatment",2020-03-06,0,12
"w_637925","treatment",2024-05-14,1,17
"w_710112","control",2026-02-26,0,12
"w_147159","control",2023-06-24,0,10
"w_692911","treatment",2019-08-09,0,9
"w_944035","treatment",2019-06-11,79,11
"w_774269","control",2023-03-25,0,13
"w_443216","treatment",2022-02-11,0,17
"w_469426","control",2022-09-02,0,7
"w_210452","treatment",2026-05-07,0,14
"w_609515","treatment",2023-04-14,36,12
"w_615881","treatment",2021-11-23,2,12
"w_431645","control",2020-07-30,6,14
"w_599400","control",2019-11-08,1,9
"w_890494","treatment",2024-07-16,1,17
"w_234527","treatment",2020-03-05,0,9
"w_505654","control",2021-10-22,0,11
"w_506818","control",2022-03-25,0,18
"w_646469","control",2023-11-12,0,10
"w_931595","treatment",2023-01-07,2,8
"w_173470","control",2021-07-29,0,15
"w_919244","control",2023-07-19,7,10
"w_316323","control",2023-05-25,11,5
"w_906143","treatment",2019-04-23,4,14
"w_449569","treatment",2024-08-23,1,12
"w_872122","control",2024-11-13,0,10
"w_748739","treatment",2022-01-25,33,4
"w_567892","treatment",2021-02-21,0,8
"w_482036","control",2024-03-10,5,8
"w_339174","control",2026-07-05,0,7
"w_250259","control",2025-03-22,0,9
"w_755488","control",2022-06-24,0,12
"w_192917","control",2025-11-09,4,7
"w_362521","control",2021-03-08,3,18
"w_943011","control",2022-04-15,0,12
"w_406280","treatment",2023-09-15,0,9
"w_860503","treatment",2023-04-27,5,11
"w_700443","control",2018-06-21,0,7
"w_724450","treatment",2022-09-21,0,6
"w_225154","control",2019-01-03,10,9
"w_419357","control",2022-04-08,2,19
"w_417660","control",2019-10-11,0,7
"w_291420","treatment",2021-10-24,3,11
"w_953175","control",2021-07-23,0,9
"w_362702","control",2026-03-29,3,13
"w_753247","control",2022-10-18,3,6
"w_484968","treatment",2021-03-05,0,8
"w_197302","treatment",2024-01-06,3,8
"w_182914","control",2021-03-06,15,12
"w_407485","control",2021-06-10,0,8
"w_235925","treatment",2019-12-18,0,4
"w_916064","treatment",2019-06-26,4,8
"w_118013","treatment",2025-10-19,144,10
"w_698253","treatment",2020-06-11,4,11
"w_368077","treatment",2024-04-19,3,9
"w_566624","treatment",2026-03-22,0,16
"w_609221","control",2021-04-27,1,8
"w_651833","treatment",2020-02-26,32,12
"w_691449","treatment",2019-05-09,0,8
"w_211550","control",2022-10-09,0,14
"w_609432","control",2022-11-17,0,8
"w_119889","control",2018-07-16,0,12
"w_228883","treatment",2021-06-04,3,10
"w_893123","treatment",2026-02-01,0,9
"w_233039","control",2022-08-19,0,8
"w_558970","control",2024-01-24,0,10
"w_991755","control",2022-12-10,3,13
"w_427960","control",2023-06-20,0,7
"w_363422","treatment",2021-08-30,3,11
"w_991153","control",2019-01-04,2,10
"w_423324","control",2025-09-07,0,9
"w_987731","treatment",2019-09-17,0,8
"w_800013","control",2018-06-14,0,15
"w_348969","treatment",2022-05-31,0,11
"w_489916","treatment",2021-02-01,15,15
"w_367967","treatment",2019-07-25,0,13
"w_598558","control",2023-03-30,12,13
"w_796715","treatment",2021-05-09,16,8
"w_434512","treatment",2023-10-10,0,10
"w_119234","control",2023-01-30,2,13
"w_671007","treatment",2019-09-11,0,8
"w_406414","treatment",2022-12-25,13,7
"w_899128","control",2022-02-01,8,9
"w_438702","control",2024-12-02,0,10
"w_568532","control",2025-07-28,3,14
"w_819849","control",2024-11-01,4,8
"w_624486","control",2023-10-30,0,9
"w_114115","treatment",2021-11-04,0,9
"w_126531","control",2023-07-26,0,7
"w_918236","control",2020-06-05,0,7
"w_488307","treatment",2023-04-17,4,12
"w_352070","control",2025-10-21,0,10
"w_824210","control",2022-01-05,1,9
"w_943504","control",2023-06-29,0,10
"w_507979","control",2021-04-23,81,9
"w_758000","control",2023-06-07,0,17
"w_652307","treatment",2025-01-08,7,6
"w_953166","control",2019-03-19,0,8
"w_691625","control",2026-06-28,0,11
"w_966165","control",2024-11-08,0,9
"w_751799","treatment",2026-01-22,1,13
"w_260284","treatment",2020-03-03,4,4
"w_734696","treatment",2025-08-10,0,8
"w_801202","control",2024-11-12,0,10
"w_268556","treatment",2023-04-26,0,10
"w_945840","treatment",2025-12-25,0,7
"w_844865","control",2019-12-07,0,10
"w_550957","control",2023-05-30,0,7
"w_922123","control",2024-08-07,0,8
"w_349654","control",2023-05-22,0,8
"w_624080","control",2021-10-04,3,11
"w_677830","control",2021-01-29,4,8
"w_899576","treatment",2021-01-22,0,10
"w_521537","control",2022-11-12,0,9
"w_857186","control",2021-06-23,0,10
"w_762143","treatment",2021-07-27,0,9
"w_580469","treatment",2024-01-20,2,7
"w_195129","treatment",2022-10-31,0,8
"w_549297","control",2019-05-14,1,14
"w_687350","control",2020-09-22,0,7
"w_887427","treatment",2026-03-04,3,9
"w_305418","control",2022-03-24,16,8
"w_659393","treatment",2024-05-12,0,12
"w_715631","control",2022-07-25,13,16
"w_599549","treatment",2022-06-23,0,12
"w_162526","treatment",2025-07-22,0,5
"w_259102","control",2021-11-04,0,12
"w_444807","control",2021-02-05,2,6
"w_828350","treatment",2023-01-06,0,10
"w_952000","control",2024-02-22,0,8
"w_311762","treatment",2018-07-13,0,16
"w_547201","control",2021-04-26,0,14
"w_675254","treatment",2018-10-29,3,13
"w_975313","control",2020-10-04,17,13
"w_722366","control",2023-09-27,0,19
"w_971986","treatment",2019-03-25,0,10
"w_554165","treatment",2018-06-12,0,9
"w_538132","control",2019-11-01,0,5
"w_392871","control",2019-12-02,0,12
"w_132483","control",2023-06-10,0,11
"w_877769","control",2018-11-24,0,9
"w_776363","control",2023-08-08,0,8
"w_397385","treatment",2026-04-06,0,8
"w_674231","treatment",2025-04-22,4,10
"w_274337","treatment",2022-10-30,0,8
"w_459624","control",2018-11-16,62,6
"w_189099","control",2025-06-22,0,9
"w_555808","control",2019-01-12,2,15
"w_633900","treatment",2018-12-22,0,16
"w_700872","treatment",2026-01-16,4,10
"w_694040","treatment",2022-08-02,3,12
"w_899627","control",2025-04-19,0,5
"w_997438","treatment",2018-10-24,0,13
"w_668836","control",2023-05-30,0,11
"w_813075","treatment",2019-05-21,0,10
"w_530743","treatment",2026-07-08,72,16
"w_194645","treatment",2024-07-03,6,7
"w_904224","treatment",2019-02-05,0,9
"w_382848","control",2021-06-21,0,15
"w_918566","treatment",2021-09-17,8,12
"w_970731","treatment",2018-11-28,4,9
"w_194784","control",2023-09-08,0,9
"w_873162","treatment",2022-01-07,15,12
"w_515271","control",2022-09-10,0,8
"w_356313","treatment",2026-03-24,1,7
"w_840207","treatment",2020-05-06,6,9
"w_633067","control",2023-11-02,0,10
"w_497430","control",2023-05-01,0,11
"w_160367","treatment",2019-11-20,1,12
"w_244817","control",2022-06-15,0,10
"w_415702","treatment",2025-07-11,0,11
"w_381583","control",2018-11-06,0,17
"w_117234","control",2024-09-12,0,9
"w_109025","treatment",2024-06-10,0,10
"w_457522","treatment",2018-06-02,0,9
"w_701009","treatment",2025-09-20,2,4
"w_686901","treatment",2022-10-12,0,11
"w_479687","control",2021-07-21,2,10
"w_381645","treatment",2022-06-16,81,10
"w_362563","control",2018-07-19,0,17
"w_570298","treatment",2023-01-04,0,11
"w_956777","control",2023-11-18,0,10
"w_400956","treatment",2024-02-20,0,12
"w_323337","control",2024-03-14,0,18
"w_547436","treatment",2020-04-23,7,9
"w_116108","treatment",2020-08-11,16,8
"w_504376","control",2018-09-12,59,9
"w_747771","control",2026-01-03,2,6
"w_457509","control",2024-08-14,0,11
"w_662522","treatment",2019-05-15,28,7
"w_133245","treatment",2024-06-04,4,7
"w_520536","treatment",2018-08-06,0,10
"w_137090","control",2022-04-16,2,10
"w_224984","treatment",2020-06-15,16,15
"w_216034","treatment",2023-08-16,0,13
"w_147074","control",2018-10-21,0,8
"w_587401","treatment",2021-01-17,3,17
"w_919639","control",2023-07-15,0,6
"w_689940","treatment",2019-09-05,3,16
"w_212780","treatment",2020-11-28,2,10
"w_587259","control",2023-04-27,123,9
"w_154403","control",2020-05-12,2,11
"w_243406","treatment",2022-11-16,0,14
"w_638268","control",2022-02-04,15,10
"w_940894","control",2018-06-04,0,14
"w_410382","treatment",2025-03-11,2,11
"w_120804","control",2018-10-21,3,8
"w_888699","treatment",2021-03-26,0,6
"w_633549","control",2020-08-27,17,11
"w_942594","control",2019-07-06,7,19
"w_695254","control",2024-02-04,0,6
"w_199317","treatment",2019-02-07,0,12
"w_667019","treatment",2021-08-13,0,9
"w_924981","treatment",2023-08-25,4,10
"w_854899","treatment",2018-10-20,0,8
"w_818568","treatment",2025-10-04,0,13
"w_676896","treatment",2023-03-28,0,6
"w_106845","treatment",2025-06-06,9,7
"w_347658","treatment",2020-02-17,4,9
"w_206078","treatment",2025-10-15,0,15
"w_585390","treatment",2019-10-22,0,8
"w_200692","control",2024-04-25,3,14
"w_964530","treatment",2019-06-22,2,10
"w_463105","treatment",2021-11-15,6,12
"w_368366","treatment",2025-10-16,0,11
"w_428175","treatment",2021-06-05,4,7
"w_537100","control",2025-04-07,0,9
"w_965353","treatment",2024-03-04,0,8
"w_369036","control",2022-03-07,1,10
"w_583892","treatment",2024-09-19,0,11
"w_521546","treatment",2021-04-11,10,12
"w_407729","control",2021-01-01,0,12
"w_788941","control",2020-02-13,0,13
"w_426816","control",2023-06-23,0,13
"w_105407","control",2022-03-28,0,10
"w_689226","control",2024-04-26,0,6
"w_682561","treatment",2022-04-09,0,6
"w_690006","treatment",2026-06-08,1,14
"w_133285","control",2023-12-05,4,11
"w_384712","control",2019-01-11,0,12
"w_471949","control",2023-12-19,3,10
"w_951007","control",2021-08-04,0,8
"w_217466","control",2021-09-13,0,10
"w_332798","control",2021-12-01,1,10
"w_649083","control",2023-03-15,0,4
"w_746420","treatment",2019-04-28,0,8
"w_514159","treatment",2022-04-08,16,11
"w_615712","control",2023-08-20,0,9
"w_940176","control",2019-01-23,0,8
"w_412871","control",2024-01-05,0,13
"w_505703","treatment",2018-12-07,0,13
"w_496518","treatment",2021-02-17,17,10
"w_685479","control",2025-04-15,22,11
"w_756242","control",2023-07-15,0,9
"w_769354","control",2022-11-10,2,10
"w_515672","treatment",2019-02-14,0,6
"w_398122","control",2023-07-11,12,9
"w_178916","treatment",2023-09-12,0,12
"w_149058","treatment",2021-12-21,0,12
"w_865118","control",2019-02-24,0,10
"w_975439","treatment",2020-12-14,1,12
"w_294633","control",2020-09-12,0,19
"w_303280","treatment",2025-03-04,0,11
"w_214633","control",2025-02-16,0,8
"w_612469","treatment",2025-12-04,3,6
"w_116978","control",2021-12-16,0,11
"w_125629","treatment",2024-10-24,1,9
"w_540912","treatment",2021-05-17,0,8
"w_663227","treatment",2018-12-01,0,10
"w_894493","control",2021-06-28,0,10
"w_730731","control",2024-07-28,2,14
"w_119567","control",2020-03-13,6,8
"w_732826","control",2022-07-15,0,14
"w_404117","control",2018-12-31,0,13
"w_461166","control",2019-02-02,0,14
"w_995652","treatment",2020-01-11,0,9
"w_185843","control",2024-11-02,0,9
"w_525706","control",2023-01-03,1,8
"w_475599","treatment",2021-08-13,0,7
"w_891264","control",2018-10-16,1,5
"w_998071","control",2022-06-18,3,5
"w_336159","control",2022-06-04,0,11
"w_661345","treatment",2025-06-01,17,6
"w_373516","control",2021-03-03,2,6
"w_742053","control",2019-08-03,1,9
"w_759907","treatment",2022-11-14,0,10
"w_280166","treatment",2020-11-05,0,8
"w_341744","treatment",2020-05-11,3,14
"w_347513","control",2026-01-08,1,10
"w_567067","control",2019-03-21,0,7
"w_661515","control",2023-10-24,0,6
"w_363700","treatment",2018-12-15,0,11
"w_504395","control",2024-11-21,0,8
"w_179713","treatment",2022-01-12,0,11
"w_313605","treatment",2025-01-27,13,14
"w_207225","treatment",2026-05-16,2,9
"w_345030","treatment",2025-05-31,0,7
"w_475157","control",2026-07-11,0,11
"w_800227","control",2026-04-12,20,9
"w_790246","treatment",2025-02-03,0,11
"w_280330","treatment",2018-09-05,0,9
"w_403647","control",2025-08-15,4,5
"w_374531","control",2025-07-26,13,8
"w_895545","treatment",2024-11-13,29,14
"w_300487","treatment",2021-06-21,0,5
"w_898092","treatment",2026-02-19,1,12
"w_478921","treatment",2020-07-01,14,13
"w_107370","treatment",2021-04-14,4,6
"w_931228","control",2022-03-30,0,8
"w_685345","treatment",2025-10-28,1,14
"w_428963","treatment",2018-11-13,2,18
"w_454516","control",2022-04-22,3,8
"w_207943","control",2026-05-17,28,6
"w_769768","control",2022-10-14,25,7
"w_704839","control",2021-03-02,0,12
"w_927484","treatment",2020-08-02,0,8
"w_350737","treatment",2019-06-22,0,12
"w_302191","treatment",2026-07-12,3,15
"w_844192","control",2022-02-25,0,8
"w_681646","treatment",2026-04-30,3,10
"w_975006","control",2022-10-12,0,10
"w_562615","control",2024-03-16,4,7
"w_631061","control",2018-08-04,1,10
"w_536486","control",2020-02-05,0,9
"w_451015","control",2026-04-30,0,8
"w_160009","treatment",2019-12-27,0,12
"w_117313","control",2023-06-24,3,17
"w_600111","control",2020-08-08,0,10
"w_258897","treatment",2020-03-22,1,11
"w_865753","treatment",2025-07-06,0,13
"w_558225","treatment",2024-09-28,13,9
"w_823467","treatment",2021-08-28,14,9
"w_144400","control",2026-02-15,0,8
"w_663978","treatment",2023-08-16,5,6
"w_849388","treatment",2025-07-04,0,10
"w_155324","control",2024-07-11,0,9
"w_375452","control",2019-11-02,0,9
"w_419239","control",2021-06-04,7,9
"w_953878","control",2020-12-24,0,7
"w_621484","control",2022-06-17,0,6
"w_936743","control",2025-11-18,3,11
"w_576963","treatment",2023-03-09,2,4
"w_714667","control",2019-07-16,0,9
"w_178545","treatment",2023-12-31,0,11
"w_389234","treatment",2024-06-10,0,11
"w_745308","treatment",2023-05-28,0,14
"w_185294","control",2022-03-06,0,8
"w_243309","control",2024-03-27,0,11
"w_357171","control",2023-09-03,12,15
"w_514330","treatment",2021-11-15,0,9
"w_889983","treatment",2023-06-15,7,10
"w_745983","treatment",2023-05-12,0,16
"w_474841","control",2020-06-26,0,8
"w_574515","treatment",2021-12-12,0,8
"w_600485","treatment",2025-09-25,0,11
"w_643099","treatment",2025-03-29,0,8
"w_302532","control",2019-02-27,12,12
"w_649074","control",2023-03-04,1,10
"w_700350","treatment",2024-02-14,2,10
"w_493598","control",2019-01-02,0,13
"w_150967","control",2020-07-16,1,15
"w_163264","treatment",2024-08-19,4,7
"w_543599","treatment",2021-11-24,0,11
"w_689363","treatment",2024-03-16,4,8
"w_222687","treatment",2025-08-07,0,12
"w_235344","treatment",2020-07-31,6,9
"w_848052","treatment",2024-02-19,0,9
"w_831374","treatment",2018-08-27,17,9
"w_564095","treatment",2024-06-12,0,8
"w_836955","control",2019-09-14,0,9
"w_793670","treatment",2025-06-01,0,7
"w_190011","control",2018-07-03,0,6
"w_435869","treatment",2019-11-12,0,9
"w_384734","treatment",2018-10-02,4,8
"w_538272","control",2023-01-07,4,7
"w_878450","treatment",2026-03-03,1,15
"w_687774","treatment",2018-08-22,0,9
"w_106255","treatment",2019-03-14,0,4
"w_524979","treatment",2020-06-17,0,7
"w_915735","control",2020-02-03,2,15
"w_621386","treatment",2021-06-23,0,13
"w_173255","control",2023-03-04,11,9
"w_741182","control",2023-12-19,40,13
"w_162407","treatment",2025-05-02,1,10
"w_374807","treatment",2023-01-04,21,7
"w_797893","treatment",2025-12-22,0,9
"w_181198","control",2021-06-29,0,7
"w_239976","treatment",2024-01-12,0,7
"w_942684","treatment",2022-03-05,0,10
"w_125106","treatment",2022-09-13,18,5
"w_316186","control",2021-04-09,28,15
"w_398379","control",2024-05-14,1,6
"w_222042","control",2023-08-15,3,15
"w_108038","treatment",2020-11-12,4,10
"w_813836","treatment",2021-09-16,0,10
"w_418741","treatment",2021-06-15,4,10
"w_878091","control",2021-03-05,2,7
"w_803524","control",2025-08-05,11,21
"w_355189","treatment",2025-01-14,0,8
"w_706314","treatment",2024-01-04,0,11
"w_650535","treatment",2020-10-07,0,12
"w_531090","control",2025-02-11,13,13
"w_945656","control",2023-04-12,0,8
"w_170012","treatment",2019-07-24,7,10
"w_399145","control",2020-06-16,0,11
"w_178254","control",2021-07-18,27,11
"w_377088","control",2022-02-13,1,10
"w_670980","treatment",2022-07-20,6,10
"w_419479","treatment",2018-11-05,3,13
"w_154108","control",2022-10-10,0,10
"w_772951","control",2019-09-24,0,14
"w_165814","control",2021-01-18,0,14
"w_637582","control",2020-05-12,0,12
"w_625812","control",2022-07-26,0,6
"w_648190","control",2019-08-01,2,13
"w_208779","control",2024-08-25,0,9
"w_502632","control",2024-11-13,1,10
"w_618343","treatment",2022-10-05,5,9
"w_769519","control",2023-03-28,0,6
"w_566683","control",2024-09-11,0,8
"w_301214","control",2020-08-06,1,9
"w_631777","treatment",2020-10-21,18,12
"w_878187","treatment",2018-12-20,4,6
"w_177607","control",2024-09-16,0,11
"w_569105","control",2021-11-19,59,15
"w_364613","treatment",2023-06-21,4,9
"w_151449","control",2019-01-10,17,8
"w_217005","treatment",2024-05-02,0,11
"w_617012","treatment",2021-05-09,0,13
"w_662814","treatment",2022-07-14,0,15
"w_442431","treatment",2018-10-25,0,6
"w_276500","control",2022-04-18,29,11
"w_622422","control",2021-07-18,22,8
"w_944215","control",2023-04-14,0,14
"w_305768","treatment",2025-10-27,20,13
"w_291210","control",2024-04-15,0,13
"w_514953","treatment",2025-04-29,6,6
"w_532723","treatment",2025-05-08,0,11
"w_469659","control",2024-05-07,0,13
"w_802890","control",2020-07-28,19,11
"w_523154","control",2021-04-25,1,9
"w_201115","treatment",2026-05-09,2,7
"w_176360","control",2023-04-08,0,8
"w_230830","control",2019-06-30,20,14
"w_278474","treatment",2025-02-18,0,10
"w_184131","control",2025-03-04,2,6
"w_254384","control",2023-10-17,2,13
"w_664504","control",2024-01-07,0,11
"w_546297","control",2021-08-30,0,15
"w_715572","treatment",2026-05-20,1,6
"w_209413","control",2019-11-26,32,11
"w_631233","control",2024-04-23,0,9
"w_103942","treatment",2021-08-11,3,9
"w_605124","control",2022-10-31,9,12
"w_105667","control",2020-12-07,0,6
"w_271745","treatment",2020-11-07,30,13
"w_909521","treatment",2022-11-30,0,8
"w_459292","treatment",2022-09-06,2,12
"w_775461","treatment",2025-07-02,0,7
"w_309296","control",2023-02-26,4,8
"w_247186","control",2023-01-05,0,11
"w_282614","control",2020-03-28,3,12
"w_836306","control",2019-01-17,0,11
"w_490107","control",2023-07-19,4,8
"w_755732","treatment",2020-10-13,21,12
"w_405698","treatment",2022-12-08,14,9
"w_471059","treatment",2018-10-27,0,6
"w_331916","treatment",2018-06-02,0,8
"w_699880","control",2023-07-13,0,11
"w_254151","control",2024-01-18,37,11
"w_252345","treatment",2020-04-27,28,16
"w_862169","control",2026-03-19,0,2
"w_711962","treatment",2023-03-11,0,6
"w_624653","control",2024-08-25,2,13
"w_860244","treatment",2025-06-18,0,14
"w_172342","control",2022-01-12,3,15
"w_149720","control",2021-09-06,21,12
"w_912976","control",2022-02-17,3,17
"w_561836","control",2023-03-20,3,9
"w_895442","treatment",2022-08-05,48,8
"w_946072","control",2019-12-05,0,8
"w_938956","treatment",2018-09-07,0,21
"w_465589","control",2024-09-13,0,11
"w_342091","control",2021-05-10,0,15
"w_794984","control",2021-04-14,0,6
"w_570260","control",2021-03-26,0,11
"w_500839","treatment",2021-01-08,0,10
"w_799811","control",2023-10-01,0,8
"w_247099","treatment",2019-10-12,0,2
"w_799071","control",2023-05-22,0,9
"w_287257","control",2025-08-13,0,12
"w_305872","treatment",2023-09-19,0,7
"w_601837","treatment",2020-01-08,0,9
"w_615890","control",2020-11-30,0,14
"w_584239","treatment",2020-11-04,12,11
"w_948154","treatment",2024-08-29,0,5
"w_191823","treatment",2023-08-02,4,15
"w_189191","control",2022-12-17,0,16
"w_736222","treatment",2026-03-18,1,6
"w_115500","control",2021-01-04,0,10
"w_438190","treatment",2023-08-15,0,11
"w_848769","control",2026-03-16,0,17
"w_622954","control",2019-10-03,0,15
"w_191671","treatment",2024-12-29,4,10
"w_135168","treatment",2024-08-09,0,8
"w_764202","control",2025-11-12,3,7
"w_971138","treatment",2025-10-31,0,7
"w_275941","control",2021-08-05,1,12
"w_602000","treatment",2022-01-19,0,11
"w_880234","control",2021-03-13,1,8
"w_642796","control",2024-08-14,0,11
"w_950721","control",2022-02-07,4,14
"w_302215","treatment",2023-03-16,3,10
"w_553316","treatment",2024-10-08,3,5
"w_117498","control",2018-12-02,0,7
"w_419155","treatment",2020-03-04,0,17
"w_460535","treatment",2024-01-03,0,6
"w_736382","control",2024-07-04,3,12
"w_773130","treatment",2024-01-02,4,7
"w_643934","control",2022-03-14,0,14
"w_595367","control",2025-03-10,0,11
"w_243119","treatment",2020-03-07,0,11
"w_349997","control",2025-07-30,0,6
"w_118243","control",2025-10-13,19,14
"w_314514","control",2019-05-31,0,10
"w_950797","treatment",2026-05-24,0,13
"w_523929","control",2023-01-24,0,9
"w_179818","treatment",2022-11-30,0,9
"w_334239","treatment",2019-12-23,0,7
"w_605078","control",2025-03-31,30,9
"w_373855","treatment",2020-04-21,0,7
"w_565638","treatment",2019-01-16,0,9
"w_848283","treatment",2018-10-24,0,14
"w_552971","control",2026-06-29,13,8
"w_577246","treatment",2022-05-29,0,9
"w_555985","treatment",2024-04-05,0,10
"w_257435","control",2025-11-02,0,12
"w_664629","control",2022-07-28,24,13
"w_270197","treatment",2026-07-03,0,7
"w_636384","treatment",2024-02-10,0,9
"w_805164","treatment",2023-01-29,10,8
"w_441293","control",2024-11-08,3,7
"w_810004","control",2022-09-22,0,8
"w_641292","treatment",2020-08-27,0,14
"w_574759","control",2019-09-05,1,8
"w_684418","control",2019-02-27,14,10
"w_704158","control",2022-07-11,12,12
"w_507357","treatment",2022-05-02,0,6
"w_423954","control",2019-07-13,0,4
"w_620365","control",2024-08-14,7,14
"w_274829","control",2023-11-08,0,7
"w_391841","control",2025-07-31,0,9
"w_925830","control",2019-10-26,0,9
"w_344676","treatment",2019-10-16,0,8
"w_342246","control",2023-11-09,0,6
"w_655891","treatment",2023-06-24,1,4
"w_175082","control",2023-06-27,0,9
"w_894697","control",2022-09-02,15,8
"w_410319","control",2025-10-06,4,8
"w_656363","treatment",2021-05-27,2,15
"w_865894","treatment",2024-11-20,0,5
"w_847862","treatment",2019-06-12,16,16
"w_864431","control",2019-07-31,86,11
"w_603279","treatment",2019-12-31,0,14
"w_390170","treatment",2021-04-17,0,12
"w_826554","control",2023-09-03,0,11
"w_376286","control",2020-10-06,0,9
"w_412040","control",2018-07-03,1,11
"w_381818","control",2024-02-24,0,6
"w_950209","control",2020-08-04,2,10
"w_197389","control",2022-07-15,0,11
"w_745532","control",2022-08-13,0,15
"w_498706","treatment",2023-08-28,0,8
"w_262266","treatment",2018-07-27,3,10
"w_313944","control",2020-01-29,0,8
"w_123850","control",2024-12-27,4,10
"w_769041","treatment",2022-11-04,4,13
"w_473164","treatment",2022-02-23,0,7
"w_253055","control",2021-04-03,0,14
"w_658419","treatment",2025-12-06,6,9
"w_727788","treatment",2024-10-19,3,13
"w_151853","treatment",2019-04-17,0,11
"w_687650","control",2024-04-13,2,9
"w_481140","treatment",2019-05-08,0,8
"w_728248","control",2022-12-01,0,15
"w_649735","control",2020-08-14,0,11
"w_722906","control",2022-01-21,14,8
"w_906936","treatment",2021-10-16,2,10
"w_555357","treatment",2025-07-14,0,11
"w_508651","control",2020-11-28,1,14
"w_549919","control",2020-12-30,0,9
"w_922913","control",2024-04-15,0,7
"w_332488","treatment",2024-08-15,3,8
"w_206964","treatment",2025-05-05,0,12
"w_245015","control",2023-01-30,0,17
"w_623856","control",2023-11-26,0,9
"w_768825","control",2022-02-10,0,11
"w_215271","treatment",2024-11-17,3,11
"w_327339","treatment",2021-03-19,0,11
"w_311111","treatment",2023-11-19,36,11
"w_509497","control",2018-11-08,1,11
"w_211455","control",2025-11-15,1,8
"w_683614","control",2019-11-20,1,10
"w_499538","treatment",2020-10-06,16,11
"w_130868","control",2025-09-14,17,9
"w_269331","control",2026-01-19,4,11
"w_173329","treatment",2025-01-14,16,9
"w_520256","treatment",2018-07-03,0,6
"w_907404","treatment",2020-03-22,0,9
"w_206618","control",2024-01-03,0,3
"w_892926","treatment",2020-04-12,2,10
"w_808500","control",2019-12-04,2,9
"w_208489","control",2026-02-16,0,5
"w_498980","treatment",2022-10-10,0,8
"w_965655","treatment",2021-06-01,0,3
"w_215286","treatment",2020-09-17,0,12
"w_741760","control",2021-10-01,0,6
"w_602330","control",2019-06-16,0,7
"w_306239","treatment",2020-07-16,3,12
"w_854299","control",2018-11-24,0,11
"w_989269","control",2019-08-27,19,9
"w_740310","control",2024-09-08,0,13
"w_971236","control",2020-04-11,2,7
"w_378637","control",2024-12-13,31,9
"w_801601","treatment",2018-10-03,0,6
"w_844486","control",2022-04-01,0,9
"w_585798","treatment",2021-02-08,0,13
"w_425115","control",2022-11-01,0,4
"w_577008","treatment",2023-01-23,7,11
"w_408180","treatment",2018-10-01,1,10
"w_223628","treatment",2021-01-02,10,7
"w_543734","control",2023-08-16,0,8
"w_786137","control",2022-09-22,1,8
"w_606713","control",2025-12-07,4,8
"w_998873","control",2022-05-23,0,8
"w_856492","control",2021-05-18,1,8
"w_755562","treatment",2026-06-10,17,10
"w_634956","treatment",2024-07-10,9,8
"w_880241","treatment",2019-10-13,0,10
"w_653267","treatment",2023-05-02,0,9
"w_752107","control",2019-02-26,0,6
"w_676693","control",2023-01-28,13,10
"w_304749","control",2022-05-14,1,5
"w_547820","treatment",2024-05-04,16,7
"w_433749","control",2019-02-18,0,12
"w_329406","treatment",2023-12-23,2,13
"w_770778","control",2025-05-12,3,11
"w_288182","treatment",2018-12-07,0,10
"w_654626","control",2021-10-17,1,8
"w_240467","control",2018-08-26,12,10
"w_224528","treatment",2021-02-19,10,10
"w_912088","control",2024-01-13,0,9
"w_327598","treatment",2022-05-04,17,12
"w_806276","treatment",2019-12-23,61,6
"w_582296","treatment",2021-08-16,0,6
"w_263655","treatment",2025-08-09,0,12
"w_261834","control",2022-05-28,0,10
"w_905750","control",2019-07-31,0,8
"w_617089","treatment",2025-05-16,0,5
"w_752328","control",2024-12-06,39,9
"w_353324","control",2019-04-04,0,8
"w_984482","treatment",2020-06-24,0,7
"w_361461","control",2020-06-19,0,12
"w_610707","control",2021-10-27,0,6
"w_718753","control",2024-04-11,0,14
"w_908817","treatment",2020-01-18,0,9
"w_961854","treatment",2023-06-04,0,7
"w_769313","treatment",2020-09-24,4,9
"w_762957","control",2023-03-19,1,11
"w_410277","treatment",2021-09-17,0,10
"w_990556","treatment",2020-09-25,0,11
"w_969842","treatment",2019-07-15,0,11
"w_223361","treatment",2018-11-08,0,11
"w_296691","control",2025-09-27,4,12
"w_691658","treatment",2023-04-20,13,14
"w_384219","treatment",2024-04-25,0,7
"w_842677","treatment",2023-03-02,11,14
"w_110428","control",2023-07-07,0,13
"w_343480","control",2026-02-16,0,10
"w_744351","treatment",2019-11-30,11,8
"w_276774","treatment",2023-05-16,0,8
"w_518445","control",2021-06-07,0,13
"w_138403","treatment",2018-11-29,0,10
"w_522255","control",2025-02-13,0,14
"w_618695","control",2019-01-27,0,14
"w_803093","control",2021-01-15,0,10
"w_981451","control",2025-05-01,0,14
"w_389926","treatment",2020-07-10,0,13
"w_577911","treatment",2019-06-30,3,10
"w_789892","treatment",2022-10-01,3,13
"w_187075","treatment",2025-05-25,0,11
"w_347784","control",2023-02-14,0,8
"w_972947","control",2022-06-28,3,17
"w_653297","treatment",2022-02-18,0,11
"w_326899","control",2023-04-18,4,4
"w_978276","treatment",2023-06-11,0,21
"w_412751","treatment",2022-06-25,0,7
"w_619395","treatment",2026-04-18,1,13
"w_496062","control",2022-04-04,1,15
"w_952607","control",2022-07-13,9,12
"w_702059","control",2020-12-17,0,14
"w_753369","treatment",2024-01-23,0,8
"w_123145","treatment",2024-04-14,0,9
"w_781155","control",2025-10-08,0,13
"w_578051","treatment",2026-05-15,0,7
"w_888505","control",2026-02-04,18,9
"w_153820","control",2024-05-14,2,17
"w_486536","control",2020-11-20,0,9
"w_252577","control",2020-03-27,18,11
"w_720077","treatment",2020-05-21,0,9
"w_572343","treatment",2026-05-28,0,9
"w_527300","treatment",2023-05-25,3,7
"w_511560","control",2018-10-14,19,9
"w_227093","treatment",2022-09-03,18,7
"w_963638","control",2021-05-24,4,9
"w_216318","control",2024-01-29,4,7
"w_348420","control",2022-06-03,0,6
"w_718904","treatment",2023-06-22,6,14
"w_988113","treatment",2022-09-16,0,14
"w_717983","control",2019-01-10,47,11
"w_158307","control",2020-07-19,64,12
"w_151659","treatment",2024-06-21,0,5
"w_117603","control",2021-06-07,4,11
"w_815864","control",2022-07-17,0,8
"w_338270","treatment",2018-10-30,0,7
"w_798183","treatment",2023-06-23,2,14
"w_996880","treatment",2019-11-17,3,15
"w_720020","control",2024-03-12,39,5
"w_585737","control",2018-11-02,4,10
"w_983537","control",2021-07-29,0,10
"w_129887","treatment",2022-05-28,2,8
"w_434183","treatment",2024-12-09,0,9
"w_507100","treatment",2026-01-11,19,7
"w_844910","control",2025-04-02,0,7
"w_958001","treatment",2021-01-25,11,9
"w_180470","treatment",2021-07-06,0,9
"w_398178","treatment",2021-09-06,0,7
"w_653759","treatment",2018-08-04,1,10
"w_542530","treatment",2020-02-25,0,13
"w_576694","treatment",2020-10-15,0,13
"w_312293","treatment",2018-12-15,0,16
"w_449309","treatment",2022-02-13,3,12
"w_299921","control",2022-04-05,0,12
"w_420896","control",2019-06-19,0,7
"w_879140","control",2022-12-23,15,5
"w_102122","treatment",2020-10-02,3,10
"w_368456","control",2018-06-04,0,8
"w_623775","treatment",2026-06-21,0,12
"w_148206","treatment",2024-01-18,0,11
"w_954908","treatment",2025-06-26,4,8
"w_381549","control",2026-02-10,0,11
"w_197248","control",2021-10-07,0,11
"w_403980","treatment",2019-01-25,0,5
"w_693431","control",2020-12-16,0,7
"w_347030","control",2026-04-28,0,15
"w_265924","treatment",2024-03-22,11,11
"w_128929","treatment",2019-02-19,3,9
"w_486437","control",2019-01-15,2,9
"w_537007","control",2022-09-25,2,11
"w_819710","control",2022-02-24,0,7
"w_349420","treatment",2022-11-04,24,10
"w_132288","treatment",2022-06-25,0,12
"w_352704","treatment",2019-09-10,1,12
"w_607594","treatment",2019-02-11,16,8
"w_293549","control",2026-04-13,3,16
"w_965559","treatment",2021-08-02,57,9
"w_565462","treatment",2019-03-21,11,8
"w_644128","treatment",2020-07-09,0,9
"w_733372","control",2023-11-02,1,13
"w_973676","treatment",2025-06-14,0,11
"w_492821","treatment",2021-06-23,4,3
"w_737190","treatment",2021-12-02,3,16
"w_410216","treatment",2018-12-13,0,10
"w_940168","control",2020-05-31,0,15
"w_390795","treatment",2020-04-01,8,13
"w_753238","treatment",2021-02-25,0,10
"w_153558","control",2023-11-25,3,12
"w_122322","control",2023-03-01,1,9
"w_108082","treatment",2022-03-27,4,9
"w_258603","control",2023-03-10,0,9
"w_792022","treatment",2019-07-31,14,12
"w_731436","control",2024-07-25,1,14
"w_234570","treatment",2020-08-10,0,12
"w_105727","control",2022-10-18,15,17
"w_142327","control",2023-04-30,14,4
"w_611931","treatment",2025-06-05,3,12
"w_473427","treatment",2024-08-03,10,10
"w_515174","control",2023-02-28,4,7
"w_720673","treatment",2019-11-28,0,15
"w_960951","treatment",2019-03-03,0,4
"w_149259","treatment",2021-07-02,0,10
"w_139634","treatment",2025-11-27,4,15
"w_739062","control",2022-05-04,0,9
"w_594485","control",2019-12-27,0,8
"w_396915","control",2022-06-03,0,10
"w_946834","treatment",2019-03-29,0,16
"w_158331","treatment",2023-02-27,4,10
"w_340346","control",2021-05-02,0,9
"w_571090","control",2025-04-23,0,18
"w_337064","control",2019-09-24,0,9
"w_269876","control",2018-07-30,0,7
"w_382299","treatment",2019-11-10,2,9
"w_197589","control",2023-10-25,0,6
"w_518715","treatment",2020-10-26,0,6
"w_774745","control",2025-07-02,2,5
"w_123202","control",2019-05-18,30,11
"w_662794","control",2021-06-22,0,6
"w_166458","treatment",2021-06-04,0,7
"w_153455","control",2025-11-26,0,5
"w_369413","treatment",2024-09-16,0,15
"w_416868","control",2019-05-27,0,13
"w_992956","control",2020-11-30,0,8
"w_102629","treatment",2024-01-22,0,10
"w_931037","control",2025-04-20,18,9
"w_993352","treatment",2024-12-20,0,11
"w_140464","treatment",2026-01-20,4,16
"w_922425","treatment",2022-11-09,0,11
"w_260876","control",2023-08-16,2,9
"w_883354","treatment",2020-06-03,0,12
"w_218061","treatment",2022-04-10,0,14
"w_421377","treatment",2021-05-18,11,9
"w_100591","treatment",2025-10-17,2,3
"w_523257","control",2019-07-28,0,6
"w_947894","control",2021-09-23,1,11
"w_282061","control",2018-09-07,4,9
"w_977462","treatment",2018-11-28,0,10
"w_854132","treatment",2026-03-04,0,15
"w_785947","treatment",2024-02-01,1,7
"w_473362","treatment",2022-08-11,0,14
"w_533880","control",2020-03-03,2,9
"w_625581","control",2020-04-02,0,10
"w_712636","treatment",2023-05-15,0,8
"w_753272","treatment",2024-11-27,0,8
"w_119323","control",2025-02-17,0,13
"w_584464","control",2026-05-20,2,13
"w_373787","treatment",2021-01-04,2,7
"w_890639","treatment",2019-08-13,15,13
"w_993774","treatment",2020-01-15,4,9
"w_497850","treatment",2020-05-26,0,7
"w_981633","treatment",2023-05-21,0,7
"w_430467","treatment",2019-08-05,2,6
"w_526532","treatment",2021-01-17,1,12
"w_347278","control",2024-01-19,18,15
"w_473813","treatment",2022-12-14,2,11
"w_979646","treatment",2023-06-19,0,10
"w_870237","treatment",2020-12-04,0,2
"w_565279","control",2024-09-06,0,11
"w_100104","treatment",2022-11-26,3,11
"w_544231","treatment",2021-06-23,11,11
"w_211331","treatment",2018-08-22,0,16
"w_152617","control",2020-10-29,0,11
"w_619268","treatment",2018-12-21,15,6
"w_423083","control",2020-06-12,0,12
"w_343840","treatment",2019-03-05,2,11
"w_346033","treatment",2019-06-10,0,9
"w_910361","treatment",2026-05-09,0,9
"w_822578","control",2026-03-10,0,9
"w_833409","control",2019-10-01,4,12
"w_664212","treatment",2022-07-04,4,11
"w_687231","control",2025-05-19,0,11
"w_690588","control",2025-04-19,0,10
"w_606937","treatment",2020-09-04,5,9
"w_819549","treatment",2021-08-29,0,4
"w_754795","control",2018-11-03,0,14
"w_954578","control",2022-09-22,0,12
"w_761602","treatment",2018-07-06,0,10
"w_153094","treatment",2018-12-09,18,10
"w_309167","treatment",2025-08-14,37,6
"w_945750","treatment",2025-04-20,0,9
"w_837585","control",2025-10-17,2,11
"w_784939","treatment",2025-01-27,0,7
"w_700576","control",2024-08-21,0,4
"w_682446","treatment",2018-08-27,0,7
"w_920136","control",2023-12-28,0,15
"w_478761","treatment",2018-09-14,0,11
"w_532616","control",2024-02-23,0,13
"w_825645","control",2021-02-26,0,10
"w_357163","control",2021-02-11,4,11
"w_941565","treatment",2023-04-18,0,8
"w_412636","control",2023-10-12,2,12
"w_777553","treatment",2023-05-10,4,10
"w_661305","treatment",2026-02-17,3,12
"w_702015","treatment",2021-03-22,0,9
"w_457661","control",2025-02-07,0,15
"w_431075","treatment",2019-01-08,4,8
"w_685887","treatment",2025-09-06,3,8
"w_656047","control",2023-06-12,2,12
"w_349540","treatment",2021-09-19,0,10
"w_516211","treatment",2021-11-24,5,10
"w_682192","control",2020-02-16,4,11
"w_150459","control",2020-03-08,1,10
"w_900645","treatment",2026-06-12,4,10
"w_313393","treatment",2018-09-05,0,18
"w_886614","treatment",2021-05-25,0,8
"w_297828","treatment",2018-06-30,0,11
"w_137616","control",2025-01-28,0,11
"w_590188","treatment",2023-09-08,0,12
"w_678506","control",2025-10-05,0,10
"w_157482","control",2025-03-31,0,9
"w_695071","control",2019-11-27,2,8
"w_236726","treatment",2026-06-07,4,12
"w_568473","control",2019-08-12,0,10
"w_430019","treatment",2023-07-10,0,17
"w_353946","control",2021-07-20,0,9
"w_113387","treatment",2022-11-08,3,8
"w_532144","control",2021-11-19,0,8
"w_528247","control",2020-12-09,3,7
"w_176827","control",2024-12-30,0,11
"w_131955","control",2019-06-21,19,7
"w_112900","control",2025-04-16,0,12
"w_578781","treatment",2018-06-10,17,12
"w_139309","control",2019-07-17,115,10
"w_185111","treatment",2019-08-02,0,17
"w_194316","treatment",2021-07-02,2,5
"w_186707","control",2019-08-30,3,4
"w_778317","control",2025-07-07,13,10
"w_314504","treatment",2018-09-22,4,9
"w_141434","control",2022-08-04,0,10
"w_266549","control",2023-05-17,0,11
"w_918955","control",2019-10-22,2,11
"w_890597","treatment",2024-04-11,0,14
"w_237924","treatment",2025-01-25,0,7
"w_948448","control",2025-01-10,0,11
"w_584692","treatment",2021-02-03,3,6
"w_634749","control",2023-02-04,43,12
"w_978261","control",2019-07-17,1,12
"w_847572","control",2024-03-12,0,7
"w_167003","control",2023-02-20,0,14
"w_660872","treatment",2026-04-18,19,12
"w_137807","treatment",2019-06-04,3,16
"w_867139","control",2021-05-26,0,6
"w_347590","control",2023-12-06,10,10
"w_213960","control",2019-03-26,0,9
"w_723862","treatment",2019-09-15,10,6
"w_723445","treatment",2023-11-13,15,9
"w_410888","treatment",2022-09-08,1,12
"w_962695","control",2020-11-03,0,14
"w_602156","treatment",2019-03-22,2,8
"w_349001","treatment",2019-04-04,38,12
"w_867244","control",2023-12-29,7,12
"w_538275","treatment",2023-02-21,43,9
"w_278722","treatment",2019-07-02,3,21
"w_372278","control",2024-11-03,0,9
"w_227270","control",2022-03-05,0,7
"w_527626","treatment",2021-04-08,0,20
"w_301759","treatment",2020-10-06,12,10
"w_671774","control",2018-07-14,1,7
"w_733172","control",2025-05-28,0,8
"w_452529","control",2022-10-18,0,10
"w_256700","treatment",2022-02-04,0,10
"w_318218","control",2023-07-28,0,8
"w_500168","treatment",2022-05-08,0,10
"w_948757","control",2020-03-16,0,13
"w_217600","treatment",2021-12-01,28,8
"w_623528","treatment",2025-05-14,1,8
"w_594912","control",2023-09-10,0,10
"w_961546","treatment",2023-06-19,0,7
"w_565486","control",2019-07-01,10,11
"w_628470","control",2022-06-20,18,8
"w_549780","treatment",2022-09-18,0,8
"w_714403","treatment",2020-04-05,0,9
"w_712876","control",2020-07-18,0,13
"w_667983","control",2024-01-18,0,11
"w_800897","control",2025-12-08,26,6
"w_866422","treatment",2024-07-21,0,11
"w_102543","control",2022-03-11,2,15
"w_823639","treatment",2023-03-08,24,10
"w_733973","control",2025-12-19,4,8
"w_170697","treatment",2019-06-28,0,12
"w_649649","treatment",2019-06-09,0,19
"w_883931","treatment",2020-12-08,3,6
"w_855530","treatment",2026-05-03,0,7
"w_617319","control",2021-04-27,0,9
"w_769262","control",2021-02-07,0,11
"w_224751","control",2019-05-18,0,7
"w_254377","control",2020-05-07,3,5
"w_938318","control",2020-11-18,3,12
"w_511472","treatment",2018-11-01,1,12
"w_713659","control",2022-07-09,8,11
"w_611055","control",2020-05-05,2,11
"w_997492","treatment",2019-10-09,0,16
"w_877248","control",2020-04-24,0,10
"w_582305","treatment",2025-10-10,0,8
"w_764566","treatment",2023-06-25,1,7
"w_921792","control",2024-06-04,0,5
"w_127689","control",2019-11-26,0,10
"w_288845","control",2023-11-04,0,13
"w_230465","control",2020-09-03,3,8
"w_517824","control",2025-04-27,1,13
"w_652668","control",2025-08-24,0,12
"w_924807","treatment",2023-02-21,0,12
"w_373589","treatment",2025-05-30,9,17
"w_589295","control",2025-07-24,0,12
"w_589378","control",2020-01-10,1,10
"w_159784","treatment",2020-01-09,0,7
"w_138155","control",2024-02-01,3,10
"w_315877","treatment",2024-08-18,10,9
"w_167722","treatment",2018-08-22,0,13
"w_364747","control",2021-11-02,0,8
"w_395335","treatment",2019-04-13,13,12
"w_691497","control",2024-11-02,0,15
"w_228750","treatment",2019-12-14,0,10
"w_373469","control",2022-07-16,0,13
"w_415062","treatment",2023-03-16,0,12
"w_891740","treatment",2021-05-17,0,15
"w_293590","treatment",2019-09-06,0,11
"w_290230","treatment",2020-12-28,0,10
"w_458307","control",2018-10-28,1,9
"w_518234","control",2023-09-23,7,14
"w_744913","control",2024-08-27,0,10
"w_828367","control",2021-09-09,1,9
"w_539240","treatment",2022-02-23,1,7
"w_821409","control",2025-12-23,0,12
"w_276938","control",2020-04-14,0,12
"w_953472","control",2019-04-21,6,13
"w_754276","treatment",2020-01-16,2,8
"w_148171","treatment",2021-08-26,4,8
"w_148281","control",2025-06-22,0,7
"w_496948","control",2023-06-24,7,11
"w_647297","control",2022-03-17,10,5
"w_339241","control",2023-03-09,3,8
"w_225621","control",2023-11-14,11,11
"w_532104","treatment",2025-01-09,1,8
"w_881053","control",2024-01-09,0,9
"w_447632","treatment",2023-08-15,1,9
"w_226259","treatment",2021-09-29,0,9
"w_509856","treatment",2022-05-06,0,13
"w_369407","treatment",2026-01-29,3,12
"w_273411","control",2019-12-01,0,12
"w_992850","treatment",2024-02-20,1,11
"w_277719","control",2019-09-25,0,5
"w_108543","control",2024-08-21,2,12
"w_183006","control",2018-10-17,31,15
"w_745305","treatment",2023-06-16,2,7
"w_848255","treatment",2021-01-26,0,10
"w_422424","treatment",2025-07-22,0,14
"w_214039","control",2020-04-25,0,10
"w_240093","control",2025-02-22,0,9
"w_360904","treatment",2018-06-02,0,6
"w_820193","control",2019-09-26,0,11
"w_716364","control",2024-10-01,2,6
"w_531748","treatment",2018-10-02,14,14
"w_636725","treatment",2025-07-02,3,15
"w_871022","treatment",2024-07-15,2,4
"w_555070","control",2023-06-17,0,12
"w_736383","treatment",2021-05-27,0,7
"w_825299","control",2021-07-05,0,15
"w_969099","control",2023-05-14,0,15
"w_674711","treatment",2025-01-24,5,14
"w_612349","control",2023-03-29,0,8
"w_527432","treatment",2021-01-02,0,11
"w_959895","control",2022-08-08,2,12
"w_529657","control",2023-07-11,0,10
"w_502620","control",2023-01-11,3,9
"w_835488","treatment",2018-11-08,2,10
"w_794879","treatment",2026-02-27,0,12
"w_586202","control",2022-09-27,0,5
"w_906968","treatment",2025-11-15,0,10
"w_884116","control",2024-03-14,1,13
"w_280301","control",2024-07-12,3,16
"w_122714","control",2019-02-13,0,13
"w_450574","treatment",2021-08-22,2,10
"w_118814","treatment",2022-07-24,0,10
"w_758782","treatment",2022-01-15,0,10
"w_970701","treatment",2025-11-20,0,8
"w_999026","control",2018-07-25,18,15
"w_635799","control",2024-03-17,13,3
"w_987076","treatment",2024-11-25,0,6
"w_288133","control",2020-04-07,0,12
"w_352104","treatment",2023-03-04,12,8
"w_433019","treatment",2026-04-20,2,7
"w_115167","treatment",2020-06-29,0,9
"w_973682","treatment",2018-09-25,0,10
"w_971150","treatment",2018-12-29,0,9
"w_505537","control",2025-01-14,0,9
"w_763686","treatment",2022-03-06,0,9
"w_440212","control",2019-04-12,0,13
"w_439381","treatment",2021-08-03,0,9
"w_228143","treatment",2026-01-27,1,9
"w_688560","control",2025-03-03,0,11
"w_696433","control",2024-12-22,30,12
"w_804992","control",2026-04-27,3,14
"w_981538","treatment",2024-06-29,0,7
"w_173465","treatment",2024-05-20,0,8
"w_982220","treatment",2021-02-16,0,18
"w_708252","treatment",2020-10-11,6,7
"w_340858","control",2019-07-12,0,7
"w_191848","treatment",2025-03-09,3,9
"w_557589","control",2019-06-23,0,10
"w_159220","control",2026-04-15,0,6
"w_652484","control",2022-12-14,0,12
"w_732373","control",2023-12-22,2,9
"w_331626","control",2018-12-24,0,12
"w_504810","treatment",2026-07-13,3,6
"w_112959","control",2024-07-05,0,8
"w_717200","control",2021-04-07,0,14
"w_578663","control",2023-12-13,0,13
"w_306744","control",2019-06-20,15,8
"w_448319","treatment",2021-11-13,23,9
"w_183401","control",2021-01-14,8,12
"w_797431","control",2019-05-13,2,11
"w_126375","treatment",2020-08-24,0,12
"w_300874","treatment",2020-08-06,16,14
"w_121499","control",2023-03-17,0,13
"w_695298","treatment",2026-06-04,0,9
"w_152653","treatment",2024-09-22,3,17
"w_569373","control",2023-08-10,2,10
"w_674936","control",2025-05-26,1,11
"w_180378","control",2021-12-21,0,5
"w_872968","treatment",2019-03-12,1,12
"w_296937","control",2023-06-29,2,8
"w_846818","control",2018-11-22,23,9
"w_226159","treatment",2020-02-15,3,7
"w_966873","control",2024-03-14,18,10
"w_983469","control",2020-12-03,0,10
"w_677684","control",2019-01-05,0,13
"w_749826","treatment",2025-04-02,0,8
"w_970747","control",2019-03-05,0,8
"w_416785","control",2020-07-13,1,7
"w_944325","control",2025-12-01,2,12
"w_135878","control",2024-03-12,0,10
"w_207983","control",2024-02-24,0,6
"w_876472","treatment",2018-09-04,1,10
"w_674142","control",2022-11-28,0,14
"w_665561","control",2019-07-17,17,7
"w_987649","treatment",2018-09-10,0,6
"w_565112","treatment",2019-01-21,0,14
"w_522314","control",2020-11-05,29,8
"w_578095","control",2019-01-23,3,8
"w_390919","treatment",2019-05-07,0,10
"w_693074","treatment",2025-04-17,0,7
"w_125004","treatment",2019-09-27,0,9
"w_604171","control",2021-08-23,6,6
"w_726692","treatment",2021-07-13,7,7
"w_628064","control",2019-12-24,2,8
"w_798656","control",2021-10-04,0,10
"w_191280","control",2022-06-07,0,11
"w_817850","treatment",2020-08-19,0,6
"w_263170","treatment",2022-02-21,0,11
"w_222421","treatment",2026-06-22,2,8
"w_274158","treatment",2022-11-08,0,12
"w_801695","treatment",2024-12-27,0,16
"w_498859","control",2019-07-10,3,6
"w_992030","control",2019-06-05,0,9
"w_976582","treatment",2021-02-01,0,8
"w_993354","control",2022-10-31,0,11
"w_118136","treatment",2023-08-31,15,9
"w_950569","control",2018-10-04,0,9
"w_491112","control",2023-02-02,7,12
"w_589828","treatment",2021-05-25,0,11
"w_789421","control",2019-08-24,0,9
"w_866021","control",2022-09-10,0,6
"w_254468","control",2020-02-18,11,11
"w_483407","treatment",2018-08-06,0,15
"w_492960","treatment",2025-04-02,1,14
"w_986113","control",2019-02-02,15,9
"w_499999","treatment",2019-03-06,0,10
"w_103355","treatment",2022-11-27,2,8
"w_977030","control",2021-09-13,2,12
"w_381027","control",2019-10-08,0,11
"w_531473","treatment",2023-10-31,3,17
"w_252447","treatment",2024-06-12,0,6
"w_686299","control",2020-03-15,15,10
"w_384714","treatment",2018-07-21,0,9
"w_733861","control",2025-02-22,0,8
"w_725838","control",2023-06-15,11,5
"w_604596","control",2021-09-29,0,7
"w_678437","control",2022-01-03,0,10
"w_480816","control",2023-10-03,0,8
"w_805872","treatment",2019-11-01,7,7
"w_801116","treatment",2026-03-22,0,7
"w_185206","treatment",2021-05-05,9,6
"w_989152","control",2023-08-11,0,12
"w_324709","control",2026-04-28,16,7
"w_599601","control",2019-05-24,71,9
"w_175595","control",2023-02-02,15,9
"w_543373","treatment",2022-08-21,9,14
"w_371939","control",2021-11-09,12,12
"w_400663","control",2024-07-18,16,10
"w_859182","control",2021-08-16,0,10
"w_199683","treatment",2021-05-23,0,8
"w_464239","control",2026-07-13,0,13
"w_324322","control",2025-09-23,0,6
"w_352822","treatment",2022-12-01,3,11
"w_807915","treatment",2025-07-19,2,10
"w_973506","control",2026-03-22,13,17
"w_820800","control",2026-03-16,3,13
"w_153738","control",2025-01-18,16,5
"w_296484","treatment",2024-04-22,0,8
"w_750273","control",2023-04-01,0,9
"w_956440","treatment",2024-01-05,0,8
"w_113774","control",2026-07-06,30,17
"w_659398","control",2021-10-07,1,8
"w_653499","control",2025-02-10,42,9
"w_658099","control",2022-02-23,1,10
"w_692367","treatment",2025-10-23,0,10
"w_257140","treatment",2022-03-09,3,6
"w_763729","control",2021-02-24,9,8
"w_696588","treatment",2022-12-03,0,9
"w_769254","treatment",2019-01-03,7,6
"w_199278","control",2021-11-20,39,14
"w_204618","control",2020-05-20,0,9
"w_532881","control",2020-02-29,35,9
"w_714724","control",2020-01-30,2,9
"w_815081","control",2025-11-07,4,6
"w_383931","treatment",2022-09-18,0,11
"w_128988","treatment",2021-10-28,0,12
"w_794336","control",2024-08-14,12,14
"w_767441","treatment",2025-01-20,1,7
"w_882204","control",2021-08-16,0,12
"w_674274","control",2024-08-28,3,7
"w_998991","treatment",2026-04-07,6,5
"w_490518","control",2018-12-29,0,8
"w_207483","control",2026-03-26,0,8
"w_166941","treatment",2025-09-16,4,13
"w_530653","treatment",2026-03-06,0,9
"w_962151","treatment",2022-03-08,2,11
"w_492956","control",2024-05-20,0,8
"w_105186","control",2022-12-03,0,10
"w_640794","treatment",2022-03-20,2,11
"w_186330","treatment",2020-04-13,0,9
"w_954855","control",2021-12-22,0,8
"w_549636","treatment",2021-05-07,2,13
"w_603956","control",2021-07-08,0,13
"w_426735","treatment",2023-01-01,6,10
"w_501753","control",2026-06-26,31,13
"w_327430","control",2022-07-08,86,9
"w_641469","control",2019-06-04,5,9
"w_259541","control",2023-04-23,4,10
"w_343899","treatment",2019-07-19,3,11
"w_434262","treatment",2021-12-02,0,8
"w_549799","treatment",2021-01-12,0,6
"w_270459","control",2021-03-05,0,10
"w_593274","treatment",2021-12-20,0,10
"w_405059","control",2025-12-05,2,9
"w_165207","control",2019-11-08,0,13
"w_429331","treatment",2018-10-09,0,9
"w_184294","control",2024-10-17,3,13
"w_943400","control",2025-03-29,3,7
"w_303914","control",2018-08-02,1,12
"w_817647","control",2020-10-24,0,10
"w_356997","control",2025-07-18,4,8
"w_744522","treatment",2021-03-15,11,6
"w_576199","treatment",2022-01-12,1,6
"w_651174","treatment",2023-09-17,3,10
"w_567366","treatment",2021-06-02,7,7
"w_238025","control",2025-10-09,3,9
"w_197716","treatment",2021-02-17,0,11
"w_659846","control",2020-03-27,0,9
"w_374983","treatment",2019-05-07,59,7
"w_567138","treatment",2019-09-07,0,7
"w_823503","treatment",2019-07-09,18,9
"w_785242","treatment",2020-09-03,0,9
"w_158911","treatment",2025-04-04,0,11
"w_103123","treatment",2024-11-30,0,7
"w_227484","control",2021-01-24,3,10
"w_322180","control",2022-02-04,0,11
"w_163437","control",2026-04-17,0,6
"w_811242","control",2021-05-28,0,8
"w_802365","control",2021-10-28,0,8
"w_257056","treatment",2021-07-05,0,12
"w_133734","control",2025-10-31,1,6
"w_625402","control",2023-02-04,0,15
"w_857753","treatment",2020-01-04,14,9
"w_863050","treatment",2023-05-29,0,8
"w_460761","control",2021-07-30,7,6
"w_295617","control",2022-03-15,0,11
"w_313747","treatment",2025-05-02,0,10
"w_245642","treatment",2022-01-11,0,9
"w_468370","control",2020-09-17,0,11
"w_230381","control",2025-11-11,2,13
"w_629962","treatment",2021-06-09,0,11
"w_368053","treatment",2023-06-09,0,8
"w_449134","treatment",2020-07-09,6,12
"w_791345","treatment",2025-04-06,0,14
"w_516695","control",2020-05-07,0,10
"w_996478","treatment",2021-12-08,0,6
"w_321201","control",2025-06-26,0,13
"w_850811","treatment",2020-04-02,4,5
"w_609438","treatment",2020-04-26,0,9
"w_506248","treatment",2020-02-16,0,8
"w_504069","treatment",2019-09-26,24,14
"w_471306","control",2024-08-25,0,4
"w_268345","control",2026-03-04,0,9
"w_350066","control",2019-02-15,0,12
"w_515136","treatment",2025-01-22,0,11
"w_464742","treatment",2025-04-14,0,7
"w_670659","treatment",2021-02-22,30,13
"w_978325","control",2018-11-03,0,11
"w_958375","control",2021-03-24,13,11
"w_874942","control",2019-12-18,0,8
"w_291908","control",2024-07-08,3,8
"w_851693","treatment",2023-09-22,8,16
"w_856816","control",2024-02-27,4,13
"w_491758","control",2021-06-26,1,15
"w_432381","treatment",2018-06-19,20,7
"w_621269","treatment",2024-09-13,0,14
"w_184895","control",2023-10-15,2,11
"w_723976","control",2021-07-27,0,6
"w_728604","treatment",2019-04-01,0,15
"w_249345","treatment",2022-03-16,0,11
"w_436553","control",2020-12-11,11,14
"w_793591","control",2022-10-05,0,7
"w_571789","treatment",2020-08-06,0,14
"w_581540","control",2021-04-19,3,10
"w_330210","treatment",2025-06-30,0,9
"w_291533","control",2024-09-29,0,12
"w_745722","control",2023-10-30,4,9
"w_402352","control",2021-01-19,0,16
"w_598464","treatment",2019-10-11,9,12
"w_743120","control",2023-11-17,51,8
"w_322580","treatment",2026-04-24,4,19
"w_443642","treatment",2023-06-13,7,8
"w_255550","control",2018-10-20,4,4
"w_630505","treatment",2020-01-05,14,15
"w_236482","treatment",2019-11-07,16,11
"w_239961","treatment",2023-04-27,0,9
"w_250604","treatment",2023-11-20,5,8
"w_168687","treatment",2019-02-09,4,13
"w_426156","control",2018-11-23,18,12
"w_223266","control",2022-01-23,0,8
"w_305243","treatment",2023-02-26,0,13
"w_819901","treatment",2019-02-27,0,12
"w_334075","treatment",2018-10-06,0,8
"w_716150","treatment",2022-12-04,0,9
"w_779575","control",2020-11-27,0,7
"w_740207","control",2023-12-19,0,10
"w_130827","control",2021-01-24,0,12
"w_934613","control",2022-06-09,0,11
"w_493072","treatment",2022-09-23,11,8
"w_923140","treatment",2025-05-07,0,9
"w_710835","control",2019-12-14,2,6
"w_592772","control",2021-10-11,0,8
"w_478340","control",2025-09-11,0,10
"w_134354","control",2026-06-24,32,10
"w_241292","control",2022-05-20,0,9
"w_677401","control",2023-12-11,0,10
"w_203162","treatment",2019-10-18,0,5
"w_495784","treatment",2020-10-21,0,8
"w_997116","treatment",2018-08-03,18,7
"w_838031","treatment",2021-07-02,48,9
"w_570825","control",2018-08-04,0,9
"w_301088","treatment",2023-07-28,0,7
"w_739610","treatment",2022-09-20,0,8
"w_555494","treatment",2018-09-27,1,10
"w_150771","control",2019-03-24,11,5
"w_580551","treatment",2020-02-18,0,15
"w_656470","control",2020-02-21,16,9
"w_781123","control",2020-10-14,0,10
"w_713096","treatment",2020-03-24,4,7
"w_243529","treatment",2023-06-23,4,15
"w_328326","treatment",2024-07-05,1,7
"w_482359","treatment",2019-08-09,2,8
"w_858234","treatment",2024-03-31,11,15
"w_799675","control",2022-03-11,14,11
"w_851380","control",2025-07-19,5,10
"w_912190","control",2021-07-07,0,7
"w_866533","treatment",2019-03-13,0,6
"w_622506","treatment",2025-08-01,2,14
"w_721936","treatment",2023-04-02,1,11
"w_976169","control",2022-03-10,0,8
"w_474308","control",2025-03-31,3,11
"w_845376","treatment",2019-05-31,0,7
"w_613401","treatment",2022-02-23,4,6
"w_597339","control",2020-02-11,0,7
"w_501651","treatment",2023-04-17,0,5
"w_958910","control",2024-10-04,3,13
"w_874917","control",2020-08-25,6,14
"w_799652","control",2023-02-10,12,12
"w_665557","control",2022-06-21,0,2
"w_532636","treatment",2021-04-14,0,16
"w_577758","treatment",2022-03-02,0,11
"w_271594","control",2022-09-21,0,8
"w_540873","treatment",2019-08-30,0,9
"w_292521","treatment",2018-10-05,0,9
"w_658048","treatment",2019-01-07,0,8
"w_739030","control",2025-06-12,0,7
"w_290440","control",2024-11-09,0,9
"w_229737","control",2022-07-06,0,9
"w_765017","control",2020-08-02,0,10
"w_789398","treatment",2020-01-10,0,22
"w_424677","control",2019-09-18,0,13
"w_684187","treatment",2022-11-22,0,8
"w_381767","treatment",2022-01-01,0,12
"w_598285","treatment",2023-09-01,19,10
"w_568481","treatment",2023-09-01,5,15
"w_362551","treatment",2022-05-03,2,11
"w_398354","control",2024-05-22,2,17
"w_360936","control",2021-04-18,0,6
"w_450767","treatment",2024-04-29,3,9
"w_395291","treatment",2025-03-12,4,14
"w_184929","treatment",2020-05-02,0,9
"w_541098","control",2019-03-03,2,7
"w_213841","treatment",2021-07-01,0,10
"w_164854","control",2019-03-14,1,13
"w_876889","treatment",2020-09-12,0,5
"w_136156","control",2023-12-30,0,10
"w_859401","treatment",2025-02-05,0,13
"w_904709","control",2025-07-21,3,12
"w_186429","control",2024-05-09,6,10
"w_322031","treatment",2021-09-11,4,8
"w_563395","treatment",2022-07-09,10,11
"w_765546","control",2018-07-29,5,9
"w_471313","control",2025-06-16,0,4
"w_932419","control",2024-08-14,0,8
"w_271122","control",2025-05-14,0,6
"w_414915","control",2023-08-11,14,9
"w_507314","control",2023-06-27,0,7
"w_711186","control",2023-07-10,1,8
"w_799527","treatment",2020-03-21,0,16
"w_659678","control",2019-09-12,0,10
"w_131425","treatment",2018-08-27,0,9
"w_695726","control",2019-12-25,19,11
"w_781977","treatment",2023-02-22,9,15
"w_191247","control",2026-03-29,0,11
"w_728655","treatment",2022-05-05,0,4
"w_132343","treatment",2018-11-23,0,10
"w_963287","treatment",2020-11-16,0,11
"w_658945","treatment",2020-01-07,2,11
"w_595444","treatment",2021-09-02,1,5
"w_423732","treatment",2025-01-12,0,14
"w_607754","treatment",2020-01-29,16,9
"w_528676","treatment",2021-03-19,1,10
"w_982951","treatment",2026-06-04,1,15
"w_618807","treatment",2025-05-20,0,8
"w_334685","treatment",2023-02-26,0,12
"w_425334","treatment",2022-11-25,0,7
"w_580600","control",2025-04-04,0,12
"w_212805","treatment",2026-04-26,0,6
"w_720608","control",2019-10-16,0,14
"w_472578","treatment",2024-10-10,4,10
"w_191463","control",2024-05-01,0,14
"w_576461","treatment",2020-05-26,1,13
"w_254096","control",2024-03-16,1,11
"w_476409","control",2020-02-19,0,8
"w_621930","control",2022-02-26,0,9
"w_153193","control",2020-09-12,7,8
"w_785148","control",2026-01-08,5,9
"w_152761","treatment",2022-04-27,0,7
"w_817164","treatment",2022-09-08,0,10
"w_746259","treatment",2024-01-19,0,14
"w_126497","control",2024-05-30,2,10
"w_985263","treatment",2021-10-12,0,8
"w_131299","control",2021-07-29,0,6
"w_303271","control",2020-12-02,0,6
"w_231260","control",2020-10-10,0,9
"w_169954","treatment",2022-10-24,0,10
"w_652121","control",2019-10-06,4,10
"w_208569","control",2022-01-20,0,10
"w_419775","control",2019-07-05,1,6
"w_395083","treatment",2024-09-03,3,15
"w_470816","control",2025-05-03,0,9
"w_925538","control",2019-07-18,0,9
"w_511318","control",2021-04-08,0,6
"w_396995","control",2024-09-05,4,13
"w_506895","control",2024-12-12,78,9
"w_635542","treatment",2023-05-04,6,8
"w_517828","control",2023-05-13,0,14
"w_960170","control",2023-02-07,4,10
"w_642679","treatment",2024-06-04,0,8
"w_276807","treatment",2020-09-05,0,5
"w_448610","control",2019-08-30,26,11
"w_800133","control",2020-04-02,10,9
"w_693556","treatment",2024-10-09,0,9
"w_561886","control",2019-01-09,0,11
"w_768975","control",2026-03-20,0,9
"w_630706","control",2026-06-26,0,9
"w_223120","treatment",2018-11-04,18,9
"w_308100","treatment",2024-08-19,3,10
"w_141104","treatment",2020-09-02,0,12
"w_371452","treatment",2019-10-04,0,12
"w_441632","treatment",2025-02-21,0,7
"w_585361","treatment",2019-12-09,0,13
"w_933587","treatment",2019-12-11,54,13
"w_981127","treatment",2026-02-23,6,9
"w_596967","treatment",2022-03-25,0,11
"w_327813","control",2022-07-22,8,11
"w_864571","control",2023-10-10,4,9
"w_224880","treatment",2025-03-17,0,7
"w_315001","control",2021-02-17,0,11
"w_265155","treatment",2022-07-17,5,15
"w_808519","control",2019-12-17,0,8
"w_161795","treatment",2018-07-02,2,11
"w_975001","control",2023-07-12,0,13
"w_287362","treatment",2020-08-13,30,11
"w_925025","treatment",2023-12-07,0,9
"w_889133","treatment",2023-01-29,17,9
"w_766417","treatment",2025-05-15,0,13
"w_952362","control",2023-11-13,34,10
"w_320479","control",2024-07-09,16,9
"w_235161","control",2023-02-25,4,9
"w_117241","treatment",2020-04-22,0,11
"w_298599","treatment",2023-05-14,0,7
"w_205956","control",2020-02-14,0,9
"w_787197","control",2026-07-18,0,6
"w_389405","treatment",2019-01-24,0,9
"w_875381","treatment",2020-04-28,2,13
"w_943019","control",2021-12-30,0,10
"w_115836","treatment",2026-05-05,0,18
"w_827731","control",2022-05-22,0,15
"w_265851","control",2026-02-09,0,5
"w_798214","control",2026-05-21,3,14
"w_466679","control",2021-08-15,0,9
"w_842585","treatment",2021-02-20,0,6
"w_479635","treatment",2023-09-13,1,10
"w_138176","control",2025-07-05,2,9
"w_807389","treatment",2024-06-20,14,16
"w_805746","treatment",2019-12-17,0,14
"w_100272","control",2018-06-02,0,8
"w_627060","treatment",2021-10-13,0,10
"w_985318","treatment",2025-09-27,0,9
"w_628236","control",2019-09-14,0,9
"w_223155","control",2024-09-14,0,11
"w_299515","control",2024-07-13,0,21
"w_186805","control",2018-11-02,4,7
"w_719527","treatment",2025-09-18,0,9
"w_432637","control",2024-01-28,0,13
"w_414678","treatment",2023-10-16,6,11
"w_630613","control",2021-01-07,9,9
"w_872556","treatment",2022-08-20,0,10
"w_292971","treatment",2020-11-13,0,14
"w_357779","control",2021-04-01,0,14
"w_795570","treatment",2024-09-27,0,11
"w_555832","control",2020-06-24,4,10
"w_376355","control",2021-10-17,1,8
"w_144151","treatment",2022-01-25,0,8
"w_314725","treatment",2024-09-09,1,8
"w_919807","control",2019-11-01,3,11
"w_757900","control",2024-12-23,3,9
"w_795677","treatment",2019-05-12,18,12
"w_770468","treatment",2024-06-22,0,13
"w_111376","treatment",2025-10-22,2,7
"w_207690","control",2019-01-13,0,9
"w_231858","control",2018-07-13,7,6
"w_988029","control",2020-11-23,2,9
"w_951146","treatment",2025-02-03,0,12
"w_582693","treatment",2020-01-06,0,7
"w_319004","treatment",2026-04-16,0,10
"w_366295","control",2026-07-12,3,9
"w_394734","control",2018-08-19,18,14
"w_551877","control",2022-11-14,2,7
"w_824365","control",2022-02-22,17,9
"w_312158","treatment",2021-10-16,6,10
"w_345335","treatment",2019-08-15,93,14
"w_598172","treatment",2019-12-03,0,10
"w_907280","control",2023-02-26,4,8
"w_475787","treatment",2026-05-21,29,11
"w_112898","treatment",2019-12-28,49,8
"w_888778","control",2019-07-25,0,11
"w_365681","control",2019-05-19,15,12
"w_959263","treatment",2022-03-14,4,5
"w_336373","treatment",2021-12-08,19,15
"w_877058","treatment",2024-04-02,0,13
"w_788198","treatment",2021-08-25,1,9
"w_575967","treatment",2020-05-29,0,9
"w_245241","control",2025-01-14,2,13
"w_957079","control",2020-05-19,0,11
"w_657254","treatment",2022-11-27,0,10
"w_693209","control",2019-06-03,17,6
"w_899567","control",2025-10-22,0,9
"w_930641","treatment",2018-11-27,0,9
"w_640171","treatment",2026-04-04,0,11
"w_530820","treatment",2021-06-11,0,16
"w_733890","treatment",2025-04-16,3,9
"w_425979","treatment",2025-09-18,4,11
"w_997255","treatment",2022-09-28,2,10
"w_657729","control",2022-05-17,0,8
"w_590922","treatment",2022-06-15,0,16
"w_756226","treatment",2025-05-04,15,11
"w_987413","control",2022-05-29,0,12
"w_967517","control",2019-10-17,18,9
"w_880974","control",2018-07-05,0,10
"w_970191","control",2020-09-15,0,7
"w_427899","control",2025-11-16,18,8
"w_640553","treatment",2023-11-21,0,14
"w_768250","treatment",2022-01-03,8,3
"w_208589","control",2019-08-10,16,12
"w_711653","control",2020-07-23,12,11
"w_789516","treatment",2021-09-28,0,6
"w_427523","control",2018-06-29,0,14
"w_133584","control",2023-09-25,0,9
"w_364776","control",2022-10-28,0,11
"w_469258","control",2020-12-19,3,13
"w_409557","treatment",2022-04-15,0,10
"w_611803","control",2020-05-11,0,10
"w_606767","treatment",2025-06-17,0,13
"w_785667","control",2019-02-09,27,12
"w_297904","treatment",2023-03-17,0,11
"w_486364","control",2022-12-24,15,15
"w_854983","control",2019-05-11,0,10
"w_759417","control",2022-11-21,2,5
"w_734093","treatment",2019-12-12,0,13
"w_845792","control",2020-12-30,0,3
"w_747464","treatment",2018-11-18,1,11
"w_463759","control",2020-07-27,1,11
"w_491457","control",2025-04-25,0,7
"w_867913","treatment",2021-12-26,54,8
"w_725120","treatment",2024-07-25,0,7
"w_597168","treatment",2025-04-10,0,11
"w_227593","control",2024-09-06,3,17
"w_352738","treatment",2024-08-17,0,8
"w_622456","control",2022-05-10,0,7
"w_653613","control",2023-08-01,0,12
"w_877509","treatment",2024-10-06,0,12
"w_631033","control",2022-08-19,2,13
"w_157582","treatment",2022-02-15,0,7
"w_635582","treatment",2022-05-26,0,12
"w_276802","control",2023-08-19,0,10
"w_994538","treatment",2022-02-12,18,8
"w_875713","treatment",2026-07-13,6,13
"w_600326","control",2019-01-26,0,10
"w_376787","treatment",2022-04-03,2,12
"w_788466","treatment",2021-06-18,1,16
"w_897683","control",2026-07-12,2,15
"w_583832","control",2022-05-01,5,11
"w_904075","treatment",2019-12-02,0,8
"w_980765","control",2018-11-14,0,6
"w_149133","control",2020-04-12,1,11
"w_975114","treatment",2023-06-24,0,5
"w_947641","treatment",2022-10-07,0,11
"w_207867","treatment",2024-10-26,3,8
"w_808667","treatment",2023-01-26,3,11
"w_907945","treatment",2019-08-25,0,15
"w_341903","control",2023-01-27,0,11
"w_279441","treatment",2025-04-03,0,12
"w_603252","control",2023-07-22,1,12
"w_335325","control",2021-10-24,3,7
"w_511963","treatment",2022-03-14,4,9
"w_972358","treatment",2018-07-15,4,10
"w_746767","control",2020-07-27,2,9
"w_149514","treatment",2021-08-17,0,15
"w_700815","treatment",2024-08-31,4,10
"w_441442","treatment",2024-06-23,0,8
"w_906099","control",2018-08-12,3,10
"w_332808","control",2022-05-26,4,14
"w_313157","control",2021-03-04,4,14
"w_901690","treatment",2020-02-14,0,16
"w_567745","control",2021-08-23,0,7
"w_281849","treatment",2026-04-11,15,11
"w_467438","treatment",2022-08-21,0,13
"w_147955","treatment",2025-08-23,0,13
"w_998532","control",2021-12-29,0,11
"w_182063","control",2021-12-06,48,13
"w_383973","control",2022-10-09,1,11
"w_116919","treatment",2022-01-12,48,8
"w_565894","control",2025-11-25,1,12
"w_345571","treatment",2021-11-12,2,13
"w_515999","control",2020-03-20,0,8
"w_248657","control",2022-04-04,0,13
"w_321100","treatment",2020-04-22,18,5
"w_827530","treatment",2021-10-05,0,9
"w_763728","control",2020-08-15,18,8
"w_186874","control",2023-06-14,0,6
"w_501097","treatment",2020-05-30,5,7
"w_205223","treatment",2025-05-14,10,11
"w_418663","control",2021-04-13,0,9
"w_608745","control",2025-12-03,0,9
"w_537086","treatment",2021-01-25,36,5
"w_347921","treatment",2023-07-24,4,7
"w_941697","control",2023-10-13,19,11
"w_937283","treatment",2022-11-19,120,10
"w_981514","control",2022-02-04,1,12
"w_622672","control",2018-09-29,0,13
"w_209110","control",2019-02-23,0,17
"w_774400","treatment",2021-05-09,3,17
"w_774229","treatment",2021-03-16,0,11
"w_594746","treatment",2020-05-24,11,10
"w_582926","control",2025-07-20,0,9
"w_736973","treatment",2021-01-24,4,5
"w_519982","treatment",2024-12-09,0,16
"w_548740","control",2023-12-07,0,12
"w_411678","treatment",2025-01-12,0,12
"w_346166","control",2024-08-04,0,18
"w_625529","control",2022-12-14,25,7
"w_269386","control",2022-08-08,1,15
"w_470164","treatment",2023-07-05,37,5
"w_647853","control",2020-08-09,0,10
"w_211527","treatment",2023-08-01,1,13
"w_418065","control",2025-12-29,42,11
"w_829861","treatment",2023-03-23,19,8
"w_533160","treatment",2020-05-08,6,4
"w_659323","control",2019-11-06,12,10
"w_544668","control",2025-07-02,0,7
"w_793313","control",2022-02-26,0,6
"w_317425","treatment",2025-06-03,0,5
"w_321118","control",2022-09-16,0,7
"w_528520","treatment",2025-01-09,0,12
"w_585742","treatment",2018-12-21,0,10
"w_584250","control",2022-02-09,31,10
"w_395107","treatment",2024-09-09,3,6
"w_610830","treatment",2018-09-26,0,9
"w_640195","treatment",2020-02-13,27,12
"w_255160","treatment",2019-10-10,0,10
"w_220283","treatment",2025-07-03,0,4
"w_630126","treatment",2020-10-30,0,7
"w_710932","treatment",2019-02-21,0,8
"w_726401","control",2025-05-08,0,8
"w_999208","treatment",2019-03-28,8,12
"w_314029","treatment",2022-05-01,4,10
"w_179393","treatment",2025-01-05,0,11
"w_967891","control",2019-02-22,13,10
"w_323301","treatment",2025-04-05,0,11
"w_243037","treatment",2019-11-28,1,6
"w_725208","control",2022-04-13,0,14
"w_429423","control",2020-05-26,4,9
"w_643982","treatment",2026-02-26,0,7
"w_718665","control",2020-07-09,13,7
"w_345615","treatment",2022-12-28,19,13
"w_272009","treatment",2020-07-22,4,12
"w_789264","treatment",2018-09-02,1,9
"w_357613","control",2023-11-01,3,6
"w_699160","control",2018-10-07,7,8
"w_327514","treatment",2022-12-17,0,6
"w_917360","control",2024-01-23,0,12
"w_865752","control",2020-12-16,0,10
"w_824641","control",2021-04-25,21,5
"w_720310","treatment",2026-06-13,0,10
"w_606630","control",2019-06-28,18,9
"w_546335","control",2019-10-19,0,11
"w_963994","control",2019-04-08,4,11
"w_583690","control",2019-12-15,0,10
"w_177971","control",2024-04-09,4,9
"w_134510","control",2021-01-31,2,7
"w_218059","treatment",2023-04-19,2,15
"w_567159","control",2024-03-04,0,11
"w_328105","control",2022-10-20,4,8
"w_971621","treatment",2020-08-31,3,9
"w_454604","treatment",2020-12-31,0,11
"w_131715","control",2022-01-05,0,5
"w_343222","treatment",2022-09-12,6,17
"w_882803","treatment",2024-11-19,4,6
"w_258861","control",2019-11-19,0,9
"w_374333","treatment",2024-09-08,0,10
"w_981531","treatment",2021-06-01,1,9
"w_104935","treatment",2020-05-01,0,5
"w_474875","control",2026-03-21,0,14
"w_276345","treatment",2019-12-18,0,12
"w_465655","control",2023-10-25,0,11
"w_815734","control",2021-03-09,32,8
"w_682086","treatment",2023-07-25,34,8
"w_572124","treatment",2022-03-11,0,10
"w_140127","treatment",2018-09-06,0,8
"w_878735","control",2020-01-18,10,7
"w_985133","treatment",2019-03-19,0,10
"w_417255","control",2020-07-28,1,4
"w_566510","treatment",2024-12-29,0,7
"w_514056","treatment",2020-12-20,0,6
"w_829130","treatment",2025-03-05,21,13
"w_227206","treatment",2021-04-19,0,11
"w_209473","treatment",2020-10-07,4,9
"w_558516","control",2022-03-17,0,5
"w_682817","control",2021-04-30,0,10
"w_204047","control",2021-08-31,0,10
"w_602353","treatment",2026-02-24,0,10
"w_269077","control",2022-05-29,13,7
"w_387604","control",2024-12-11,11,12
"w_576634","treatment",2022-09-26,0,7
"w_114563","treatment",2022-12-22,0,3
"w_559159","control",2023-08-03,5,9
"w_194515","treatment",2018-07-14,0,7
"w_803180","treatment",2023-07-19,0,8
"w_730167","treatment",2025-05-10,0,5
"w_271352","control",2026-05-16,8,9
"w_781225","treatment",2018-08-11,0,13
"w_858932","treatment",2025-10-29,0,12
"w_646692","treatment",2025-04-11,15,7
"w_571612","control",2024-03-19,0,16
"w_563595","treatment",2021-06-18,30,10
"w_513319","treatment",2026-02-18,2,7
"w_608951","treatment",2024-12-14,1,8
"w_226224","control",2024-08-14,0,11
"w_694482","control",2023-10-20,1,11
"w_282120","treatment",2019-01-29,0,11
"w_764516","treatment",2019-01-02,0,10
"w_728097","treatment",2019-03-11,0,10
"w_444209","treatment",2023-02-08,0,9
"w_396083","control",2021-02-27,0,11
"w_756769","control",2020-06-15,5,7
"w_687433","control",2019-05-26,40,5
"w_281944","treatment",2021-03-09,4,8
"w_844831","control",2025-02-21,0,6
"w_706075","control",2023-12-02,19,5
"w_125638","treatment",2022-07-30,0,10
"w_804805","control",2019-12-10,11,8
"w_858656","treatment",2025-06-23,4,8
"w_213268","treatment",2022-01-19,0,8
"w_226941","treatment",2024-10-12,0,9
"w_957110","control",2020-07-07,2,10
"w_990771","control",2022-08-20,9,4
"w_132394","control",2023-05-25,0,9
"w_783505","control",2020-03-04,1,17
"w_386091","control",2024-09-14,4,13
"w_805983","control",2022-08-06,1,10
"w_882628","treatment",2019-09-05,51,7
"w_867554","treatment",2023-01-05,0,14
"w_359706","control",2022-10-11,1,14
"w_606456","treatment",2021-10-30,0,13
"w_674370","treatment",2026-03-25,1,10
"w_390861","treatment",2019-06-27,0,17
"w_977650","treatment",2021-11-28,0,13
"w_326413","control",2026-06-27,10,9
"w_511019","treatment",2021-12-31,3,8
"w_689697","control",2019-06-29,1,8
"w_826829","control",2026-02-21,1,13
"w_153222","control",2022-02-20,0,8
"w_122079","control",2023-11-07,0,13
"w_601808","control",2023-10-25,45,11
"w_650274","control",2020-12-05,4,9
"w_553869","control",2020-07-25,0,13
"w_225018","control",2023-06-24,12,10
"w_843455","treatment",2022-03-05,1,9
"w_563668","treatment",2020-01-21,2,8
"w_478855","control",2020-07-15,0,17
"w_424942","control",2020-11-12,37,11
"w_144546","treatment",2026-04-16,14,13
"w_881827","control",2019-06-01,14,4
"w_125490","control",2024-02-04,0,11
"w_699805","control",2020-10-19,1,6
"w_783615","treatment",2020-10-04,0,9
"w_979623","treatment",2021-07-10,2,13
"w_327038","control",2023-03-10,0,12
"w_404907","treatment",2021-09-30,0,12
"w_728297","treatment",2024-07-28,0,12
"w_490719","treatment",2023-08-14,0,10
"w_735969","treatment",2026-05-13,13,11
"w_914322","treatment",2018-07-26,8,9
"w_123516","control",2025-07-18,3,7
"w_369400","control",2026-06-06,0,10
"w_924936","control",2025-08-27,0,9
"w_948624","treatment",2020-06-24,3,10
"w_162754","treatment",2023-12-24,4,8
"w_951330","control",2026-03-21,3,8
"w_717612","control",2019-03-11,0,13
"w_550581","control",2026-01-31,0,13
"w_134348","treatment",2022-10-23,2,12
"w_687790","treatment",2025-08-11,0,13
"w_477721","control",2024-11-14,0,12
"w_653567","treatment",2020-02-16,7,13
"w_920321","treatment",2020-10-09,3,9
"w_344803","control",2026-04-23,0,8
"w_369042","control",2022-11-10,1,12
"w_565887","control",2025-12-14,0,10
"w_299043","control",2019-04-06,0,9
"w_856376","treatment",2025-04-14,36,9
"w_816129","control",2024-03-21,0,7
"w_725491","treatment",2023-09-06,0,8
"w_204719","control",2018-09-06,9,7
"w_886861","control",2023-08-26,0,5
"w_370950","treatment",2018-06-18,0,8
"w_159258","control",2020-06-23,0,8
"w_134131","treatment",2022-01-29,0,9
"w_460707","control",2022-06-11,0,10
"w_418231","control",2024-06-07,0,8
"w_821908","control",2024-12-13,4,9
"w_647773","control",2022-12-16,0,11
"w_953870","control",2022-10-12,16,9
"w_975348","treatment",2021-03-11,0,9
"w_836108","control",2020-07-30,0,6
"w_444973","treatment",2019-07-01,3,8
"w_467774","control",2020-12-27,17,9
"w_586530","treatment",2025-03-01,0,11
"w_845321","control",2022-03-29,0,10
"w_741049","control",2020-01-03,95,9
"w_680000","treatment",2020-01-14,0,13
"w_715103","control",2023-04-25,0,8
"w_400489","control",2026-03-12,0,8
"w_502923","treatment",2020-04-20,0,9
"w_896362","treatment",2022-06-20,3,6
"w_498023","control",2023-07-04,0,4
"w_760447","control",2025-09-25,11,9
"w_437867","treatment",2023-06-27,0,10
"w_289175","control",2022-09-12,0,8
"w_366733","control",2022-06-06,0,10
"w_427049","treatment",2022-06-15,2,9
"w_341520","control",2021-07-31,12,9
"w_128660","treatment",2024-05-01,0,10
"w_826886","treatment",2020-10-15,0,8
"w_966180","treatment",2025-06-11,0,12
"w_388295","control",2026-02-09,0,12
"w_162276","treatment",2019-10-21,2,11
"w_664965","control",2021-12-26,11,6
"w_873450","treatment",2021-10-27,3,8
"w_350889","treatment",2024-05-05,0,9
"w_133338","treatment",2022-01-22,0,9
"w_484329","treatment",2022-04-22,58,8
"w_768595","treatment",2020-11-27,8,10
"w_581875","treatment",2020-06-04,9,16
"w_899609","treatment",2024-11-07,0,15
"w_497996","control",2024-06-30,0,9
"w_267923","control",2024-04-28,0,10
"w_449095","control",2018-11-02,0,11
"w_589058","control",2025-07-05,0,13
"w_131227","treatment",2021-01-19,0,8
"w_309379","control",2018-07-15,29,7
"w_875799","treatment",2024-07-26,2,9
"w_504486","treatment",2026-03-13,0,13
"w_491841","control",2025-02-16,0,4
"w_374219","control",2021-01-25,0,13
"w_322085","control",2022-04-13,0,7
"w_430608","control",2019-01-23,36,11
"w_766099","treatment",2024-12-20,16,7
"w_924637","treatment",2018-10-24,0,3
"w_473700","treatment",2019-11-24,56,10
"w_225078","treatment",2018-11-23,10,10
"w_704696","control",2021-03-31,4,5
"w_509151","treatment",2025-07-22,0,9
"w_961372","treatment",2024-10-15,3,10
"w_805351","control",2019-11-26,17,12
"w_163187","treatment",2024-05-24,0,10
"w_360293","treatment",2022-04-12,0,6
"w_649676","control",2019-03-14,0,11
"w_723088","treatment",2023-08-15,3,9
"w_990325","treatment",2022-08-27,0,13
"w_122973","control",2020-11-14,2,7
"w_569066","treatment",2021-09-24,0,11
"w_510546","control",2023-05-08,8,12
"w_539531","treatment",2020-05-04,0,14
"w_291936","control",2025-08-31,2,7
"w_421935","treatment",2019-01-17,1,14
"w_470562","control",2022-10-19,0,9
"w_167735","control",2018-06-28,0,14
"w_444883","treatment",2022-12-07,1,13
"w_716332","control",2024-10-08,1,10
"w_989918","treatment",2022-07-11,0,9
"w_540681","control",2023-06-22,0,12
"w_176696","treatment",2025-09-30,0,10
"w_169177","control",2023-08-06,22,7
"w_364114","control",2019-05-14,2,5
"w_953005","treatment",2019-07-14,3,11
"w_989050","treatment",2020-10-19,0,7
"w_820498","control",2024-11-29,0,11
"w_641907","treatment",2021-06-08,14,13
"w_770937","treatment",2019-05-29,0,13
"w_169099","treatment",2025-01-14,0,11
"w_192358","control",2020-11-02,1,11
"w_768624","treatment",2025-03-18,6,7
"w_199485","control",2023-12-06,15,7
"w_440184","control",2020-10-08,11,14
"w_566110","control",2026-07-11,1,12
"w_102152","treatment",2021-01-06,3,9
"w_699567","treatment",2020-05-14,90,5
"w_576827","control",2022-12-04,16,12
"w_345215","control",2019-03-03,0,7
"w_156950","treatment",2026-04-02,250,14
"w_594858","control",2019-11-04,1,11
"w_457511","control",2019-03-09,0,5
"w_272338","control",2025-11-07,12,13
"w_790105","control",2020-01-05,0,14
"w_830158","control",2021-01-09,0,13
"w_969204","control",2019-08-18,0,7
"w_135105","control",2020-09-26,0,9
"w_965062","treatment",2019-11-28,17,7
"w_383424","treatment",2020-10-08,4,10
"w_345069","control",2019-07-11,0,13
"w_466522","control",2023-07-01,0,9
"w_949217","treatment",2019-01-25,11,14
"w_820008","treatment",2019-04-12,7,3
"w_562532","control",2024-04-24,0,7
"w_980732","treatment",2022-03-15,0,10
"w_983581","control",2023-03-17,4,7
"w_777486","control",2019-10-21,0,7
"w_268794","treatment",2024-05-15,3,8
"w_782412","control",2021-10-01,1,10
"w_939819","control",2025-05-27,0,14
"w_779882","treatment",2019-12-29,4,9
"w_922848","control",2024-07-18,0,13
"w_297733","control",2021-02-27,0,11
"w_726975","treatment",2018-08-03,0,6
"w_544025","control",2019-12-19,0,9
"w_864970","control",2019-12-29,0,10
"w_445730","control",2021-10-01,1,8
"w_776284","treatment",2024-09-06,0,7
"w_354350","treatment",2019-07-11,0,7
"w_540860","control",2025-06-24,2,9
"w_926693","control",2019-10-04,12,14
"w_245235","control",2024-08-09,0,10
"w_349616","control",2026-06-21,0,11
"w_946699","treatment",2024-12-10,0,13
"w_447157","control",2025-05-13,0,13
"w_763831","treatment",2023-08-25,0,6
"w_354869","control",2022-04-21,0,8
"w_112809","control",2018-09-17,1,5
"w_563293","treatment",2018-11-19,0,11
"w_144428","treatment",2021-11-13,0,7
"w_784398","control",2024-08-17,0,9
"w_703819","treatment",2023-09-20,0,11
"w_101909","control",2018-10-08,8,10
"w_579806","treatment",2026-07-18,28,12
"w_338147","treatment",2023-05-31,11,10
"w_868626","control",2023-01-22,1,11
"w_317598","control",2021-06-02,6,10
"w_563405","control",2026-03-29,0,11
"w_577185","control",2026-04-05,0,11
"w_656637","treatment",2026-02-08,0,6
"w_561918","control",2023-02-11,0,5
"w_888123","control",2026-04-02,0,14
"w_339000","treatment",2019-04-08,0,9
"w_686392","control",2019-02-10,0,11
"w_418390","control",2018-11-26,0,12
"w_170497","control",2021-05-22,0,9
"w_794589","treatment",2024-09-15,2,18
"w_858682","treatment",2025-03-26,12,15
"w_152661","control",2022-03-20,0,9
"w_793501","treatment",2018-12-24,4,12
"w_550308","control",2020-06-19,3,11
"w_102329","treatment",2022-10-16,1,16
"w_947251","treatment",2022-11-30,1,5
"w_144833","treatment",2021-10-14,1,9
"w_987955","treatment",2026-06-14,0,10
"w_721938","control",2018-12-30,6,8
"w_518782","control",2025-03-05,19,12
"w_582671","control",2019-02-22,0,12
"w_852258","treatment",2025-03-02,0,12
"w_422294","control",2023-04-13,9,13
"w_663461","control",2024-02-07,10,11
"w_463871","control",2022-01-23,0,14
"w_704453","control",2026-03-22,0,9
"w_328525","treatment",2023-12-11,3,14
"w_504586","treatment",2023-08-20,25,10
"w_233294","treatment",2025-04-08,7,13
"w_408529","treatment",2023-06-21,2,7
"w_280163","treatment",2018-12-19,0,12
"w_657084","control",2018-07-10,0,10
"w_617755","treatment",2021-05-30,0,9
"w_725531","treatment",2019-12-02,0,13
"w_403271","control",2022-05-02,0,14
"w_225385","treatment",2021-12-16,0,12
"w_559890","control",2019-04-06,24,8
"w_149196","control",2018-08-08,0,5
"w_386877","control",2018-07-05,0,15
"w_126892","control",2022-06-19,0,10
"w_955946","treatment",2020-12-29,3,9
"w_937969","control",2020-04-14,0,11
"w_129224","control",2026-03-04,0,12
"w_374672","treatment",2025-10-24,0,11
"w_391008","control",2019-06-05,0,10
"w_144703","treatment",2024-08-30,2,9
"w_471820","control",2026-03-25,0,7
"w_445379","control",2019-01-13,3,11
"w_637491","treatment",2023-11-10,16,11
"w_487477","control",2024-03-16,1,14
"w_470882","control",2022-10-07,0,8
"w_239931","control",2024-05-09,0,7
"w_378454","treatment",2020-12-09,1,3
"w_989422","control",2019-11-12,4,11
"w_145613","control",2019-09-17,49,9
"w_714138","control",2023-09-17,0,10
"w_425801","control",2019-02-28,3,9
"w_644509","treatment",2026-02-24,14,8
"w_753615","treatment",2021-10-15,4,14
"w_165146","treatment",2019-11-21,0,7
"w_858634","control",2023-12-11,0,12
"w_389776","treatment",2023-04-20,0,13
"w_893804","control",2024-03-24,0,5
"w_992480","control",2020-07-06,2,10
"w_190102","control",2022-08-02,0,10
"w_218041","control",2025-05-20,4,5
"w_205236","treatment",2025-10-14,4,11
"w_556281","treatment",2019-08-01,32,10
"w_824221","control",2019-02-12,3,6
"w_935796","control",2019-02-22,0,10
"w_805433","control",2025-05-18,17,14
"w_260133","treatment",2022-08-22,0,6
"w_821470","control",2023-01-05,1,7
"w_355890","control",2021-02-23,4,9
"w_845695","treatment",2023-01-16,1,5
"w_755551","treatment",2026-01-14,0,10
"w_803869","treatment",2021-05-09,4,10
"w_606800","treatment",2023-05-31,4,12
"w_992388","control",2025-08-20,0,11
"w_189445","control",2018-10-24,0,8
"w_553203","control",2024-04-07,8,9
"w_586698","control",2024-11-15,0,11
"w_796936","control",2021-04-20,0,10
"w_634781","control",2022-01-17,0,9
"w_898577","control",2018-12-01,0,10
"w_767460","treatment",2022-10-16,0,11
"w_450454","treatment",2018-12-07,0,8
"w_962902","treatment",2021-08-10,58,9
"w_712370","control",2025-02-13,11,11
"w_919273","control",2024-06-02,0,10
"w_562290","control",2019-05-05,15,9
"w_969933","treatment",2024-01-24,2,6
"w_492629","control",2019-05-27,13,13
"w_884827","control",2026-05-31,0,5
"w_265209","treatment",2019-09-09,1,13
"w_821175","treatment",2023-09-04,11,13
"w_207665","treatment",2019-05-15,0,6
"w_320683","treatment",2023-12-05,0,12
"w_442048","treatment",2020-01-29,0,7
"w_744717","control",2019-01-09,0,9
"w_846422","control",2024-01-15,0,10
"w_975139","treatment",2023-09-29,0,6
"w_945976","treatment",2020-01-22,3,11
"w_605626","treatment",2025-03-18,4,16
"w_840381","treatment",2024-10-23,0,8
"w_535098","treatment",2024-05-26,2,13
"w_163407","treatment",2022-11-01,49,9
"w_793333","control",2023-03-18,0,9
"w_481350","treatment",2022-12-28,3,8
"w_688570","control",2018-08-25,0,9
"w_965560","treatment",2020-07-09,0,12
"w_384094","control",2018-08-03,13,10
"w_453223","control",2024-07-30,8,8
"w_168113","treatment",2019-07-27,0,13
"w_811811","control",2026-02-06,0,3
"w_623824","treatment",2026-07-03,3,12
"w_253547","control",2024-06-07,0,7
"w_523665","treatment",2024-07-26,0,8
"w_451406","treatment",2018-11-28,0,12
"w_254625","treatment",2021-11-30,0,7
"w_809746","treatment",2018-07-11,2,13
"w_302207","control",2022-06-05,64,7
"w_287083","control",2024-06-10,0,9
"w_377580","control",2025-08-24,0,12
"w_669268","treatment",2023-09-18,0,8
"w_400983","control",2021-04-11,0,16
"w_382530","treatment",2019-11-29,0,3
"w_796869","treatment",2024-01-03,1,9
"w_507729","control",2024-03-14,0,9
"w_224022","treatment",2026-04-29,0,14
"w_772002","control",2021-05-06,0,5
"w_604456","treatment",2026-03-25,0,13
"w_575504","treatment",2022-12-30,35,8
"w_836194","treatment",2023-10-13,4,8
"w_515494","control",2019-10-02,46,12
"w_386577","control",2024-02-25,0,10
"w_949862","control",2023-12-14,0,11
"w_322255","treatment",2019-08-04,0,11
"w_917073","control",2023-10-18,1,13
"w_384545","treatment",2025-10-21,4,9
"w_619829","control",2022-06-11,15,13
"w_450610","control",2025-10-10,0,8
"w_340583","control",2025-12-21,1,12
"w_798186","treatment",2024-08-21,0,13
"w_517690","control",2025-10-04,0,9
"w_505962","treatment",2021-05-19,10,12
"w_579595","treatment",2026-06-23,0,6
"w_399791","control",2025-12-02,1,13
"w_322119","control",2019-08-20,0,12
"w_237939","treatment",2023-11-16,0,3
"w_173261","control",2026-04-02,2,15
"w_749610","treatment",2024-04-26,0,13
"w_158492","treatment",2024-04-18,2,18
"w_978619","control",2025-05-04,0,16
"w_827493","treatment",2024-09-19,0,6
"w_168429","control",2024-02-11,2,11
"w_679913","control",2022-02-14,0,8
"w_936702","treatment",2024-08-19,0,10
"w_664659","control",2018-12-01,0,14
"w_158288","control",2021-08-15,3,10
"w_212272","control",2023-07-25,0,11
"w_953271","control",2021-07-27,1,3
"w_764551","treatment",2020-01-12,0,10
"w_494843","treatment",2020-05-14,5,8
"w_687521","treatment",2019-09-28,1,6
"w_383787","treatment",2019-03-22,0,11
"w_335369","treatment",2023-04-05,1,9
"w_752288","control",2018-08-13,0,9
"w_281685","control",2018-09-19,0,9
"w_335868","control",2021-05-27,4,16
"w_534317","control",2023-05-25,21,8
"w_826858","treatment",2020-11-19,1,6
"w_450088","control",2019-04-04,0,10
"w_888700","control",2025-01-23,0,5
"w_901675","control",2018-10-30,0,10
"w_568794","control",2018-06-18,0,10
"w_754022","control",2021-09-05,11,5
"w_401369","control",2025-11-22,0,7
"w_469101","treatment",2023-02-22,4,5
"w_408294","control",2024-12-02,24,8
"w_622008","treatment",2024-10-04,0,9
"w_655267","treatment",2023-03-06,2,12
"w_866996","treatment",2025-12-26,0,12
"w_221213","control",2019-03-03,0,7
"w_668145","treatment",2024-12-14,0,13
"w_591960","treatment",2019-05-30,9,13
"w_332404","treatment",2025-09-20,1,8
"w_407242","control",2019-09-25,6,8
"w_392825","treatment",2022-08-10,3,7
"w_850168","control",2025-04-13,4,7
"w_933227","control",2023-10-15,0,9
"w_124053","treatment",2021-06-17,0,9
"w_144414","treatment",2026-04-14,0,10
"w_484355","control",2025-12-29,0,7
"w_895588","treatment",2025-03-12,0,7
"w_645390","control",2026-01-13,0,11
"w_491904","treatment",2019-12-19,0,8
"w_475461","control",2023-04-17,0,11
"w_878587","treatment",2026-01-27,0,10
"w_583950","treatment",2020-03-31,0,13
"w_568298","control",2022-01-29,0,9
"w_271229","control",2020-04-05,0,16
"w_772642","treatment",2026-01-24,6,11
"w_239610","treatment",2020-12-21,19,7
"w_430184","control",2019-10-21,0,8
"w_128295","treatment",2023-05-07,3,9
"w_722859","control",2025-08-26,12,5
"w_975761","control",2019-04-08,0,7
"w_610444","treatment",2020-11-10,4,7
"w_956182","control",2019-06-14,4,8
"w_947400","treatment",2019-01-22,0,14
"w_901260","treatment",2018-12-01,0,10
"w_867953","treatment",2019-05-20,2,9
"w_886658","treatment",2022-01-24,0,14
"w_395153","treatment",2018-07-28,1,10
"w_998198","treatment",2024-10-14,0,11
"w_714018","control",2024-10-21,2,11
"w_436371","control",2023-10-28,1,13
"w_968204","control",2018-10-31,2,10
"w_735024","control",2021-04-13,3,5
"w_594664","treatment",2019-02-04,0,13
"w_510132","treatment",2026-07-13,0,9
"w_797903","control",2021-10-04,0,11
"w_425874","treatment",2022-01-03,0,11
"w_255429","control",2023-11-30,0,11
"w_116008","treatment",2025-10-06,7,9
"w_150496","treatment",2025-07-14,10,11
"w_995349","treatment",2022-05-19,0,12
"w_575329","treatment",2025-10-07,47,6
"w_406776","treatment",2018-12-12,2,10
"w_937086","control",2025-08-23,0,6
"w_763775","treatment",2018-12-13,0,10
"w_446278","treatment",2025-11-19,0,12
"w_227798","treatment",2021-10-24,0,13
"w_246550","treatment",2024-10-15,28,7
"w_160156","control",2019-11-01,13,13
"w_252893","treatment",2022-08-19,0,13
"w_464633","control",2021-12-06,0,12
"w_710431","treatment",2019-10-25,4,11
"w_915241","control",2025-02-26,3,7
"w_812412","control",2022-02-02,0,13
"w_667250","control",2024-10-21,0,7
"w_280670","control",2023-10-29,0,9
"w_246128","control",2021-08-20,0,13
"w_883269","treatment",2022-11-13,0,9
"w_559233","treatment",2024-03-28,0,10
"w_982276","control",2023-01-16,0,7
"w_713719","control",2024-09-06,2,10
"w_397043","treatment",2021-09-15,0,8
"w_863341","control",2019-09-04,1,8
"w_164290","treatment",2022-05-15,0,8
"w_428063","control",2019-02-20,16,11
"w_520411","treatment",2021-10-23,8,13
"w_369556","control",2020-11-01,0,9
"w_103662","control",2022-07-10,0,9
"w_450025","control",2025-06-28,0,3
"w_693524","treatment",2026-02-09,2,15
"w_195882","control",2024-03-11,17,9
"w_829653","control",2020-04-21,0,12
"w_968787","treatment",2022-09-08,0,9
"w_718361","treatment",2024-09-03,4,7
"w_228054","treatment",2018-11-07,0,12
"w_817556","control",2019-02-07,0,11
"w_631017","control",2022-05-08,11,13
"w_207277","treatment",2026-04-02,0,8
"w_561127","treatment",2023-08-22,1,9
"w_236169","control",2024-11-11,9,9
"w_538247","treatment",2021-03-09,4,13
"w_229244","treatment",2023-05-26,0,10
"w_919154","treatment",2022-04-09,0,6
"w_641135","treatment",2021-09-29,0,13
"w_981623","control",2021-05-09,0,12
"w_390416","treatment",2024-08-07,0,9
"w_869656","control",2022-10-16,0,14
"w_307873","control",2019-02-15,19,14
"w_110686","treatment",2025-07-08,0,13
"w_720767","treatment",2019-03-21,0,10
"w_257894","treatment",2020-01-16,8,6
"w_632244","control",2018-06-27,3,11
"w_987165","treatment",2025-03-04,0,7
"w_335071","control",2024-10-17,0,11
"w_369382","control",2020-04-25,0,15
"w_204370","treatment",2019-04-05,0,12
"w_751020","control",2021-04-29,0,9
"w_440785","treatment",2021-05-23,0,6
"w_281648","treatment",2022-03-03,13,11
"w_747672","control",2020-06-14,0,6
"w_808894","control",2025-04-13,0,10
"w_459161","treatment",2019-05-21,0,8
"w_387559","control",2024-01-24,0,6
"w_799061","treatment",2025-05-23,0,8
"w_624042","control",2024-09-27,9,4
"w_482306","control",2024-11-15,0,9
"w_576809","control",2019-07-28,19,11
"w_885096","control",2024-11-30,0,7
"w_116866","treatment",2026-03-15,3,7
"w_907315","treatment",2021-10-23,4,10
"w_324364","treatment",2022-08-15,4,13
"w_619950","treatment",2025-06-18,0,6
"w_605314","treatment",2024-07-12,8,14
"w_717698","treatment",2022-04-22,1,9
"w_186449","control",2022-02-14,2,7
"w_626645","treatment",2019-07-25,0,10
"w_138534","control",2024-10-21,4,16
"w_713856","treatment",2019-12-26,0,9
"w_617781","control",2021-10-26,7,11
"w_995819","control",2024-02-28,0,13
"w_567750","control",2019-01-12,0,10
"w_136324","treatment",2020-12-17,0,7
"w_634535","control",2022-10-29,0,16
"w_687304","treatment",2020-05-23,0,12
"w_571264","control",2021-02-25,7,13
"w_463518","treatment",2022-10-19,4,7
"w_116124","treatment",2026-05-23,0,8
"w_879629","treatment",2024-07-05,0,12
"w_184497","treatment",2022-03-17,0,8
"w_849147","treatment",2022-09-19,16,7
"w_577490","control",2020-09-13,1,8
"w_416702","treatment",2025-09-14,0,13
"w_667448","treatment",2020-02-13,0,15
"w_655951","treatment",2019-11-03,0,14
"w_715683","treatment",2019-04-17,0,9
"w_855270","treatment",2025-06-11,0,8
"w_128594","treatment",2023-06-09,0,7
"w_885152","control",2023-09-22,8,8
"w_955418","treatment",2020-06-27,5,8
"w_210884","treatment",2020-12-01,11,7
"w_757841","control",2022-03-02,4,6
"w_945881","treatment",2021-09-14,0,8
"w_148935","control",2023-01-01,0,13
"w_669397","treatment",2019-06-29,1,7
"w_479649","control",2024-06-30,0,7
"w_166908","control",2023-06-07,2,8
"w_525524","control",2022-09-28,0,8
"w_223235","treatment",2025-01-16,4,18
"w_480744","control",2021-10-14,14,6
"w_361236","treatment",2018-06-06,0,7
"w_575434","control",2024-06-20,0,9
"w_304658","control",2019-10-02,0,6
"w_177599","treatment",2018-12-05,0,12
"w_518972","control",2024-05-18,0,14
"w_397819","treatment",2025-06-24,0,7
"w_225177","treatment",2025-05-20,1,8
"w_460726","treatment",2024-11-08,0,13
"w_442357","control",2021-07-13,0,11
"w_264443","treatment",2019-11-13,4,7
"w_534047","control",2024-09-18,0,6
"w_463376","treatment",2022-03-02,0,6
"w_175630","control",2022-06-04,0,9
"w_467030","treatment",2021-05-31,0,9
"w_931127","treatment",2026-03-22,0,6
"w_255235","control",2024-08-31,0,8
"w_473985","treatment",2025-06-04,0,8
"w_352266","treatment",2020-09-04,0,12
"w_826202","treatment",2022-08-31,0,8
"w_530144","treatment",2018-07-06,3,8
"w_182849","control",2021-12-09,0,6
"w_170909","control",2024-11-06,0,15
"w_180327","control",2019-11-20,12,13
"w_344119","treatment",2025-01-04,3,8
"w_900856","control",2021-01-10,17,9
"w_119185","control",2020-04-10,0,9
"w_113665","treatment",2024-11-06,0,11
"w_808058","treatment",2025-10-30,1,10
"w_692619","treatment",2018-10-31,0,10
"w_952662","treatment",2026-06-01,1,9
"w_786488","treatment",2019-08-16,0,4
"w_507952","treatment",2019-01-17,1,13
"w_885762","treatment",2021-11-07,1,8
"w_811852","control",2023-08-25,0,9
"w_459090","treatment",2019-05-24,0,9
"w_189235","control",2020-06-28,0,16
"w_536894","control",2025-10-21,0,13
"w_965413","control",2023-05-08,0,11
"w_957897","treatment",2021-05-13,0,6
"w_355635","control",2022-01-24,0,11
"w_362055","treatment",2022-02-22,0,6
"w_222433","treatment",2022-07-11,0,8
"w_615853","treatment",2024-12-24,0,8
"w_960881","control",2022-03-08,19,10
"w_629383","treatment",2024-06-18,0,3
"w_798699","treatment",2018-10-07,0,11
"w_978430","treatment",2022-12-28,2,9
"w_270002","treatment",2019-01-07,0,6
"w_800465","control",2020-06-17,14,7
"w_687380","treatment",2021-02-19,0,15
"w_729647","control",2019-02-09,0,6
"w_465406","control",2024-02-14,0,6
"w_940012","control",2018-07-27,3,10
"w_859565","control",2018-10-27,4,7
"w_105329","treatment",2020-11-15,0,9
"w_332716","treatment",2022-12-14,0,6
"w_462854","control",2019-07-05,3,8
"w_369716","control",2023-10-02,0,13
"w_132682","control",2024-03-12,0,13
"w_681789","treatment",2022-12-10,0,13
"w_580348","treatment",2025-02-21,1,12
"w_166741","treatment",2026-03-24,10,9
"w_608842","control",2021-10-10,2,7
"w_789265","treatment",2026-01-28,13,10
"w_686722","control",2023-04-08,0,8
"w_802410","control",2023-12-01,4,10
"w_289648","control",2023-03-19,0,11
"w_637010","treatment",2018-09-01,0,7
"w_741337","treatment",2021-05-17,14,13
"w_428547","treatment",2023-11-02,0,10
"w_391273","control",2024-11-01,0,11
"w_464897","treatment",2025-12-31,4,7
"w_266127","control",2019-01-18,0,12
"w_675473","treatment",2025-06-30,0,9
"w_722692","treatment",2022-06-04,3,9
"w_466108","treatment",2024-11-13,30,10
"w_329628","control",2022-05-24,0,12
"w_446395","treatment",2020-06-01,1,6
"w_166914","control",2023-04-22,0,10
"w_506398","treatment",2025-04-28,15,12
"w_739908","control",2024-11-06,78,12
"w_725343","control",2022-08-02,0,3
"w_766860","control",2022-06-21,0,12
"w_102067","control",2024-09-10,0,11
"w_470042","control",2024-09-09,0,9
"w_518502","control",2025-06-13,0,12
"w_221857","control",2018-08-27,15,9
"w_465443","control",2021-06-25,0,8
"w_788379","treatment",2025-11-30,0,10
"w_213809","control",2018-12-18,0,10
"w_765714","control",2021-04-22,2,14
"w_581584","control",2023-09-21,2,9
"w_871620","control",2026-05-01,0,11
"w_721975","treatment",2022-05-02,5,10
"w_144661","treatment",2020-01-07,0,9
"w_670816","control",2023-12-11,17,11
"w_473379","control",2026-07-09,0,8
"w_607205","control",2019-05-18,0,7
"w_981875","control",2022-07-27,0,7
"w_536698","control",2019-01-14,0,10
"w_864110","control",2023-01-02,2,11
"w_629805","control",2023-09-05,0,7
"w_591737","treatment",2022-11-29,12,11
"w_103226","treatment",2023-11-22,1,15
"w_977201","control",2021-03-24,3,7
"w_795447","treatment",2024-02-24,2,18
"w_207433","treatment",2024-05-11,0,9
"w_357303","control",2020-11-25,12,8
"w_766430","control",2023-09-02,0,12
"w_464318","control",2018-11-04,17,8
"w_227842","control",2023-09-25,0,7
"w_262230","treatment",2019-12-02,0,12
"w_796087","treatment",2022-09-08,27,6
"w_406063","control",2022-12-03,0,9
"w_416179","treatment",2026-06-22,2,9
"w_476633","control",2024-08-09,29,10
"w_852035","treatment",2019-06-24,0,10
"w_792828","control",2022-12-22,4,7
"w_493004","treatment",2020-07-05,0,9
"w_855188","control",2023-03-17,0,9
"w_953348","control",2021-09-18,4,11
"w_491661","treatment",2020-08-13,1,11
"w_787422","control",2020-08-11,0,10
"w_710110","control",2024-09-09,5,11
"w_875432","control",2020-05-25,1,11
"w_414512","treatment",2023-04-04,0,14
"w_883142","treatment",2024-10-21,0,14
"w_157969","treatment",2022-12-19,9,8
"w_724288","control",2025-11-07,4,14
"w_209380","treatment",2019-10-18,6,5
"w_135999","control",2021-06-23,0,8
"w_315742","treatment",2026-05-18,0,8
"w_746693","control",2021-04-08,3,9
"w_511060","control",2018-07-24,0,13
"w_119072","treatment",2021-05-21,0,13
"w_910148","treatment",2021-02-07,0,9
"w_186892","treatment",2022-03-03,0,9
"w_928062","control",2024-11-25,24,10
"w_909415","control",2019-11-12,0,8
"w_143187","control",2019-02-27,0,7
"w_891112","treatment",2025-05-18,8,7
"w_417400","control",2021-11-15,12,10
"w_940107","control",2024-04-12,0,14
"w_770448","treatment",2024-03-21,0,11
"w_134175","treatment",2023-01-15,3,11
"w_684398","treatment",2018-08-16,10,11
"w_891295","control",2024-01-04,4,8
"w_844193","treatment",2018-06-25,5,8
"w_140487","control",2019-01-21,0,13
"w_326163","control",2024-02-11,10,13
"w_109423","control",2021-06-14,0,7
"w_209878","control",2018-11-27,3,12
"w_807191","control",2024-02-15,0,10
"w_751561","control",2025-05-01,0,14
"w_677944","control",2019-11-15,0,14
"w_763757","control",2024-03-25,0,10
"w_278327","control",2019-08-11,0,15
"w_442466","treatment",2025-11-29,0,8
"w_111959","control",2022-01-22,5,12
"w_283661","control",2020-09-12,0,10
"w_625680","control",2019-05-14,0,7
"w_520068","treatment",2024-03-17,99,8
"w_915454","control",2019-10-16,1,13
"w_166389","treatment",2020-10-02,0,7
"w_768027","control",2025-01-25,0,5
"w_858945","control",2024-04-14,0,11
"w_323797","control",2021-08-31,0,4
"w_879251","control",2019-02-24,0,9
"w_761090","treatment",2022-12-06,3,10
"w_290681","control",2023-09-01,0,12
"w_825626","control",2021-11-03,0,12
"w_660338","treatment",2022-12-02,3,9
"w_453717","control",2024-04-06,1,8
"w_589625","treatment",2019-09-11,6,13
"w_531996","control",2024-06-09,1,4
"w_206580","treatment",2019-10-19,2,6
"w_645354","control",2023-09-28,0,8
"w_463764","treatment",2022-10-25,2,13
"w_417441","treatment",2024-04-10,0,12
"w_753087","control",2026-01-31,5,11
"w_451378","control",2023-11-18,0,10
"w_240211","treatment",2020-06-02,0,12
"w_806272","control",2020-01-20,1,10
"w_360726","treatment",2025-05-27,14,14
"w_141275","treatment",2026-07-12,3,12
"w_779204","treatment",2025-06-30,2,8
"w_983044","treatment",2021-08-19,3,13
"w_684880","treatment",2022-07-30,0,8
"w_183261","control",2020-02-01,4,6
"w_849863","treatment",2019-09-07,0,10
"w_673993","control",2023-09-09,0,8
"w_395098","control",2025-06-23,0,9
"w_370375","control",2019-01-02,0,10
"w_836268","control",2021-11-19,0,11
"w_161372","control",2019-09-08,0,14
"w_541868","control",2019-02-04,16,6
"w_704421","treatment",2020-08-17,0,11
"w_894475","treatment",2019-05-14,7,11
"w_517232","control",2022-06-05,0,12
"w_211308","treatment",2021-01-17,7,10
"w_218910","control",2019-01-21,0,7
"w_695087","treatment",2020-06-13,0,10
"w_913250","control",2026-04-18,1,13
"w_516371","treatment",2023-06-20,0,12
"w_706531","control",2022-11-03,0,10
"w_513204","treatment",2019-03-02,0,15
"w_431116","control",2019-09-02,0,21
"w_871197","treatment",2021-03-18,0,13
"w_339574","treatment",2018-09-15,0,11
"w_872453","control",2026-03-26,2,7
"w_702034","treatment",2020-12-16,3,8
"w_363756","control",2018-08-05,10,12
"w_248514","control",2018-09-14,19,13
"w_485868","control",2021-02-23,3,7
"w_336581","control",2021-11-02,4,8
"w_784195","control",2023-09-17,1,11
"w_611448","treatment",2019-12-15,4,14
"w_837385","control",2021-03-01,0,7
"w_325131","control",2020-11-22,19,6
"w_197501","control",2022-05-23,4,10
"w_973095","treatment",2024-09-26,0,16
"w_558519","treatment",2022-08-05,8,7
"w_860771","control",2025-02-18,4,8
"w_600009","control",2019-07-09,0,10
"w_374928","treatment",2018-10-04,0,8
"w_977295","treatment",2026-04-22,15,9
"w_243702","treatment",2021-05-12,2,7
"w_170494","control",2022-04-29,18,9
"w_235850","control",2023-06-19,11,9
"w_696725","control",2021-11-16,11,9
"w_525495","control",2025-02-14,0,11
"w_369708","control",2019-03-18,4,5
"w_766513","treatment",2020-08-11,26,6
"w_574121","treatment",2020-09-12,2,7
"w_221602","control",2018-07-06,14,6
"w_483455","treatment",2019-10-24,0,8
"w_562209","control",2024-03-12,4,10
"w_568763","control",2019-01-21,0,17
"w_657655","control",2020-07-05,22,8
"w_821984","treatment",2024-05-23,0,6
"w_496180","control",2019-06-15,1,13
"w_386226","control",2026-01-30,0,12
"w_128515","control",2020-09-01,0,14
"w_388550","control",2023-11-10,1,10
"w_885901","treatment",2019-10-15,18,5
"w_775212","control",2025-05-18,4,8
"w_432557","treatment",2021-11-01,4,9
"w_190746","treatment",2026-01-18,14,10
"w_455978","control",2019-05-13,15,12
"w_309817","treatment",2022-12-31,4,9
"w_134354","treatment",2026-06-24,32,10
"w_392198","treatment",2019-08-04,4,8
"w_714970","control",2020-12-04,0,6
"w_498055","control",2026-02-19,3,10
"w_531078","treatment",2021-04-27,9,13
"w_709901","treatment",2024-12-13,4,11
"w_427210","control",2024-01-07,4,11
"w_684139","treatment",2023-09-28,0,12
"w_141045","control",2025-12-26,0,15
"w_719473","treatment",2019-12-19,0,13
"w_607553","treatment",2026-01-14,11,8
"w_630566","treatment",2019-05-05,3,6
"w_487569","control",2021-02-17,1,18
"w_788302","control",2024-04-18,0,6
"w_443517","treatment",2019-03-08,0,9
"w_312665","control",2020-06-02,72,12
"w_455387","control",2022-01-22,5,17
"w_473019","control",2021-07-12,17,8
"w_674494","treatment",2022-09-05,0,8
"w_747490","control",2024-06-12,0,8
"w_390303","treatment",2026-06-04,2,8
"w_992833","treatment",2019-02-20,46,10
"w_484419","treatment",2025-08-28,0,9
"w_713020","control",2019-05-20,34,8
"w_804005","treatment",2026-06-12,0,6
"w_477021","control",2020-10-30,0,8
"w_212137","treatment",2018-07-15,1,9
"w_830021","treatment",2021-07-21,2,10
"w_353835","treatment",2025-05-28,0,9
"w_983896","treatment",2021-10-25,0,11
"w_293065","control",2021-09-22,0,12
"w_887890","treatment",2021-12-01,3,13
"w_621493","control",2019-03-28,3,8
"w_336311","treatment",2022-09-30,0,10
"w_706138","treatment",2022-06-16,3,9
"w_446397","control",2023-12-24,0,11
"w_444694","treatment",2022-09-22,0,11
"w_178778","treatment",2025-04-06,13,6
"w_425454","control",2026-04-03,0,11
"w_362095","treatment",2020-12-06,0,10
"w_338527","control",2020-01-30,0,9
"w_829337","treatment",2018-11-07,16,10
"w_344585","control",2020-02-21,0,12
"w_564092","control",2026-04-10,0,8
"w_848464","control",2025-01-30,3,9
"w_573687","control",2024-02-19,0,16
"w_144875","treatment",2026-01-06,0,10
"w_890010","control",2022-07-23,4,8
"w_858305","control",2025-12-10,3,15
"w_608938","treatment",2024-11-16,0,9
"w_109691","control",2025-06-08,0,15
"w_124588","control",2022-01-24,2,8
"w_222512","treatment",2023-11-01,1,11
"w_394437","treatment",2023-02-09,0,15
"w_841556","control",2019-11-19,0,8
"w_933535","control",2025-07-14,7,8
"w_395278","control",2020-10-03,0,9
"w_200501","control",2022-04-22,0,12
"w_362656","treatment",2022-07-07,16,7
"w_532566","control",2025-10-29,0,11
"w_812297","treatment",2019-03-14,4,8
"w_747853","control",2022-04-09,160,11
"w_712844","treatment",2024-01-17,0,15
"w_164466","treatment",2024-07-02,0,12
"w_840914","control",2025-01-10,32,9
"w_365979","treatment",2019-07-21,19,10
"w_871707","treatment",2018-06-16,0,16
"w_367840","control",2021-03-07,3,10
"w_408828","treatment",2020-06-30,1,9
"w_292574","treatment",2024-11-25,0,15
"w_554538","treatment",2025-01-02,0,10
"w_138835","control",2024-01-03,1,11
"w_609859","control",2019-03-27,0,8
"w_284195","control",2020-09-24,0,7
"w_678655","treatment",2019-09-01,0,8
"w_584408","control",2025-07-05,4,7
"w_298758","control",2024-04-25,17,16
"w_814587","control",2018-08-02,0,5
"w_534924","control",2019-04-11,0,6
"w_876069","treatment",2020-02-16,0,6
"w_481109","control",2020-06-09,0,11
"w_140493","treatment",2025-10-18,0,16
"w_961088","treatment",2026-02-12,0,7
"w_462577","control",2023-04-24,6,11
"w_601756","control",2025-11-11,0,10
"w_175692","treatment",2024-05-20,0,11
"w_759014","treatment",2020-12-31,0,13
"w_437137","control",2020-09-08,0,11
"w_479342","control",2019-08-04,0,7
"w_327623","treatment",2019-01-18,0,10
"w_900337","treatment",2022-03-18,2,11
"w_263427","control",2019-01-24,1,12
"w_591840","treatment",2021-09-01,1,6
"w_713564","control",2020-08-06,1,7
"w_414477","control",2021-11-27,0,7
"w_767665","treatment",2018-08-21,1,11
"w_953729","treatment",2022-12-23,7,6
"w_739433","treatment",2025-03-25,2,10
"w_880178","control",2022-02-01,3,3
"w_810674","control",2020-04-24,0,12
"w_407889","treatment",2024-01-23,0,13
"w_532988","treatment",2019-02-16,0,12
"w_759849","treatment",2024-11-22,0,5
"w_251032","control",2025-02-09,0,16
"w_428375","treatment",2019-02-16,0,12
"w_391784","treatment",2019-05-29,0,10
"w_548995","treatment",2022-04-06,1,11
"w_669618","treatment",2019-05-20,0,10
"w_172777","treatment",2018-08-13,0,10
"w_517816","treatment",2022-10-31,14,12
"w_142663","treatment",2022-07-12,0,14
"w_769559","treatment",2018-11-05,2,10
"w_623640","control",2022-12-01,3,10
"w_163569","control",2022-09-01,0,7
"w_588931","control",2022-03-11,0,11
"w_600679","treatment",2020-04-01,0,8
"w_513160","control",2023-09-17,0,12
"w_410243","treatment",2022-06-30,5,12
"w_619837","treatment",2023-10-31,0,5
"w_890882","treatment",2025-08-21,0,7
"w_162802","treatment",2023-11-29,0,12
"w_391497","control",2024-08-03,1,10
"w_909503","treatment",2021-08-23,13,12
"w_967822","control",2023-06-05,7,9
"w_268633","control",2019-01-23,0,17
"w_586968","control",2023-05-28,0,4
"w_613406","control",2019-04-20,0,10
"w_395461","control",2018-11-10,0,9
"w_472408","treatment",2018-07-20,4,8
"w_910502","control",2020-04-05,0,5
"w_262929","control",2023-05-20,1,12
"w_550881","control",2022-10-26,3,5
"w_852873","control",2019-10-17,18,10
"w_785118","treatment",2026-05-18,4,10
"w_273320","control",2021-05-04,0,7
"w_493468","treatment",2018-10-01,0,20
"w_772173","control",2024-04-18,0,8
"w_817918","control",2026-04-26,1,9
"w_784099","treatment",2020-02-08,0,15
"w_913492","treatment",2026-01-24,0,15
"w_860346","control",2019-03-20,10,8
"w_458741","control",2021-04-11,0,8
"w_186749","treatment",2024-01-23,0,7
"w_769791","control",2025-06-09,18,8
"w_177984","treatment",2024-06-02,0,8
"w_872368","control",2019-07-25,3,6
"w_335830","control",2022-11-05,0,9
"w_578935","treatment",2020-05-23,1,6
"w_330018","control",2024-04-28,8,6
"w_338057","control",2025-03-06,0,16
"w_999656","treatment",2023-02-02,3,6
"w_865974","treatment",2022-08-01,4,13
"w_411491","treatment",2026-01-11,0,17
"w_174281","control",2023-05-11,1,13
"w_385089","control",2023-03-22,4,13
"w_972104","treatment",2018-08-29,0,9
"w_785293","control",2019-06-07,3,14
"w_671396","treatment",2023-05-11,5,13
"w_607866","control",2022-02-24,0,11
"w_198412","treatment",2021-03-19,4,7
"w_268799","treatment",2023-09-13,0,5
"w_619582","control",2024-03-13,0,13
"w_411340","treatment",2020-06-23,1,12
"w_581665","treatment",2021-10-27,0,6
"w_317619","control",2023-01-06,0,12
"w_889636","treatment",2025-11-08,2,11
"w_823685","control",2023-12-24,0,13
"w_862978","treatment",2026-04-03,0,10
"w_764542","control",2022-08-25,15,7
"w_362807","control",2020-11-19,1,14
"w_427542","treatment",2025-10-12,3,13
"w_192988","control",2023-05-24,4,10
"w_849663","treatment",2023-03-01,1,12
"w_477677","treatment",2020-11-03,0,14
"w_441002","control",2020-09-10,3,15
"w_344240","control",2020-05-28,0,10
"w_458883","control",2022-11-20,0,14
"w_909803","treatment",2025-12-13,0,10
"w_640884","control",2023-12-01,3,11
"w_605509","treatment",2022-11-16,0,15
"w_867859","treatment",2024-12-22,4,11
"w_830758","control",2018-08-10,0,13
"w_292178","treatment",2020-01-24,0,7
"w_381378","treatment",2021-04-17,0,5
"w_641358","treatment",2024-05-15,0,9
"w_784055","control",2025-10-06,3,4
"w_501135","control",2025-02-18,0,14
"w_741068","treatment",2024-12-05,18,5
"w_200897","treatment",2023-08-25,0,9
"w_740022","treatment",2019-10-02,0,7
"w_804681","treatment",2019-01-10,20,7
"w_864757","control",2024-02-04,22,6
"w_383136","control",2021-12-18,0,10
"w_175666","treatment",2024-08-13,33,7
"w_692813","treatment",2025-04-21,0,9
"w_853230","treatment",2021-10-18,2,8
"w_167645","control",2021-12-18,0,11
"w_863588","treatment",2023-09-13,2,3
"w_696187","control",2018-07-19,0,9
"w_614042","treatment",2021-04-08,4,11
"w_115064","treatment",2024-02-01,4,14
"w_410176","treatment",2024-04-28,0,12
"w_830159","treatment",2026-03-06,0,6
"w_336347","control",2019-09-12,0,4
"w_345333","treatment",2024-06-03,0,12
"w_519173","treatment",2022-11-03,0,7
"w_735604","control",2020-02-03,0,9
"w_924681","control",2021-06-19,0,8
"w_217938","treatment",2019-09-01,0,14
"w_926766","control",2020-02-13,4,7
"w_895308","control",2020-07-19,25,10
"w_206045","control",2019-11-05,19,14
"w_105132","treatment",2026-01-24,13,13
"w_343951","control",2018-12-05,0,6
"w_460677","treatment",2023-04-08,0,8
"w_643407","control",2026-04-28,0,11
"w_303671","treatment",2018-12-05,23,11
"w_406842","control",2023-09-17,0,12
"w_460961","treatment",2024-03-12,15,9
"w_866086","treatment",2025-08-18,0,14
"w_705796","control",2023-04-15,0,10
"w_469441","treatment",2026-03-21,3,13
"w_938744","control",2026-01-05,2,12
"w_318789","treatment",2020-12-21,16,10
"w_426447","control",2025-07-30,0,7
"w_820052","control",2026-01-18,0,12
"w_374944","treatment",2023-11-08,16,11
"w_944663","control",2023-08-22,0,15
"w_253592","treatment",2019-04-15,17,12
"w_589227","treatment",2018-07-16,17,6
"w_919918","control",2025-01-04,0,6
"w_631311","treatment",2023-08-13,3,9
"w_781406","control",2021-08-07,0,9
"w_821876","control",2026-04-15,0,13
"w_815914","control",2025-12-03,4,9
"w_271932","treatment",2020-07-24,12,9
"w_854069","treatment",2024-03-08,0,11
"w_907274","treatment",2021-09-15,0,7
"w_609898","treatment",2023-11-09,0,10
"w_763341","treatment",2022-08-07,17,7
"w_943945","control",2019-01-27,5,10
"w_840636","treatment",2022-07-27,0,12
"w_725545","control",2020-02-06,0,8
"w_298620","control",2025-05-09,0,16
"w_114882","control",2022-11-15,0,6
"w_257646","treatment",2018-11-27,0,18
"w_539099","treatment",2019-04-28,0,8
"w_391035","control",2021-12-23,27,15
"w_584970","control",2025-11-15,0,8
"w_100073","treatment",2023-08-11,0,10
"w_663015","control",2026-04-20,10,9
"w_936588","control",2024-03-19,3,10
"w_171967","treatment",2021-06-10,0,11
"w_765162","control",2024-09-09,0,11
"w_202269","control",2022-05-10,0,10
"w_480742","control",2024-01-20,0,10
"w_530606","treatment",2024-04-10,4,7
"w_941850","treatment",2019-06-01,20,15
"w_736450","control",2026-06-25,0,12
"w_634135","control",2024-02-18,0,8
"w_639431","treatment",2021-03-30,0,13
"w_893122","control",2025-10-27,7,12
"w_997379","control",2025-05-28,0,11
"w_311601","treatment",2024-05-30,0,11
"w_314470","control",2019-08-16,0,10
"w_426308","control",2025-05-03,0,9
"w_778666","control",2020-07-22,0,8
"w_295320","control",2026-03-21,0,11
"w_812119","treatment",2023-08-29,0,13
"w_916837","treatment",2025-09-13,11,7
"w_750391","control",2021-03-30,0,10
"w_485591","control",2022-01-31,0,10
"w_406179","control",2020-07-22,0,12
"w_587069","treatment",2020-09-11,10,14
"w_356375","treatment",2020-07-19,0,3
"w_591305","control",2021-06-09,1,9
"w_218407","control",2021-09-29,0,5
"w_249576","control",2020-10-23,0,9
"w_340614","control",2022-12-22,1,5
"w_157866","treatment",2022-07-07,0,7
"w_540686","control",2025-03-09,1,9
"w_494480","control",2023-03-26,4,13
"w_599237","treatment",2023-09-22,8,5
"w_151050","treatment",2024-04-22,0,13
"w_513168","treatment",2024-10-16,0,9
"w_967646","control",2026-04-15,0,9
"w_625208","control",2025-03-25,2,16
"w_134797","treatment",2023-07-08,3,7
"w_729464","control",2020-11-20,0,14
"w_543583","treatment",2021-09-19,7,9
"w_518172","control",2023-02-22,0,5
"w_534817","control",2024-08-02,0,9
"w_623173","treatment",2024-10-02,8,9
"w_592397","control",2021-10-27,0,7
"w_946551","control",2021-08-31,0,10
"w_623495","control",2023-11-07,4,13
"w_484484","control",2021-07-01,0,9
"w_646867","control",2019-08-05,3,12
"w_131921","treatment",2019-08-14,0,7
"w_943520","treatment",2021-12-29,0,11
"w_802469","treatment",2025-11-11,3,6
"w_409410","treatment",2022-07-06,0,10
"w_449379","control",2023-08-26,0,9
"w_373768","control",2018-08-16,1,9
"w_535609","treatment",2019-11-14,0,13
"w_320293","treatment",2021-04-26,0,5
"w_455426","control",2023-11-16,0,14
"w_626481","control",2026-03-29,0,11
"w_548665","treatment",2025-02-06,0,11
"w_976004","control",2026-04-11,0,8
"w_546390","control",2025-06-22,3,10
"w_128427","treatment",2022-03-12,3,9
"w_295523","control",2021-05-18,0,10
"w_203572","control",2023-07-31,11,7
"w_139746","control",2023-12-03,0,12
"w_933701","treatment",2021-01-06,3,12
"w_835687","control",2023-05-01,1,13
"w_165013","treatment",2024-02-23,1,10
"w_838904","treatment",2023-05-04,0,13
"w_902732","treatment",2025-09-16,4,11
"w_170271","control",2018-07-18,0,15
"w_684062","control",2023-04-21,0,9
"w_209782","treatment",2024-10-30,0,5
"w_114265","control",2020-01-13,0,9
"w_170392","treatment",2018-12-03,1,13
"w_565226","treatment",2021-09-02,0,12
"w_709419","treatment",2019-06-13,0,14
"w_589513","control",2024-08-14,0,10
"w_160453","treatment",2023-12-05,3,6
"w_863887","treatment",2019-07-25,3,9
"w_187915","control",2022-05-12,1,14
"w_266158","treatment",2025-01-25,2,15
"w_940216","control",2024-08-16,15,13
"w_632435","treatment",2022-08-03,0,14
"w_980010","control",2026-06-16,2,18
"w_839014","control",2024-01-26,0,10
"w_991583","control",2021-10-17,18,9
"w_813419","control",2023-05-30,0,8
"w_291365","control",2019-05-23,0,12
"w_135522","treatment",2019-12-31,3,13
"w_255802","treatment",2019-03-17,33,11
"w_743045","treatment",2020-06-21,0,11
"w_736748","control",2022-02-09,0,8
"w_860820","control",2024-03-28,0,7
"w_327843","treatment",2023-10-22,0,10
"w_654460","treatment",2022-07-18,0,9
"w_637798","treatment",2024-02-29,4,5
"w_511944","control",2018-09-29,0,7
"w_414043","treatment",2026-01-08,0,7
"w_634514","control",2022-01-31,0,10
"w_510670","treatment",2020-05-26,11,9
"w_747292","control",2022-01-01,2,11
"w_307503","treatment",2021-08-14,0,7
"w_721994","treatment",2024-11-12,4,9
"w_850761","treatment",2025-11-30,16,9
"w_494946","treatment",2023-10-31,0,5
"w_903065","control",2019-03-18,2,10
"w_408722","treatment",2019-08-09,9,13
"w_322918","control",2019-10-08,0,8
"w_711075","control",2023-07-23,5,10
"w_285685","control",2018-11-25,0,14
"w_318703","treatment",2018-10-27,0,9
"w_999722","treatment",2023-05-27,33,7
"w_318442","control",2021-03-11,4,10
"w_711868","control",2020-01-02,24,10
"w_271425","control",2024-08-09,0,5
"w_601110","control",2018-10-01,0,13
"w_347710","control",2020-10-25,2,9
"w_829469","treatment",2022-09-28,0,7
"w_184515","treatment",2024-06-11,0,10
"w_711973","treatment",2024-04-22,0,9
"w_535988","treatment",2022-03-22,0,9
"w_802383","treatment",2021-05-23,0,13
"w_540016","treatment",2019-03-28,0,12
"w_343742","control",2018-12-13,0,8
"w_759354","control",2025-01-16,4,11
"w_659017","control",2024-12-06,0,8
"w_131236","control",2022-03-18,4,8
"w_981100","control",2020-06-19,0,9
"w_625232","treatment",2021-05-02,0,11
"w_331207","treatment",2023-10-30,109,9
"w_521346","treatment",2018-10-02,0,10
"w_613209","treatment",2025-06-08,0,16
"w_733050","treatment",2021-04-01,3,10
"w_732351","control",2021-10-20,0,12
"w_340332","control",2025-09-14,13,9
"w_569359","treatment",2024-09-29,1,9
"w_186972","control",2024-11-13,4,11
"w_722220","control",2023-05-11,0,6
"w_917422","treatment",2025-08-04,4,14
"w_517682","treatment",2018-12-10,1,7
"w_440303","treatment",2025-08-27,0,11
"w_272136","control",2023-01-04,0,4
"w_503278","control",2026-04-10,0,10
"w_189945","control",2025-10-12,0,10
"w_947941","treatment",2018-11-02,0,9
"w_821877","control",2020-03-08,1,8
"w_977328","treatment",2022-09-29,0,14
"w_622801","treatment",2025-06-26,3,16
"w_899020","treatment",2024-03-21,0,14
"w_261177","control",2024-06-14,0,6
"w_486173","control",2023-08-21,2,11
"w_157251","control",2018-08-16,0,10
"w_306891","treatment",2020-04-10,3,9
"w_436790","treatment",2018-11-20,0,7
"w_517189","control",2019-10-17,4,11
"w_773865","control",2025-03-10,37,14
"w_771635","control",2021-07-20,0,11
"w_410541","treatment",2022-12-14,0,14
"w_710318","control",2023-12-25,0,14
"w_997074","control",2020-08-17,4,9
"w_724063","treatment",2021-02-15,0,11
"w_949254","control",2021-05-26,0,9
"w_776847","treatment",2019-09-08,0,10
"w_423853","control",2023-12-25,8,14
"w_561544","control",2025-10-28,43,19
"w_334707","control",2019-09-12,0,9
"w_370267","control",2026-03-21,0,14
"w_476655","treatment",2020-04-09,0,11
"w_621371","control",2022-08-12,0,11
"w_856263","treatment",2022-09-25,0,10
"w_281926","treatment",2020-12-26,0,14
"w_358783","control",2019-04-23,0,9
"w_279430","treatment",2024-01-27,0,14
"w_664130","treatment",2021-10-29,22,13
"w_943795","treatment",2019-06-09,2,7
"w_503016","control",2018-06-14,2,6
"w_546023","treatment",2022-03-23,0,10
"w_100178","treatment",2021-11-19,0,11
"w_621861","control",2021-05-25,0,9
"w_699476","treatment",2022-12-14,0,7
"w_417716","control",2020-12-28,0,9
"w_288966","treatment",2019-02-08,11,13
"w_169301","treatment",2024-09-12,1,4
"w_497710","treatment",2018-11-02,3,6
"w_987872","treatment",2023-07-20,18,13
"w_343728","control",2018-06-14,3,7
"w_695474","control",2021-07-10,21,10
"w_587578","control",2021-12-03,0,11
"w_735277","treatment",2023-03-12,0,18
"w_311985","control",2023-02-22,6,11
"w_836106","control",2020-10-27,18,5
"w_647553","control",2025-05-04,0,14
"w_319568","control",2020-06-29,4,10
"w_508031","control",2026-04-24,0,10
"w_148118","control",2019-11-27,0,12
"w_908679","control",2020-02-27,69,8
"w_665727","treatment",2026-05-18,4,11
"w_340270","treatment",2024-04-09,0,12
"w_199674","treatment",2024-07-13,0,12
"w_627502","control",2022-03-08,3,11
"w_873666","control",2021-08-02,3,11
"w_714351","treatment",2023-12-20,9,9
"w_666034","treatment",2026-06-06,2,11
"w_496889","control",2022-06-13,0,8
"w_744004","treatment",2022-07-17,0,10
"w_763530","treatment",2021-07-05,4,9
"w_677648","control",2023-07-22,0,10
"w_858886","treatment",2026-03-27,0,4
"w_426027","control",2025-12-28,0,9
"w_585631","treatment",2024-01-20,19,10
"w_366907","control",2022-03-20,1,9
"w_734388","control",2022-07-03,13,11
"w_567956","control",2024-06-08,0,12
"w_663269","control",2021-05-15,0,5
"w_108472","treatment",2018-10-19,0,15
"w_714422","treatment",2021-12-04,12,11
"w_497327","treatment",2023-06-16,7,9
"w_886776","control",2022-05-05,0,8
"w_994220","control",2025-08-18,0,13
"w_176965","treatment",2024-11-18,0,11
"w_801614","control",2024-12-07,0,8
"w_341933","treatment",2018-12-02,4,13
"w_826426","control",2025-06-29,0,11
"w_427282","treatment",2023-11-20,104,11
"w_321874","treatment",2021-12-17,0,10
"w_392620","control",2022-05-17,0,12
"w_738317","control",2018-08-30,0,10
"w_764181","control",2020-01-25,18,8
"w_241693","treatment",2025-07-17,0,8
"w_123840","control",2018-12-22,0,13
"w_853753","control",2020-03-25,0,12
"w_413308","control",2023-01-23,1,7
"w_105896","treatment",2024-10-01,11,8
"w_918574","treatment",2021-04-26,0,10
"w_709320","treatment",2019-04-19,10,10
"w_484140","treatment",2021-12-19,0,7
"w_583494","control",2020-11-23,0,8
"w_402293","treatment",2019-11-07,0,8
"w_485235","treatment",2020-03-29,0,10
"w_584726","treatment",2021-01-19,137,10
"w_133963","treatment",2020-09-08,0,8
"w_878397","control",2021-04-06,12,5
"w_786117","treatment",2022-08-12,0,6
"w_453113","control",2020-09-10,1,9
"w_588198","treatment",2023-09-08,2,7
"w_333420","treatment",2018-07-19,0,7
"w_485064","control",2025-06-23,4,17
"w_442296","control",2021-03-25,19,9
"w_267398","treatment",2021-10-10,0,12
"w_579955","treatment",2019-10-31,0,11
"w_846584","treatment",2021-10-09,0,12
"w_657297","treatment",2019-09-09,10,10
"w_361402","control",2025-05-23,2,11
"w_688140","treatment",2019-11-23,2,9
"w_945800","control",2025-07-29,4,11
"w_511153","treatment",2024-07-18,3,12
"w_377142","control",2023-10-31,30,9
"w_482567","treatment",2025-01-20,0,15
"w_926499","control",2020-03-24,0,13
"w_451832","treatment",2020-04-19,0,9
"w_359257","control",2026-01-26,0,10
"w_279529","treatment",2021-05-06,0,10
"w_734835","control",2025-03-09,60,10
"w_283592","treatment",2019-05-03,0,5
"w_590491","control",2023-05-30,0,11
"w_105459","control",2026-05-13,12,5
"w_495753","control",2022-06-22,0,10
"w_505652","treatment",2019-05-18,0,8
"w_602541","treatment",2019-10-12,0,11
"w_209480","treatment",2019-08-14,2,10
"w_895251","control",2018-12-08,0,7
"w_181604","treatment",2024-01-19,4,11
"w_265814","control",2023-05-26,0,11
"w_317648","control",2023-05-31,4,10
"w_794549","control",2022-12-08,0,9
"w_369772","control",2020-04-11,44,11
"w_341499","treatment",2018-06-05,8,7
"w_858118","treatment",2022-03-21,0,5
"w_341293","treatment",2023-11-06,3,8
"w_647054","treatment",2019-09-01,0,11
"w_203892","control",2025-05-12,0,6
"w_366144","control",2022-04-27,17,10
"w_931030","control",2021-06-30,2,7
"w_926736","treatment",2023-03-15,0,13
"w_577760","treatment",2025-04-22,0,10
"w_280727","control",2026-06-19,8,9
"w_225910","treatment",2024-01-12,0,9
"w_721972","control",2020-11-07,32,12
"w_960460","treatment",2019-07-26,0,12
"w_195819","treatment",2020-06-26,7,10
"w_619914","control",2018-11-15,17,8
"w_508443","control",2023-06-25,4,10
"w_778169","treatment",2026-05-23,0,5
"w_900723","control",2022-11-26,12,10
"w_138199","treatment",2023-04-19,15,10
"w_717127","control",2025-11-09,0,9
"w_440273","treatment",2020-12-22,0,9
"w_401612","control",2025-02-21,0,13
"w_561945","treatment",2025-02-12,0,8
"w_754564","treatment",2025-06-27,0,5
"w_174634","control",2024-09-14,0,12
"w_358149","control",2023-04-08,1,9
"w_539665","treatment",2023-06-26,17,7
"w_574186","control",2019-05-23,0,8
"w_996650","control",2018-11-17,0,13
"w_995267","treatment",2025-10-03,0,7
"w_599754","control",2021-10-23,0,12
"w_198041","treatment",2021-09-05,4,4
"w_757954","control",2021-11-27,0,13
"w_429742","treatment",2019-05-22,1,6
"w_471196","control",2019-09-27,0,6
"w_558318","control",2020-11-09,0,15
"w_678672","control",2022-12-24,0,9
"w_721538","control",2023-01-16,0,9
"w_530613","treatment",2024-04-07,2,9
"w_590384","treatment",2022-03-17,2,14
"w_530098","treatment",2024-02-14,15,9
"w_213480","treatment",2019-05-28,0,10
"w_750207","control",2020-06-10,0,5
"w_492141","treatment",2024-01-18,0,10
"w_839351","treatment",2018-07-27,4,9
"w_116452","control",2021-04-19,0,11
"w_883396","treatment",2019-11-22,44,8
"w_324040","treatment",2023-08-11,0,9
"w_110059","treatment",2025-02-10,66,10
"w_540351","treatment",2019-05-17,0,15
"w_372323","control",2021-11-11,0,9
"w_486496","control",2020-08-01,1,8
"w_968849","control",2019-12-20,11,6
"w_265840","control",2021-11-04,0,13
"w_449757","control",2019-03-07,0,10
"w_101284","treatment",2024-06-14,11,11
"w_270966","treatment",2020-10-08,10,11
"w_619038","control",2024-12-12,8,14
"w_761898","control",2021-08-12,1,6
"w_610094","control",2018-10-07,3,12
"w_220576","control",2018-09-13,1,9
"w_519214","control",2021-09-11,0,9
"w_167901","control",2025-10-20,16,9
"w_275292","treatment",2021-11-08,15,10
"w_261984","treatment",2023-08-16,0,8
"w_523606","control",2025-05-12,8,10
"w_500698","control",2026-06-20,17,12
"w_246996","treatment",2021-03-31,11,8
"w_748155","control",2020-05-15,9,10
"w_686806","control",2021-02-23,0,14
"w_390971","control",2022-05-31,0,13
"w_709956","control",2025-12-27,0,6
"w_157355","treatment",2022-02-05,19,8
"w_299069","treatment",2020-07-27,3,14
"w_598507","control",2023-06-05,3,8
"w_867425","control",2021-01-26,4,10
"w_472235","control",2025-09-28,0,7
"w_737678","treatment",2023-03-25,4,10
"w_723902","control",2022-01-07,4,10
"w_122412","treatment",2018-06-03,135,9
"w_942010","treatment",2021-12-31,14,5
"w_298240","control",2023-11-28,7,14
"w_694926","treatment",2021-07-02,0,9
"w_968769","treatment",2019-09-14,15,9
"w_582611","treatment",2022-01-25,0,8
"w_197951","control",2020-08-09,14,11
"w_185743","treatment",2020-12-28,57,11
"w_841811","control",2021-02-13,0,9
"w_917366","treatment",2018-11-29,0,10
"w_324421","control",2018-10-07,8,11
"w_783915","control",2023-07-13,0,13
"w_408733","control",2018-08-16,0,10
"w_663436","treatment",2018-07-07,0,13
"w_679918","treatment",2018-12-11,0,13
"w_720005","control",2021-12-03,0,6
"w_207443","treatment",2024-11-10,0,13
"w_290581","treatment",2018-11-28,3,8
"w_599458","treatment",2019-12-12,12,14
"w_486302","treatment",2021-10-15,0,5
"w_942370","control",2020-06-18,0,10
"w_175280","treatment",2018-08-01,0,13
"w_837962","treatment",2020-06-02,2,11
"w_590694","control",2025-05-13,0,12
"w_422264","control",2023-05-23,12,11
"w_754992","control",2023-07-23,2,15
"w_900582","treatment",2024-02-28,19,11
"w_377851","treatment",2024-09-12,0,4
"w_699991","treatment",2023-11-27,3,12
"w_260401","control",2023-04-29,16,12
"w_173744","treatment",2023-02-12,4,6
"w_759538","control",2021-01-30,0,10
"w_975125","control",2021-09-07,0,10
"w_549461","control",2019-10-10,0,8
"w_208979","treatment",2019-06-07,0,13
"w_861324","treatment",2021-08-30,16,6
"w_725843","control",2025-09-28,0,8
"w_341721","control",2018-12-24,0,11
"w_372439","treatment",2023-10-30,0,7
"w_150544","control",2020-12-31,0,9
"w_806844","treatment",2022-09-30,1,11
"w_825828","control",2022-10-27,0,6
"w_141098","control",2021-06-13,25,11
"w_796509","treatment",2022-10-10,5,5
"w_634404","control",2020-07-04,10,10
"w_505536","control",2022-08-31,0,7
"w_633931","control",2024-10-15,1,12
"w_224872","treatment",2026-03-25,0,13
"w_687660","control",2023-01-30,1,11
"w_143694","treatment",2023-01-23,0,6
"w_348483","control",2025-04-26,0,10
"w_774771","treatment",2023-04-05,0,10
"w_219169","control",2021-07-17,0,10
"w_801889","treatment",2025-04-11,0,5
"w_871446","control",2020-03-16,2,11
"w_289179","treatment",2025-02-25,14,10
"w_496289","control",2020-06-17,0,10
"w_805127","treatment",2020-05-30,1,8
"w_461693","treatment",2019-06-02,0,7
"w_897353","treatment",2025-06-14,1,13
"w_241320","control",2019-05-23,43,11
"w_261846","treatment",2019-06-08,0,9
"w_924817","treatment",2024-01-30,0,15
"w_269779","treatment",2025-10-11,0,6
"w_711964","treatment",2023-12-13,0,12
"w_183370","treatment",2018-11-04,0,14
"w_388391","treatment",2020-03-29,0,8
"w_611185","control",2022-05-09,0,8
"w_859529","control",2023-12-09,0,11
"w_388174","control",2021-09-10,0,9
"w_939147","control",2019-08-02,0,13
"w_479929","treatment",2018-09-23,8,15
"w_772029","treatment",2023-10-29,0,10
"w_383977","treatment",2024-07-15,1,10
"w_483371","control",2025-08-25,25,12
"w_971984","control",2025-09-04,16,9
"w_296768","treatment",2023-09-01,6,6
"w_764428","control",2021-06-12,1,13
"w_100536","control",2023-01-19,4,7
"w_638379","treatment",2022-08-18,0,5
"w_626022","treatment",2023-04-23,0,13
"w_539543","treatment",2023-04-04,0,6
"w_514650","control",2025-09-19,1,9
"w_851591","control",2018-09-01,4,12
"w_365920","control",2025-07-01,0,11
"w_748957","control",2024-06-12,0,12
"w_163808","control",2025-03-15,6,11
"w_130143","control",2026-07-13,1,10
"w_511790","control",2025-12-21,1,17
"w_489751","treatment",2026-05-23,2,5
"w_805554","control",2024-12-12,20,7
"w_897670","control",2023-09-20,0,7
"w_326055","control",2022-10-15,0,9
"w_604038","control",2025-05-27,51,11
"w_361709","control",2024-10-18,0,17
"w_615257","control",2021-10-31,0,7
"w_294154","control",2022-02-22,0,7
"w_534250","control",2021-01-20,0,12
"w_569910","treatment",2020-12-31,0,13
"w_471863","treatment",2020-12-31,4,5
"w_501261","control",2023-10-01,1,8
"w_645600","treatment",2025-05-01,0,10
"w_217810","treatment",2024-01-02,0,11
"w_366991","treatment",2024-04-26,52,8
"w_556844","control",2023-09-18,0,11
"w_123153","treatment",2019-08-05,2,12
"w_944735","control",2020-03-26,4,10
"w_327350","control",2024-03-02,9,10
"w_861834","control",2025-04-17,0,9
"w_902550","control",2024-09-19,44,10
"w_320174","treatment",2022-09-03,0,13
"w_317710","treatment",2022-04-29,3,11
"w_284441","treatment",2024-04-16,0,4
"w_503861","treatment",2021-01-18,1,8
"w_394434","control",2022-12-04,1,8
"w_332243","treatment",2024-02-22,16,5
"w_112127","treatment",2026-02-09,9,17
"w_486854","treatment",2019-06-15,0,9
"w_633210","control",2020-11-03,0,7
"w_380779","control",2022-09-01,6,13
"w_454777","treatment",2024-07-03,8,10
"w_625592","control",2023-12-12,10,9
"w_949193","control",2020-01-28,1,8
"w_453877","control",2025-09-07,0,8
"w_929989","treatment",2026-03-13,18,8
"w_877412","treatment",2025-09-10,0,11
"w_176776","treatment",2021-12-28,3,10
"w_219293","treatment",2018-09-08,92,11
"w_808208","treatment",2025-06-15,0,12
"w_819128","treatment",2018-07-30,0,14
"w_220532","treatment",2020-04-27,55,16
"w_474965","control",2024-04-20,0,13
"w_971377","control",2021-11-05,0,18
"w_249338","treatment",2021-04-26,0,13
"w_830202","control",2021-04-24,0,16
"w_455925","treatment",2020-08-07,0,7
"w_739333","control",2023-12-10,2,14
"w_991564","treatment",2024-02-29,0,10
"w_182135","control",2020-09-05,0,12
"w_319915","treatment",2021-06-06,26,7
"w_626767","control",2023-04-08,0,8
"w_591186","control",2020-08-02,4,6
"w_109688","control",2022-07-29,1,3
"w_262783","treatment",2018-09-02,1,16
"w_585983","treatment",2021-09-23,0,11
"w_546020","treatment",2022-11-03,0,12
"w_763103","control",2022-07-11,13,7
"w_466967","control",2025-04-26,10,13
"w_898219","control",2020-02-27,9,6
"w_115542","treatment",2021-03-11,3,9
"w_757701","control",2022-02-03,29,8
"w_517852","treatment",2023-05-05,0,10
"w_493077","treatment",2018-11-22,0,11
"w_348627","treatment",2019-03-04,0,16
"w_906282","control",2024-01-30,1,11
"w_444221","treatment",2022-01-02,7,10
"w_287563","control",2020-05-18,0,8
"w_557940","control",2021-02-06,0,12
"w_499896","treatment",2026-02-24,0,14
"w_601586","treatment",2022-01-05,50,10
"w_259581","treatment",2021-11-17,0,10
"w_668488","control",2024-07-25,2,7
"w_176589","treatment",2024-05-29,0,12
"w_230323","treatment",2024-12-17,69,9
"w_360754","treatment",2024-08-10,0,8
"w_822897","treatment",2024-12-18,1,13
"w_927104","treatment",2024-09-05,0,6
"w_250967","control",2021-10-08,0,10
"w_820557","control",2026-01-08,0,9
"w_180699","treatment",2022-09-10,0,8
"w_292818","control",2020-06-23,0,12
"w_125662","control",2021-12-12,0,12
"w_190364","treatment",2022-08-12,0,11
"w_219061","control",2026-04-17,17,7
"w_977363","control",2025-03-24,0,8
"w_240086","treatment",2018-08-18,0,6
"w_602578","control",2026-07-15,4,9
"w_701636","treatment",2021-11-01,0,6
"w_604848","treatment",2021-12-15,0,10
"w_838419","treatment",2020-04-22,0,7
"w_381284","treatment",2020-05-06,0,5
"w_212915","treatment",2021-01-08,3,10
"w_111696","control",2018-12-09,0,8
"w_233394","treatment",2024-08-21,12,9
"w_825964","control",2025-10-16,0,13
"w_705954","control",2023-10-16,2,9
"w_312664","treatment",2021-05-21,0,15
"w_889811","control",2023-03-04,4,15
"w_178027","treatment",2018-10-06,11,10
"w_488699","control",2022-01-03,0,10
"w_206643","treatment",2026-04-24,34,9
"w_595054","treatment",2018-08-04,17,12
"w_369504","treatment",2025-10-09,0,11
"w_976046","treatment",2025-12-21,0,6
"w_629852","treatment",2020-05-23,4,9
"w_680786","treatment",2024-01-26,3,7
"w_953744","control",2019-01-08,0,11
"w_855108","control",2025-08-26,0,8
"w_457169","control",2024-04-02,0,9
"w_216978","control",2019-05-25,6,12
"w_958521","treatment",2018-06-06,0,14
"w_956288","treatment",2021-04-07,4,12
"w_567042","control",2024-01-24,3,8
"w_903350","treatment",2021-06-10,3,16
"w_205742","control",2018-12-29,0,7
"w_874747","treatment",2025-09-03,7,12
"w_175056","treatment",2022-10-04,0,11
"w_512606","control",2019-12-29,17,15
"w_926653","control",2024-12-26,0,13
"w_552525","control",2026-05-10,0,9
"w_446007","control",2020-01-24,0,6
"w_179967","control",2024-01-19,0,9
"w_610910","treatment",2023-02-24,0,6
"w_567789","treatment",2023-10-21,1,9
"w_966413","treatment",2023-06-24,0,15
"w_179714","control",2020-09-04,4,8
"w_529683","treatment",2021-05-17,3,13
"w_526786","control",2018-06-14,4,10
"w_315776","control",2024-05-26,8,8
"w_966951","treatment",2021-07-10,3,11
"w_366392","control",2018-09-18,0,12
"w_274678","treatment",2025-01-26,0,13
"w_716348","treatment",2021-01-30,4,12
"w_959117","control",2023-03-02,1,11
"w_357231","control",2018-06-22,0,9
"w_380269","treatment",2026-05-19,1,10
"w_273311","control",2026-02-26,0,12
"w_683046","control",2025-07-22,0,13
"w_186054","control",2018-06-20,4,14
"w_403377","treatment",2018-12-04,0,11
"w_447073","control",2018-11-13,1,12
"w_567788","treatment",2018-11-22,0,12
"w_583077","control",2026-01-09,2,11
"w_249242","control",2022-09-10,4,8
"w_854555","control",2024-06-14,159,9
"w_481179","treatment",2024-10-25,0,16
"w_387469","treatment",2020-12-31,0,14
"w_794794","control",2021-03-05,0,13
"w_409132","treatment",2022-10-21,0,7
"w_662463","treatment",2024-08-01,4,5
"w_976412","control",2024-01-02,0,12
"w_861298","control",2025-06-23,0,15
"w_874865","control",2023-10-19,4,4
"w_497616","treatment",2024-09-09,3,11
"w_654558","control",2024-05-09,19,8
"w_570633","control",2021-09-11,2,8
"w_583742","treatment",2020-02-13,0,8
"w_717524","control",2019-01-06,4,11
"w_461976","treatment",2023-07-31,46,9
"w_247669","treatment",2021-09-02,85,10
"w_247835","treatment",2023-09-01,14,9
"w_710488","treatment",2024-01-06,0,12
"w_610635","treatment",2024-08-23,0,6
"w_738423","treatment",2020-03-13,2,11
"w_227850","treatment",2018-08-30,12,12
"w_162960","control",2021-11-07,6,13
"w_612911","treatment",2020-11-06,0,6
"w_351987","treatment",2020-03-01,0,11
"w_569306","treatment",2024-05-06,1,17
"w_749232","control",2023-11-15,0,9
"w_834926","treatment",2025-03-05,42,6
"w_394973","treatment",2025-05-07,0,8
"w_161922","control",2020-09-22,0,8
"w_900290","control",2018-06-23,7,11
"w_966886","treatment",2024-09-11,0,12
"w_858880","control",2021-06-15,2,9
"w_770507","treatment",2026-04-08,0,6
"w_784833","treatment",2026-07-05,32,11
"w_715746","treatment",2024-06-15,0,8
"w_920932","treatment",2026-03-28,0,13
"w_837945","control",2024-04-12,3,9
"w_762757","treatment",2020-09-25,8,11
"w_223123","control",2024-04-06,0,8
"w_408614","treatment",2018-12-14,0,17
"w_390060","treatment",2021-03-10,0,16
"w_145193","control",2025-07-17,0,7
"w_960766","control",2022-01-06,0,8
"w_676209","control",2025-07-04,0,16
"w_419170","treatment",2021-05-27,1,9
"w_471439","control",2022-09-15,0,11
"w_595602","control",2023-07-12,0,11
"w_830764","control",2020-03-06,4,5
"w_810540","control",2025-10-19,1,5
"w_271611","treatment",2024-10-08,3,13
"w_731187","control",2021-01-25,0,9
"w_632643","treatment",2020-09-20,53,7
"w_285044","control",2026-04-04,43,10
"w_982966","control",2023-04-28,2,10
"w_139061","control",2026-05-15,10,14
"w_217078","control",2023-07-21,0,16
"w_253234","treatment",2020-03-17,3,8
"w_129929","control",2021-02-04,0,12
"w_531631","control",2020-05-18,9,10
"w_952192","control",2025-04-14,0,11
"w_386681","control",2025-03-06,0,10
"w_594834","treatment",2020-05-23,0,12
"w_255267","treatment",2022-12-22,18,9
"w_505988","treatment",2024-06-04,0,11
"w_942726","treatment",2019-01-31,18,14
"w_302823","treatment",2018-07-22,1,13
"w_702572","control",2024-03-24,0,17
"w_282429","control",2023-12-21,0,6
"w_692811","treatment",2021-10-27,0,13
"w_252386","control",2021-01-15,0,9
"w_688906","treatment",2025-09-11,0,13
"w_813806","treatment",2023-06-22,2,10
"w_171847","treatment",2025-11-04,0,7
"w_933064","treatment",2022-06-24,0,7
"w_300184","treatment",2020-09-06,4,11
"w_878680","control",2024-10-08,2,13
"w_141277","treatment",2024-07-01,4,10
"w_554355","control",2021-12-17,2,12
"w_444525","treatment",2023-09-02,0,9
"w_526591","treatment",2024-03-17,3,5
"w_336396","treatment",2024-10-23,2,8
"w_850146","control",2023-01-04,0,6
"w_442144","treatment",2024-07-10,12,7
"w_964289","control",2025-11-29,0,10
"w_858997","control",2023-10-18,7,13
"w_423056","treatment",2024-12-08,0,11
"w_276331","treatment",2019-02-24,73,11
"w_803542","control",2020-04-05,0,8
"w_506002","control",2021-11-23,14,8
"w_809956","treatment",2025-12-08,3,11
"w_849469","control",2026-07-15,0,11
"w_192575","treatment",2018-12-01,0,15
"w_846995","control",2018-11-29,4,13
"w_475975","treatment",2020-06-11,0,7
"w_126694","treatment",2025-09-03,10,10
"w_408475","control",2026-04-30,0,12
"w_409458","treatment",2021-11-11,0,13
"w_841927","treatment",2023-12-04,1,11
"w_175586","control",2025-04-27,0,16
"w_394562","control",2018-09-01,43,12
"w_754361","control",2018-09-14,1,14
"w_131865","treatment",2026-01-29,0,14
"w_802406","control",2025-09-30,0,9
"w_779184","treatment",2024-05-03,0,13
"w_790566","treatment",2019-04-29,17,13
"w_518059","treatment",2026-04-02,9,15
"w_684124","control",2026-04-04,0,6
"w_483526","treatment",2020-04-25,4,8
"w_961064","control",2024-06-19,0,11
"w_880129","treatment",2019-08-11,3,14
"w_972978","control",2018-12-30,0,8
"w_497067","control",2023-02-18,3,14
"w_408411","control",2026-06-10,2,10
"w_111043","treatment",2018-07-24,0,12
"w_119759","control",2019-05-06,86,12
"w_264045","treatment",2025-01-16,0,13
"w_195775","control",2021-05-07,0,10
"w_142699","control",2021-09-08,8,7
"w_672071","treatment",2024-02-17,4,9
"w_699224","treatment",2022-08-06,70,9
"w_508832","treatment",2018-11-02,0,9
"w_767269","treatment",2023-03-04,0,9
"w_938600","treatment",2022-10-17,0,8
"w_349867","control",2024-02-03,16,9
"w_828014","control",2022-09-14,0,9
"w_386275","control",2020-11-10,0,10
"w_954879","treatment",2020-09-20,1,9
"w_803799","treatment",2024-09-29,0,13
"w_532732","control",2022-08-04,0,11
"w_739073","control",2023-07-02,0,11
"w_575219","control",2023-04-24,3,4
"w_187364","control",2023-07-08,0,8
"w_766407","control",2025-06-26,13,8
"w_150108","control",2021-12-13,0,9
"w_146664","control",2025-08-31,0,9
"w_536283","treatment",2024-05-29,1,12
"w_838701","control",2022-09-07,0,19
"w_892399","control",2020-03-30,0,11
"w_995150","treatment",2018-11-14,0,13
"w_778535","control",2020-11-16,0,12
"w_977087","treatment",2018-08-19,12,7
"w_817373","control",2023-04-25,0,13
"w_910741","control",2018-08-27,0,13
"w_638991","treatment",2022-11-22,0,12
"w_971532","treatment",2022-12-09,2,13
"w_269867","control",2018-11-04,4,9
"w_777508","treatment",2021-08-27,0,6
"w_132678","control",2020-08-12,3,6
"w_145486","control",2020-11-15,0,9
"w_824833","treatment",2025-09-23,0,15
"w_889982","control",2021-11-24,0,8
"w_155731","treatment",2026-06-03,0,14
"w_156972","treatment",2021-04-25,0,16
"w_756208","treatment",2022-10-28,0,8
"w_568191","control",2018-11-28,10,12
"w_682074","control",2023-10-14,13,7
"w_547205","treatment",2025-04-02,0,6
"w_233329","control",2026-03-12,1,10
"w_989066","control",2020-06-17,0,11
"w_204908","control",2025-10-19,2,14
"w_600864","control",2022-05-08,3,14
"w_171233","treatment",2025-09-21,0,8
"w_120818","control",2018-08-19,4,9
"w_127052","control",2025-01-10,2,14
"w_776377","control",2022-05-22,2,10
"w_151762","treatment",2024-09-23,0,11
"w_523074","control",2021-05-12,0,13
"w_766319","treatment",2022-10-04,0,10
"w_785406","control",2019-10-17,0,14
"w_530165","treatment",2021-10-28,0,11
"w_919448","control",2024-09-07,0,9
"w_642974","control",2024-11-12,2,13
"w_956626","control",2022-12-20,16,7
"w_275164","treatment",2020-09-19,6,9
"w_516832","treatment",2018-11-19,2,15
"w_382598","treatment",2022-12-08,0,6
"w_533580","control",2025-03-17,76,15
"w_209885","control",2019-04-17,1,13
"w_350784","treatment",2019-10-09,1,7
"w_162664","treatment",2023-06-14,0,14
"w_359663","control",2022-06-02,0,5
"w_443490","control",2022-03-09,5,12
"w_613456","treatment",2018-12-22,2,7
"w_705324","control",2024-09-12,0,13
"w_787733","treatment",2019-04-29,67,11
"w_912655","control",2020-02-13,3,13
"w_291174","treatment",2022-03-12,1,7
"w_475710","control",2024-02-06,0,9
"w_898768","control",2023-06-22,3,10
"w_826157","control",2022-06-23,0,6
"w_555338","treatment",2024-04-07,0,10
"w_398038","treatment",2025-07-02,0,8
"w_195835","treatment",2021-05-21,4,8
"w_640454","control",2020-06-23,0,15
"w_319088","treatment",2024-11-21,0,13
"w_249939","treatment",2021-11-07,71,7
"w_994265","control",2020-03-18,13,14
"w_344404","control",2022-04-25,0,11
"w_188262","control",2025-01-12,31,16
"w_231906","treatment",2019-04-23,0,8
"w_422221","control",2026-06-04,2,16
"w_964442","treatment",2023-12-31,0,9
"w_911711","control",2025-03-20,0,9
"w_551259","control",2025-08-01,6,7
"w_999170","control",2025-03-06,0,15
"w_895117","treatment",2020-06-22,0,13
"w_187045","treatment",2025-10-31,4,7
"w_231625","treatment",2024-12-11,0,4
"w_115010","control",2021-09-10,0,15
"w_566312","treatment",2021-02-01,0,11
"w_552307","control",2022-06-06,31,5
"w_106046","treatment",2022-09-08,2,10
"w_380293","treatment",2018-09-26,4,9
"w_936857","treatment",2020-08-13,13,8
"w_875330","treatment",2019-12-06,0,11
"w_996056","control",2024-08-14,3,13
"w_124994","treatment",2019-02-08,0,10
"w_674796","treatment",2021-09-26,0,9
"w_429926","control",2024-03-15,0,10
"w_492526","control",2018-10-30,14,7
"w_248813","control",2022-01-17,0,11
"w_328081","control",2019-04-28,0,7
"w_364254","control",2018-11-26,0,9
"w_122936","treatment",2019-07-09,58,14
"w_353424","control",2025-03-31,0,12
"w_185309","control",2018-09-28,0,10
"w_538698","treatment",2020-09-09,0,14
"w_428140","treatment",2020-01-21,11,11
"w_835179","treatment",2021-07-14,31,10
"w_547768","control",2023-08-30,1,11
"w_808152","control",2019-03-16,7,14
"w_486093","control",2023-12-26,0,11
"w_296544","control",2022-11-04,12,11
"w_378289","control",2020-04-07,0,7
"w_193604","control",2019-07-15,0,7
"w_362503","control",2020-10-28,0,9
"w_619659","treatment",2023-03-31,0,14
"w_173748","treatment",2024-02-07,1,13
"w_770620","treatment",2019-06-13,18,13
"w_329499","control",2023-12-02,0,10
"w_116059","control",2021-12-23,0,11
"w_700244","treatment",2023-12-11,6,10
"w_953917","treatment",2023-10-30,42,9
"w_191099","treatment",2023-04-01,9,9
"w_629203","control",2020-09-01,4,5
"w_140939","control",2019-07-22,19,8
"w_209519","treatment",2022-07-29,2,7
"w_469108","control",2026-04-18,0,13
"w_277955","control",2026-07-11,38,5
"w_170267","control",2025-10-27,2,13
"w_117907","treatment",2023-05-06,0,11
"w_632318","treatment",2022-02-25,0,9
"w_951422","control",2021-11-22,10,15
"w_211525","control",2020-01-04,0,8
"w_255182","treatment",2024-06-02,10,9
"w_437560","control",2024-02-23,12,11
"w_801362","control",2019-05-16,11,6
"w_800893","control",2023-10-27,0,9
"w_336980","control",2024-08-08,16,7
"w_292040","control",2020-09-01,0,13
"w_141210","control",2020-09-30,0,16
"w_227751","control",2025-07-03,0,9
"w_573265","treatment",2025-08-28,1,8
"w_184765","treatment",2026-01-03,0,9
"w_284081","treatment",2025-06-26,27,5
"w_739486","treatment",2020-02-05,2,9
"w_168054","treatment",2019-01-05,13,13
"w_425208","treatment",2021-03-02,0,12
"w_505750","treatment",2021-11-14,0,12
"w_310054","control",2022-12-14,7,9
"w_500777","control",2019-07-01,1,10
"w_806283","control",2021-03-23,0,6
"w_221533","treatment",2025-03-15,18,10
"w_799270","treatment",2026-02-11,23,6
"w_227911","treatment",2025-06-19,0,11
"w_503587","treatment",2024-01-10,2,8
"w_529571","control",2024-05-17,0,10
"w_153049","control",2025-01-18,0,15
"w_257789","treatment",2019-04-03,17,10
"w_305309","control",2020-12-16,8,11
"w_251639","control",2025-02-19,0,11
"w_939514","treatment",2023-04-24,18,10
"w_148056","treatment",2023-10-16,46,11
"w_227604","control",2024-08-22,0,13
"w_206036","treatment",2024-05-20,3,6
"w_877686","treatment",2024-10-03,4,10
"w_521867","control",2023-02-03,0,10
"w_982979","treatment",2023-03-21,2,11
"w_653178","control",2021-08-14,3,11
"w_877977","control",2026-02-24,4,17
"w_471777","treatment",2020-06-12,0,16
"w_171436","treatment",2019-02-22,0,13
"w_350410","control",2022-12-13,0,17
"w_362866","control",2023-11-19,4,13
"w_732670","treatment",2019-01-22,17,8
"w_191662","control",2022-11-29,4,9
"w_202726","treatment",2026-05-18,0,8
"w_391247","control",2024-04-02,10,8
"w_766960","treatment",2018-07-07,4,7
"w_652458","treatment",2025-08-28,3,8
"w_535916","treatment",2019-10-16,0,7
"w_249104","treatment",2019-09-12,0,14
"w_704578","treatment",2026-04-08,0,11
"w_138335","control",2020-05-27,2,9
"w_799485","treatment",2023-10-13,0,11
"w_837501","control",2020-10-26,2,14
"w_965470","treatment",2020-10-14,0,11
"w_639074","treatment",2026-02-04,0,8
"w_649702","treatment",2025-05-16,0,11
"w_328448","treatment",2022-02-02,0,7
"w_365720","control",2025-09-11,3,11
"w_484238","control",2020-10-20,0,9
"w_193421","treatment",2022-08-08,1,11
"w_555396","control",2021-11-06,24,13
"w_624183","treatment",2021-11-30,19,6
"w_809507","control",2018-11-21,0,9
"w_908214","control",2024-01-19,0,15
"w_432420","control",2024-01-24,0,9
"w_312068","treatment",2022-07-28,46,11
"w_214539","control",2022-06-25,18,8
"w_526956","treatment",2022-12-17,0,10
"w_435155","control",2026-01-18,2,4
"w_670585","control",2021-01-09,0,9
"w_817692","control",2025-09-03,0,12
"w_327238","control",2019-05-13,0,9
"w_836328","treatment",2020-05-18,0,13
"w_892878","treatment",2018-09-08,0,7
"w_444598","treatment",2018-07-26,3,5
"w_302031","treatment",2024-08-08,0,4
"w_940269","control",2020-01-23,5,10
"w_435552","treatment",2021-08-08,0,15
"w_171976","treatment",2019-06-05,0,9
"w_674068","control",2023-12-06,12,6
"w_205550","treatment",2024-03-14,0,13
"w_671545","treatment",2025-05-28,0,7
"w_895484","treatment",2025-12-19,0,8
"w_687752","control",2018-10-12,0,14
"w_281329","treatment",2020-01-05,0,13
"w_986553","control",2024-11-28,0,14
"w_185795","treatment",2026-02-10,9,9
"w_429240","control",2018-12-05,3,13
"w_204773","control",2018-06-28,0,12
"w_155116","control",2020-02-12,1,6
"w_989428","control",2024-08-04,4,9
"w_509915","control",2023-08-16,3,14
"w_488432","control",2023-12-26,4,11
"w_102559","control",2021-06-14,6,12
"w_766632","treatment",2019-11-13,0,11
"w_117201","treatment",2023-03-12,5,7
"w_687077","control",2025-12-05,0,8
"w_776478","treatment",2026-02-17,0,9
"w_954822","control",2019-04-15,26,13
"w_499438","treatment",2021-08-28,0,10
"w_944883","control",2025-04-22,1,14
"w_465976","control",2022-02-02,3,4
"w_323949","control",2020-09-17,0,11
"w_364381","control",2024-09-06,0,10
"w_607851","control",2020-12-07,38,13
"w_681649","treatment",2019-10-15,2,8
"w_965079","treatment",2022-01-11,0,8
"w_910267","control",2020-07-31,0,12
"w_952750","control",2024-05-27,0,13
"w_604803","control",2018-06-28,0,8
"w_788378","treatment",2023-01-29,0,5
"w_413652","control",2023-05-24,31,9
"w_900238","treatment",2022-02-24,0,10
"w_652814","treatment",2019-05-11,0,8
"w_752361","control",2025-10-18,7,13
"w_345524","control",2019-11-01,0,15
"w_264916","control",2022-05-30,0,9
"w_619203","treatment",2021-09-29,0,14
"w_665462","control",2025-01-19,0,8
"w_279189","treatment",2025-04-14,2,9
"w_621227","treatment",2025-10-24,2,11
"w_864964","control",2026-05-31,0,9
"w_940677","treatment",2022-05-02,10,10
"w_859847","treatment",2020-09-14,0,9
"w_114305","treatment",2019-09-19,0,10
"w_897531","control",2018-09-29,0,12
"w_918851","control",2024-01-10,0,8
"w_227596","control",2022-06-27,0,9
"w_165734","treatment",2026-05-06,0,13
"w_186407","treatment",2022-05-13,7,9
"w_486279","treatment",2022-07-18,0,8
"w_648311","control",2019-08-13,3,8
"w_639047","control",2021-06-23,0,11
"w_557706","treatment",2024-06-23,15,14
"w_398027","treatment",2020-09-08,0,15
"w_222389","control",2024-11-06,0,11
"w_843250","control",2020-07-20,0,11
"w_776575","treatment",2022-09-08,4,10
"w_513759","control",2021-01-16,0,14
"w_227459","control",2020-10-07,1,8
"w_684539","control",2021-02-11,0,11
"w_422509","control",2020-06-08,3,11
"w_340273","control",2019-05-27,0,9
"w_281280","treatment",2020-11-11,0,9
"w_327204","treatment",2026-02-03,36,4
"w_534737","treatment",2024-01-17,8,5
"w_133909","control",2022-06-13,0,9
"w_208402","control",2021-07-27,0,9
"w_125310","treatment",2020-02-12,0,14
"w_364720","control",2021-02-28,0,9
"w_765473","control",2025-03-20,9,11
"w_800570","treatment",2025-05-19,0,8
"w_795420","treatment",2023-08-19,0,13
"w_951362","control",2022-11-13,3,10
"w_106221","control",2024-04-05,0,8
"w_833648","treatment",2022-08-04,1,7
"w_878056","treatment",2022-04-01,0,18
"w_183647","treatment",2020-04-08,0,16
"w_378692","treatment",2020-12-23,12,13
"w_138565","control",2019-02-11,0,10
"w_565753","control",2023-05-24,2,14
"w_175734","treatment",2026-04-01,8,10
"w_532188","control",2020-05-06,39,7
"w_262032","treatment",2023-08-01,0,6
"w_638385","control",2018-12-02,0,13
"w_304014","control",2025-03-22,9,9
"w_984205","control",2024-03-26,0,14
"w_371619","control",2023-01-24,4,10
"w_981760","treatment",2019-02-17,80,6
"w_797341","control",2026-03-05,0,5
"w_683632","treatment",2019-06-27,0,8
"w_994499","control",2019-06-13,0,7
"w_778868","treatment",2020-06-28,0,12
"w_871902","control",2022-07-25,1,14
"w_764441","control",2019-12-28,12,14
"w_403644","treatment",2022-03-01,0,7
"w_335720","treatment",2025-12-31,0,4
"w_590668","control",2024-12-11,2,6
"w_274512","control",2026-01-29,4,13
"w_287439","control",2025-11-09,0,7
"w_577485","control",2023-01-07,0,6
"w_857421","control",2022-08-16,4,10
"w_921152","treatment",2023-06-23,0,12
"w_436487","control",2021-07-29,0,11
"w_774657","treatment",2020-08-07,0,10
"w_625007","treatment",2020-10-29,0,9
"w_452985","treatment",2020-09-05,0,6
"w_823011","control",2019-04-23,15,15
"w_888905","control",2025-09-10,0,12
"w_836910","treatment",2021-02-18,0,6
"w_567338","treatment",2026-02-18,0,9
"w_942702","treatment",2026-04-27,13,9
"w_675216","treatment",2020-06-26,0,14
"w_122266","treatment",2019-07-10,0,11
"w_669453","control",2023-06-13,3,10
"w_975328","treatment",2026-02-07,0,9
"w_654080","control",2021-01-20,0,11
"w_881895","control",2025-12-21,3,9
"w_628979","control",2020-08-09,0,12
"w_493599","control",2018-12-28,1,11
"w_882585","control",2026-05-10,46,12
"w_345551","control",2023-09-13,15,14
"w_957077","control",2021-03-25,0,13
"w_177924","treatment",2022-10-03,6,12
"w_508485","treatment",2021-02-02,0,16
"w_440994","control",2020-04-09,2,9
"w_693003","treatment",2021-06-11,0,13
"w_414194","treatment",2021-06-26,1,8
"w_599502","control",2018-11-25,4,8
"w_173595","treatment",2026-06-11,0,15
"w_716848","control",2022-08-15,13,8
"w_788193","control",2019-04-11,17,17
"w_882293","treatment",2025-04-10,0,14
"w_359704","control",2022-11-02,0,7
"w_538582","control",2019-09-30,6,17
"w_253911","control",2021-07-07,0,15
"w_173774","control",2023-12-24,1,10
"w_416932","treatment",2020-10-03,4,5
"w_339571","control",2025-09-03,0,13
"w_168101","control",2018-09-09,1,18
"w_577469","control",2024-06-04,0,6
"w_473871","control",2019-05-11,0,12
"w_869277","treatment",2020-08-01,0,15
"w_837065","treatment",2025-06-13,3,11
"w_426867","control",2025-02-28,0,13
"w_936103","control",2025-08-04,2,17
"w_333085","treatment",2018-08-25,45,8
"w_782793","treatment",2018-06-02,22,9
"w_760258","treatment",2021-12-11,0,10
"w_987224","treatment",2019-06-17,0,7
"w_182936","control",2021-07-24,0,12
"w_116048","treatment",2018-11-24,0,12
"w_891083","control",2019-07-15,0,10
"w_150520","control",2021-10-25,17,15
"w_125824","treatment",2021-08-28,4,12
"w_352897","control",2020-11-07,0,7
"w_112202","control",2025-04-24,114,3
"w_411865","treatment",2020-12-30,12,13
"w_226158","treatment",2024-03-13,0,12
"w_799062","treatment",2025-04-25,2,8
"w_228569","control",2023-02-07,0,12
"w_381204","control",2023-07-02,1,8
"w_545335","control",2025-09-03,0,14
"w_711689","treatment",2020-02-13,0,12
"w_827389","treatment",2022-03-31,16,9
"w_776123","treatment",2018-06-14,0,15
"w_242913","control",2019-04-17,0,9
"w_516534","control",2023-11-06,16,6
"w_294110","control",2025-07-03,3,10
"w_244825","treatment",2025-01-13,0,9
"w_757588","control",2022-12-05,0,8
"w_672578","treatment",2024-01-14,0,12
"w_580255","treatment",2025-03-20,0,16
"w_530757","control",2018-06-08,2,11
"w_646430","treatment",2025-10-11,0,11
"w_173199","control",2025-11-15,0,12
"w_555107","control",2022-03-24,0,10
"w_545014","control",2019-09-26,4,8
"w_940784","treatment",2026-03-24,0,12
"w_621701","treatment",2026-03-12,0,6
"w_197925","control",2025-04-29,0,9
"w_525501","control",2020-11-11,0,15
"w_208207","treatment",2018-07-07,2,8
"w_948609","treatment",2026-05-11,15,11
"w_442964","control",2025-10-31,2,11
"w_907443","treatment",2023-01-05,8,9
"w_166926","treatment",2024-11-28,4,13
"w_281644","treatment",2021-09-11,0,9
"w_898829","treatment",2021-03-13,31,10
"w_885581","treatment",2019-05-30,3,14
"w_113881","treatment",2024-01-28,0,9
"w_169593","treatment",2020-09-21,0,9
"w_709032","control",2021-08-25,2,7
"w_631096","treatment",2024-06-26,11,10
"w_109652","control",2023-12-30,3,6
"w_706454","control",2024-12-16,14,7
"w_702226","control",2025-01-11,0,11
"w_115389","control",2020-02-24,3,9
"w_717472","control",2026-04-09,0,10
"w_539155","control",2023-08-27,0,13
"w_480085","control",2019-05-27,2,8
"w_386781","treatment",2019-02-05,0,10
"w_761619","control",2021-03-17,1,12
"w_842335","control",2025-06-09,1,7
"w_666646","treatment",2025-07-05,1,11
"w_951042","control",2026-03-05,0,10
"w_805943","control",2023-12-27,12,5
"w_416960","treatment",2018-06-15,0,9
"w_377081","treatment",2026-01-16,0,12
"w_630447","treatment",2024-09-03,4,7
"w_893658","treatment",2019-10-02,0,6
"w_309928","treatment",2018-09-24,6,10
"w_886444","treatment",2024-07-25,0,9
"w_729843","treatment",2025-05-15,0,2
"w_635153","control",2019-09-13,8,8
"w_288671","control",2018-08-12,0,6
"w_903953","control",2022-10-21,0,7
"w_477373","treatment",2024-05-05,0,7
"w_587717","control",2020-08-24,4,14
"w_604753","control",2024-03-31,2,5
"w_857438","control",2022-11-15,0,10
"w_456598","treatment",2021-12-13,3,7
"w_176307","control",2025-02-03,0,16
"w_766474","control",2022-04-17,12,6
"w_580860","control",2019-12-02,12,15
"w_839841","control",2022-03-07,0,8
"w_544058","control",2019-04-03,9,9
"w_643243","control",2022-04-22,0,16
"w_239515","treatment",2019-06-02,0,15
"w_737005","treatment",2018-07-20,0,18
"w_609583","treatment",2020-09-30,0,8
"w_809259","treatment",2019-03-09,0,9
"w_292118","control",2020-05-20,0,6
"w_520841","control",2026-07-18,0,11
"w_989414","treatment",2026-05-14,0,8
"w_800819","control",2022-11-18,0,7
"w_117948","treatment",2020-07-18,18,10
"w_576127","treatment",2019-03-24,17,8
"w_790703","control",2019-05-31,9,11
"w_196611","control",2026-01-24,0,11
"w_970437","control",2025-05-30,0,16
"w_106050","control",2020-08-27,0,8
"w_925651","treatment",2022-05-25,0,10
"w_624603","treatment",2024-08-12,0,7
"w_613273","treatment",2019-01-21,0,7
"w_777835","control",2021-09-27,7,7
"w_564719","control",2025-01-19,0,12
"w_314229","control",2023-08-01,7,10
"w_723698","control",2021-05-09,0,12
"w_379985","treatment",2019-12-09,14,10
"w_677159","control",2019-09-03,0,10
"w_784492","control",2021-06-28,4,8
"w_133350","treatment",2022-12-29,0,11
"w_112747","treatment",2025-04-23,0,11
"w_136687","control",2020-09-15,4,13
"w_151406","treatment",2025-10-16,13,9
"w_517752","treatment",2023-09-23,0,17
"w_901935","control",2022-07-10,0,10
"w_485555","treatment",2025-06-23,0,10
"w_354426","control",2021-12-31,0,13
"w_918450","treatment",2019-05-05,17,15
"w_743198","treatment",2023-06-26,0,11
"w_748120","control",2019-06-01,3,7
"w_960210","treatment",2020-01-22,4,14
"w_761911","control",2018-10-18,0,5
"w_689801","control",2022-07-02,0,8
"w_926776","treatment",2021-06-12,4,11
"w_186949","control",2023-08-01,12,11
"w_444060","control",2025-09-16,18,11
"w_766643","control",2025-12-04,0,10
"w_761573","control",2018-11-04,2,11
"w_328990","treatment",2020-11-25,0,14
"w_953446","control",2018-09-19,0,6
"w_122922","treatment",2019-07-25,0,8
"w_485242","treatment",2024-08-08,4,14
"w_823487","control",2023-07-19,0,9
"w_964967","treatment",2023-04-03,0,12
"w_519087","control",2021-12-08,0,12
"w_571181","treatment",2020-03-03,0,8
"w_717709","control",2021-01-05,2,13
"w_331912","treatment",2018-12-06,9,7
"w_835799","treatment",2026-03-26,0,9
"w_187888","control",2026-07-01,2,4
"w_153257","control",2026-06-22,0,8
"w_606194","control",2023-10-25,0,8
"w_121229","control",2025-03-30,0,13
"w_260026","treatment",2020-07-16,0,10
"w_379637","treatment",2022-01-24,23,16
"w_310744","treatment",2025-06-27,0,6
"w_990612","control",2019-09-14,0,14
"w_916418","treatment",2024-09-25,7,3
"w_763361","treatment",2025-05-31,0,13
"w_887960","control",2020-09-14,0,11
"w_849734","control",2019-06-07,73,9
"w_961436","treatment",2021-02-27,0,10
"w_342463","treatment",2018-11-11,0,14
"w_977457","treatment",2018-09-26,21,15
"w_938696","control",2024-06-14,0,4
"w_179997","treatment",2021-11-09,2,8
"w_255360","control",2023-02-03,3,8
"w_694003","treatment",2025-09-21,4,11
"w_315227","control",2025-04-24,0,10
"w_754884","treatment",2024-07-27,0,14
"w_177150","treatment",2026-05-01,3,7
"w_810070","control",2026-01-27,0,11
"w_879227","control",2021-01-08,47,8
"w_589532","control",2021-08-22,3,7
"w_449073","treatment",2020-05-23,4,14
"w_342851","control",2019-10-12,0,15
"w_408769","control",2024-05-03,3,15
"w_730333","treatment",2018-06-30,0,15
"w_972852","control",2021-12-30,0,14
"w_868388","control",2024-12-15,1,16
"w_352364","treatment",2025-02-28,0,7
"w_502295","control",2021-06-09,21,12
"w_134495","control",2025-03-24,1,14
"w_927096","treatment",2025-04-16,10,12
"w_943067","control",2021-07-31,4,10
"w_994068","treatment",2026-06-18,4,10
"w_847379","treatment",2019-04-06,0,7
"w_489935","treatment",2022-10-13,0,7
"w_153646","control",2022-10-23,13,12
"w_945311","treatment",2019-01-31,31,9
"w_789706","treatment",2021-02-05,0,12
"w_806848","control",2025-01-15,14,9
"w_735017","treatment",2024-06-11,0,13
"w_566081","treatment",2020-07-29,0,9
"w_329613","control",2025-01-07,0,11
"w_418840","treatment",2021-06-16,0,11
"w_829577","treatment",2025-03-13,3,13
"w_462609","control",2019-05-25,0,10
"w_677449","treatment",2022-02-25,0,11
"w_107420","control",2024-07-17,0,11
"w_810338","control",2021-09-23,16,10
"w_210992","treatment",2019-01-01,0,7
"w_270020","control",2022-05-27,3,2
"w_800967","treatment",2021-05-24,0,8
"w_495615","control",2018-12-02,7,9
"w_235283","treatment",2020-07-21,2,9
"w_176875","treatment",2020-02-04,0,11
"w_955393","control",2026-04-02,0,11
"w_916317","control",2018-12-02,0,11
"w_420015","control",2025-01-24,13,11
"w_948771","control",2022-01-21,13,13
"w_867383","treatment",2019-09-29,14,10
"w_410456","treatment",2026-05-31,0,12
"w_592278","control",2024-02-29,0,9
"w_889326","treatment",2020-06-04,0,13
"w_725985","control",2020-04-17,1,7
"w_213700","control",2020-07-07,0,10
"w_932844","control",2022-05-15,1,13
"w_910428","control",2025-11-06,0,9
"w_360216","treatment",2022-07-12,0,12
"w_186894","treatment",2021-12-26,1,6
"w_349090","treatment",2019-12-01,11,8
"w_523033","treatment",2020-10-16,1,13
"w_304983","treatment",2023-07-21,0,11
"w_684512","control",2020-03-14,4,17
"w_413472","control",2019-05-27,9,15
"w_560795","treatment",2025-09-22,3,14
"w_553177","treatment",2024-11-26,8,10
"w_247269","treatment",2024-03-06,1,8
"w_307988","treatment",2025-12-06,15,7
"w_425661","treatment",2022-09-24,0,15
"w_832043","control",2025-04-25,3,9
"w_367426","treatment",2025-06-10,2,11
"w_909911","control",2019-12-27,0,9
"w_860159","treatment",2025-01-19,0,7
"w_239892","treatment",2022-12-26,0,7
"w_301386","control",2022-06-04,19,8
"w_494979","control",2023-07-07,0,14
"w_950434","treatment",2019-04-13,4,11
"w_943381","treatment",2025-05-10,0,11
"w_291824","treatment",2022-05-11,1,9
"w_278288","treatment",2018-09-17,1,13
"w_491106","treatment",2020-11-30,4,11
"w_564203","treatment",2025-12-01,0,15
"w_910388","control",2025-04-09,0,10
"w_502893","treatment",2026-06-14,11,14
"w_747253","treatment",2021-01-18,0,15
"w_887178","treatment",2019-03-23,0,15
"w_366991","control",2024-04-26,52,8
"w_249221","treatment",2019-03-06,0,6
"w_929510","control",2018-09-15,3,7
"w_773953","treatment",2023-01-13,0,7
"w_232879","control",2024-11-03,2,10
"w_807095","treatment",2019-09-06,0,9
"w_410072","treatment",2021-09-09,4,9
"w_441904","treatment",2024-05-13,0,11
"w_725854","control",2021-06-08,0,5
"w_799596","treatment",2022-01-29,7,12
"w_550603","treatment",2020-11-08,0,16
"w_388425","treatment",2019-11-17,2,8
"w_572066","control",2025-09-19,0,14
"w_783938","control",2025-12-07,0,5
"w_362330","treatment",2025-11-29,0,15
"w_544684","control",2024-03-11,3,4
"w_944249","treatment",2020-10-18,3,15
"w_147929","treatment",2021-08-01,0,14
"w_747269","control",2021-07-27,1,7
"w_116434","treatment",2023-09-21,0,13
"w_772467","treatment",2024-03-24,4,14
"w_638073","control",2024-07-30,1,13
"w_492179","treatment",2026-06-11,110,5
"w_824640","treatment",2024-07-23,0,10
"w_367869","control",2021-08-26,2,9
"w_502144","treatment",2022-04-19,0,11
"w_548450","treatment",2026-04-25,0,11
"w_256990","control",2021-03-10,0,8
"w_962525","treatment",2019-08-23,1,11
"w_997653","treatment",2026-03-03,0,12
"w_642715","treatment",2020-09-21,0,13
"w_798698","treatment",2020-04-30,0,14
"w_490887","treatment",2022-10-29,3,10
"w_988245","control",2019-01-30,0,8
"w_750452","control",2025-12-25,0,10
"w_654692","treatment",2018-12-19,0,12
"w_409784","treatment",2025-08-04,4,12
"w_794707","control",2024-11-11,0,11
"w_106454","treatment",2022-05-07,1,7
"w_643701","treatment",2025-06-30,1,10
"w_990180","control",2019-01-16,34,6
"w_788395","treatment",2019-10-03,1,10
"w_914598","control",2019-12-30,2,14
"w_575254","treatment",2025-10-24,0,11
"w_788340","control",2023-07-01,0,5
"w_922888","control",2021-11-21,0,14
"w_700413","treatment",2021-10-20,0,9
"w_962058","control",2020-01-28,0,11
"w_554341","treatment",2019-11-01,0,11
"w_573601","treatment",2023-02-03,0,9
"w_460034","treatment",2018-06-02,19,11
"w_192257","treatment",2023-11-21,0,9
"w_202307","treatment",2023-01-10,0,6
"w_951346","treatment",2025-11-21,5,13
"w_247234","control",2023-06-10,11,15
"w_793492","control",2019-11-11,5,7
"w_224496","control",2022-04-09,29,8
"w_630501","treatment",2019-08-27,0,9
"w_215400","treatment",2020-09-24,4,8
"w_334782","control",2024-04-26,0,12
"w_469331","treatment",2022-02-07,17,8
"w_322378","control",2019-02-10,12,10
"w_308040","control",2021-12-01,0,14
"w_209793","control",2024-02-27,2,15
"w_381410","control",2025-08-24,0,5
"w_534244","treatment",2020-01-21,0,8
"w_663258","control",2019-08-12,14,14
"w_290541","control",2025-10-04,0,9
"w_674696","treatment",2026-02-14,16,8
"w_560928","treatment",2020-01-14,8,4
"w_698668","control",2025-08-08,0,17
"w_662733","treatment",2019-07-01,0,11
"w_609643","treatment",2019-10-06,0,9
"w_746823","control",2024-09-21,3,9
"w_177908","control",2026-04-26,3,8
"w_885339","treatment",2026-01-03,0,6
"w_752767","control",2021-01-17,0,10
"w_617767","control",2022-11-22,17,11
"w_456225","treatment",2020-01-26,2,13
"w_384904","treatment",2021-11-20,46,9
"w_786508","treatment",2021-12-30,0,12
"w_282660","control",2022-04-08,4,8
"w_324188","control",2022-09-21,3,16
"w_670870","treatment",2021-05-09,2,11
"w_194424","control",2025-10-22,17,10
"w_234884","treatment",2023-06-06,0,11
"w_741319","control",2025-11-19,9,10
"w_591354","treatment",2024-02-05,0,8
"w_385879","control",2023-10-25,0,6
"w_844644","treatment",2024-01-04,4,9
"w_483858","treatment",2018-08-30,0,9
"w_708971","control",2021-10-13,0,16
"w_977939","control",2024-10-10,3,9
"w_896085","control",2022-08-22,8,10
"w_186607","control",2022-04-28,0,12
"w_930628","treatment",2023-03-10,0,11
"w_772338","treatment",2023-05-07,0,10
"w_748094","treatment",2018-06-24,2,11
"w_808265","control",2019-12-11,1,9
"w_497203","treatment",2024-05-03,2,12
"w_428172","control",2018-10-06,2,7
"w_404156","treatment",2020-02-09,0,12
"w_529986","treatment",2026-03-31,0,7
"w_123115","control",2019-04-11,17,7
"w_739282","control",2024-03-04,0,13
"w_642881","treatment",2023-11-21,0,10
"w_818932","treatment",2024-08-30,0,9
"w_927909","control",2023-04-22,2,11
"w_259947","control",2025-09-28,0,10
"w_265429","treatment",2026-04-07,0,11
"w_105106","control",2018-06-15,0,14
"w_869828","control",2024-04-16,0,10
"w_170674","control",2024-11-02,9,7
"w_690774","treatment",2025-09-11,10,6
"w_261033","control",2025-01-23,2,9
"w_679930","treatment",2018-08-22,3,10
"w_117478","treatment",2019-05-06,12,9
"w_388012","treatment",2021-12-01,0,7
"w_275112","control",2026-02-04,0,9
"w_436549","control",2019-05-21,4,14
"w_301197","control",2019-01-22,0,12
"w_583078","control",2021-03-13,0,7
"w_136068","treatment",2023-07-08,2,8
"w_689828","treatment",2022-01-10,0,10
"w_407714","treatment",2023-09-29,0,8
"w_460302","control",2020-04-21,0,13
"w_816623","control",2025-03-03,3,11
"w_978995","control",2020-06-23,0,12
"w_965756","treatment",2024-07-14,0,3
"w_849623","treatment",2023-07-21,9,7
"w_393713","treatment",2019-03-04,0,11
"w_153461","control",2019-01-07,4,7
"w_684473","control",2022-06-20,0,12
"w_151913","treatment",2018-10-05,7,13
"w_749972","treatment",2020-05-04,0,9
"w_547610","treatment",2026-01-04,0,17
"w_935062","treatment",2022-07-17,0,6
"w_747549","treatment",2019-08-08,0,7
"w_216293","treatment",2026-02-19,3,9
"w_852850","treatment",2024-12-10,2,15
"w_601297","treatment",2025-08-04,15,7
"w_650353","treatment",2022-07-26,2,4
"w_420493","control",2019-06-01,3,12
"w_427698","control",2023-11-04,3,12
"w_651960","treatment",2021-05-17,0,7
"w_926477","control",2022-11-11,0,9
"w_489431","treatment",2020-03-01,8,11
"w_141723","control",2018-07-30,17,16
"w_883879","control",2021-11-03,2,8
"w_742736","control",2025-04-08,0,7
"w_652521","treatment",2026-04-14,0,8
"w_925555","treatment",2023-08-12,3,10
"w_230368","treatment",2023-12-06,0,9
"w_774702","treatment",2025-12-28,0,10
"w_622832","control",2018-09-28,0,12
"w_515057","control",2021-05-04,2,8
"w_683189","treatment",2024-01-30,0,11
"w_403422","control",2020-05-03,0,14
"w_294024","treatment",2024-12-19,19,14
"w_362260","treatment",2018-10-19,0,4
"w_455178","control",2026-03-18,0,11
"w_653470","control",2023-06-01,0,9
"w_855425","control",2019-01-12,3,13
"w_985630","control",2025-11-28,10,11
"w_938479","control",2024-08-11,0,13
"w_323455","treatment",2024-07-05,10,11
"w_435416","treatment",2022-12-27,2,10
"w_373158","treatment",2022-05-06,0,11
"w_818431","treatment",2018-09-12,6,7
"w_691382","treatment",2019-11-12,0,9
"w_316589","control",2025-08-06,0,5
"w_654827","control",2024-10-05,4,9
"w_500329","treatment",2026-02-01,5,10
"w_180040","treatment",2024-08-21,18,7
"w_510791","control",2021-06-27,0,9
"w_471911","control",2018-09-04,0,9
"w_843795","control",2025-07-25,0,9
"w_862599","treatment",2020-09-28,0,8
"w_134261","control",2024-08-13,0,10
"w_386981","control",2024-11-06,0,9
"w_788766","control",2024-03-04,0,9
"w_234157","control",2019-02-28,6,12
"w_229990","control",2023-06-21,0,16
"w_526223","treatment",2023-09-16,1,6
"w_246892","control",2024-07-17,0,5
"w_105490","treatment",2025-02-14,1,10
"w_685563","control",2019-04-08,0,14
"w_886096","treatment",2020-04-12,0,13
"w_478796","treatment",2025-04-14,0,12
"w_917067","treatment",2023-05-20,9,9
"w_500739","control",2022-10-16,13,8
"w_566282","control",2019-05-03,0,13
"w_599699","treatment",2026-04-13,0,11
"w_955627","control",2018-07-07,0,8
"w_743779","control",2023-04-12,0,13
"w_954828","control",2020-09-14,17,18
"w_112121","control",2025-11-13,0,11
"w_902504","treatment",2020-02-06,0,13
"w_621729","treatment",2025-11-01,35,7
"w_993063","treatment",2019-09-05,1,10
"w_481147","treatment",2021-08-09,2,6
"w_772513","control",2026-04-02,0,8
"w_880666","control",2022-07-01,0,9
"w_442717","control",2022-03-14,0,13
"w_319119","treatment",2022-05-29,0,10
"w_959699","treatment",2025-04-23,0,10
"w_941366","treatment",2020-02-12,3,12
"w_325663","control",2024-02-10,50,11
"w_341145","treatment",2025-05-05,4,10
"w_655415","treatment",2019-02-25,0,8
"w_226463","treatment",2019-03-17,0,12
"w_138373","control",2026-07-08,67,10
"w_441622","treatment",2024-03-20,18,11
"w_624716","control",2024-08-19,0,13
"w_945987","treatment",2020-04-08,31,6
"w_896363","control",2022-03-28,1,11
"w_760967","treatment",2025-03-22,0,8
"w_542932","treatment",2024-12-23,0,5
"w_409223","control",2025-01-30,48,9
"w_131671","control",2023-01-25,0,13
"w_352051","control",2019-01-15,2,9
"w_558116","control",2019-07-02,3,16
"w_703141","control",2022-10-11,0,15
"w_965000","treatment",2022-07-05,1,16
"w_721611","control",2024-06-19,15,9
"w_750377","treatment",2019-11-09,0,14
"w_208812","control",2023-01-21,4,11
"w_284023","treatment",2022-09-21,19,9
"w_759873","control",2025-01-08,35,10
"w_251683","treatment",2022-04-09,3,10
"w_384721","treatment",2021-02-07,0,6
"w_897429","control",2022-07-23,0,11
"w_872444","control",2022-04-09,0,9
"w_699993","treatment",2025-12-14,1,5
"w_499238","control",2024-03-28,0,8
"w_715083","control",2020-11-09,0,8
"w_476990","control",2019-02-07,0,9
"w_705733","control",2023-10-01,0,8
"w_850573","control",2021-03-29,5,10
"w_689004","control",2023-02-26,1,11
"w_581238","control",2024-10-04,0,7
"w_566061","treatment",2024-02-24,0,13
"w_952215","treatment",2025-02-23,0,11
"w_193744","control",2024-07-27,0,9
"w_395309","treatment",2023-03-05,0,10
"w_524200","control",2021-03-06,2,5
"w_628717","treatment",2021-02-10,0,11
"w_845613","control",2021-09-14,10,10
"w_238142","control",2024-08-28,0,12
"w_702774","treatment",2020-08-27,0,9
"w_414800","treatment",2020-03-26,10,8
"w_795771","control",2024-08-08,4,17
"w_134777","control",2021-06-15,0,12
"w_705255","treatment",2020-08-29,3,13
"w_872635","treatment",2020-04-28,0,6
"w_714223","control",2022-07-03,0,9
"w_253235","treatment",2023-06-20,0,9
"w_744467","treatment",2026-03-06,93,14
"w_340147","treatment",2020-07-09,6,13
"w_724080","treatment",2022-09-19,0,8
"w_885995","treatment",2019-10-05,0,8
"w_771318","treatment",2026-05-11,0,8
"w_157192","control",2021-01-25,11,10
"w_947177","treatment",2024-10-11,0,10
"w_119448","treatment",2021-11-25,26,14
"w_560484","control",2023-07-19,0,13
"w_237534","control",2026-04-11,46,6
"w_245068","control",2022-06-23,0,14
"w_726679","control",2020-06-17,14,8
"w_984475","treatment",2026-04-04,3,11
"w_448224","treatment",2020-08-15,5,5
"w_163041","treatment",2018-12-03,3,6
"w_486900","treatment",2023-01-17,0,11
"w_124783","control",2019-05-07,0,9
"w_645062","treatment",2018-11-30,2,10
"w_490243","control",2024-09-26,0,8
"w_106484","control",2020-04-15,6,11
"w_305575","control",2019-01-19,0,8
"w_344791","control",2025-07-18,0,6
"w_521122","control",2023-05-28,0,6
"w_199752","treatment",2021-02-05,0,19
"w_328999","control",2020-04-07,0,7
"w_660117","treatment",2023-04-04,0,12
"w_431323","control",2019-12-29,0,10
"w_409447","control",2023-12-24,4,10
"w_582587","control",2019-01-10,0,8
"w_466696","treatment",2023-05-23,2,8
"w_838110","treatment",2020-05-25,0,11
"w_206891","treatment",2021-04-09,13,7
"w_922148","control",2020-05-01,0,17
"w_679965","control",2020-08-07,0,10
"w_690417","treatment",2026-05-28,0,11
"w_626687","treatment",2019-06-04,0,7
"w_880084","control",2025-08-20,0,13
"w_451192","control",2021-07-28,4,13
"w_938423","treatment",2020-02-16,1,9
"w_423496","control",2023-12-25,4,9
"w_752051","control",2019-03-01,0,6
"w_432657","treatment",2020-03-29,0,10
"w_887663","control",2025-12-06,12,6
"w_754227","control",2019-01-01,40,12
"w_251170","treatment",2021-10-23,0,10
"w_834725","treatment",2019-01-04,0,7
"w_762357","control",2026-02-02,1,9
"w_554158","control",2019-12-20,0,14
"w_244340","treatment",2025-07-25,4,12
"w_512320","control",2020-11-19,0,8
"w_318027","control",2021-03-08,0,8
"w_575426","treatment",2019-07-04,1,7
"w_714992","control",2025-12-07,1,12
"w_168339","control",2020-08-19,0,11
"w_429756","control",2022-12-25,0,22
"w_387008","treatment",2026-06-11,4,16
"w_381640","treatment",2019-08-06,0,11
"w_150674","control",2018-07-12,0,15
"w_945242","treatment",2024-02-04,0,7
"w_965555","control",2023-06-27,2,11
"w_620053","treatment",2020-02-09,0,12
"w_547844","treatment",2021-05-21,0,11
"w_772653","control",2025-07-08,0,12
"w_937576","treatment",2023-05-12,1,8
"w_988512","treatment",2022-01-28,0,14
"w_216197","treatment",2025-09-14,0,16
"w_749116","control",2020-09-03,0,10
"w_468585","treatment",2021-06-11,0,7
"w_902965","control",2024-07-08,0,8
"w_452622","control",2025-06-07,58,11
"w_411226","control",2024-04-20,0,10
"w_467376","treatment",2023-08-28,7,8
"w_389867","treatment",2019-05-30,0,10
"w_379837","control",2019-01-02,0,10
"w_206854","treatment",2023-05-11,16,15
"w_742531","treatment",2019-02-03,2,5
"w_149988","control",2025-03-24,0,10
"w_992071","treatment",2025-11-26,0,11
"w_654709","control",2020-08-29,0,10
"w_402741","treatment",2022-09-09,0,12
"w_228228","control",2018-10-02,29,10
"w_988933","treatment",2020-07-31,2,13
"w_506405","treatment",2019-08-19,0,9
"w_458416","control",2021-04-20,18,15
"w_252299","treatment",2020-02-10,8,15
"w_330086","control",2018-07-04,0,6
"w_450972","control",2025-07-23,3,10
"w_325896","control",2020-08-27,0,12
"w_863247","treatment",2020-09-15,0,10
"w_792359","treatment",2019-03-25,14,18
"w_705477","control",2019-09-10,12,13
"w_173984","control",2020-11-26,3,9
"w_490534","treatment",2023-11-16,0,6
"w_821371","control",2023-03-11,0,13
"w_634733","control",2025-02-03,0,17
"w_610402","treatment",2023-02-25,0,12
"w_208858","control",2026-06-29,1,7
"w_958524","control",2024-01-13,2,11
"w_737430","treatment",2026-03-16,0,11
"w_831009","treatment",2022-03-17,4,15
"w_377356","treatment",2018-08-14,2,16
"w_533723","control",2019-06-21,0,16
"w_434227","treatment",2023-02-08,0,10
"w_322058","treatment",2024-03-11,3,9
"w_610293","treatment",2020-07-17,0,11
"w_318912","control",2024-12-17,0,8
"w_496659","control",2018-06-28,17,11
"w_704051","treatment",2024-07-16,7,11
"w_981851","treatment",2022-09-06,9,11
"w_451722","control",2023-01-06,1,7
"w_933609","control",2021-04-01,0,13
"w_827740","control",2025-03-16,0,6
"w_336811","control",2025-05-14,2,11
"w_392521","control",2023-01-15,54,14
"w_995753","control",2019-05-02,0,11
"w_198553","treatment",2022-08-19,7,13
"w_964986","treatment",2018-10-08,0,10
"w_987547","control",2024-04-27,0,8
"w_286043","control",2022-10-15,0,8
"w_310015","treatment",2025-04-09,0,3
"w_835408","treatment",2025-01-09,1,12
"w_192237","control",2020-06-19,0,8
"w_501736","treatment",2020-05-16,4,9
"w_699907","control",2024-06-20,19,7
"w_113497","treatment",2021-09-09,1,8
"w_958588","treatment",2021-06-06,1,12
"w_594214","control",2023-05-19,13,8
"w_668890","control",2023-04-19,0,10
"w_529760","treatment",2025-07-14,0,13
"w_245646","control",2025-01-23,0,11
"w_905262","control",2025-05-08,2,12
"w_637673","control",2020-12-13,0,11
"w_342029","treatment",2019-08-06,1,11
"w_652053","treatment",2025-03-05,0,5
"w_270717","treatment",2023-05-18,9,14
"w_148672","control",2023-08-17,0,13
"w_813254","control",2021-10-04,0,9
"w_885579","control",2024-11-01,0,8
"w_956091","treatment",2024-12-25,0,9
"w_462844","treatment",2024-01-17,3,16
"w_804503","treatment",2021-03-28,4,8
"w_324958","control",2026-01-16,25,9
"w_143632","control",2019-08-11,0,6
"w_534621","control",2023-12-05,0,9
"w_293935","control",2021-08-13,32,8
"w_820103","control",2024-04-22,3,11
"w_889800","treatment",2019-04-21,14,13
"w_293494","control",2020-02-27,0,10
"w_581054","treatment",2023-09-24,0,9
"w_923220","control",2020-12-28,0,8
"w_384906","treatment",2022-09-10,0,14
"w_267528","treatment",2024-12-16,27,6
"w_838855","treatment",2021-10-07,0,9
"w_997532","treatment",2026-07-16,3,9
"w_853313","treatment",2025-07-24,0,6
"w_597523","treatment",2020-09-11,0,9
"w_723000","control",2021-02-11,3,12
"w_108972","control",2018-11-18,8,8
"w_470370","control",2019-08-15,0,9
"w_597153","control",2025-09-22,0,8
"w_509871","control",2022-08-26,0,12
"w_175416","control",2021-02-24,0,8
"w_429332","treatment",2022-03-20,0,8
"w_149154","control",2021-06-11,13,15
"w_450720","treatment",2026-05-28,0,7
"w_377850","control",2025-08-30,0,14
"w_861781","control",2023-09-23,17,10
"w_484352","control",2019-08-07,16,12
"w_581952","treatment",2025-03-24,4,8
"w_900785","treatment",2026-04-23,4,8
"w_224557","treatment",2025-12-01,0,13
"w_336394","treatment",2025-10-05,52,9
"w_714619","treatment",2020-07-01,0,6
"w_912703","treatment",2026-07-14,2,7
"w_410182","treatment",2025-05-27,4,10
"w_547717","control",2023-07-07,0,13
"w_560653","control",2024-04-04,0,5
"w_875214","control",2021-03-19,0,8
"w_816788","control",2021-01-17,2,9
"w_726944","treatment",2021-01-23,0,12
"w_704916","treatment",2019-08-21,4,14
"w_824936","control",2018-07-06,0,10
"w_358562","control",2020-05-11,4,11
"w_671614","treatment",2018-11-20,0,10
"w_891658","control",2019-01-05,5,7
"w_100818","treatment",2021-02-19,0,13
"w_410730","control",2019-06-06,4,8
"w_422290","control",2025-05-01,0,14
"w_710713","treatment",2021-11-13,0,13
"w_779528","control",2024-02-27,3,7
"w_899150","control",2023-09-07,0,10
"w_884679","control",2020-08-09,0,9
"w_630909","treatment",2018-09-26,0,10
"w_375479","control",2020-12-03,0,6
"w_583724","control",2019-03-08,0,20
"w_443440","treatment",2021-05-19,0,10
"w_908153","treatment",2018-06-16,2,6
"w_507088","control",2026-04-30,0,11
"w_488559","treatment",2026-07-04,46,11
"w_983415","control",2018-11-19,0,12
"w_664035","control",2024-08-17,0,8
"w_806818","control",2024-06-30,4,15
"w_760021","treatment",2023-08-28,0,11
"w_128523","control",2026-02-19,7,10
"w_594146","treatment",2021-12-15,3,8
"w_440741","treatment",2019-12-19,0,8
"w_102579","treatment",2020-11-07,9,9
"w_745420","control",2020-11-22,0,14
"w_759757","control",2019-04-28,0,9
"w_874879","control",2025-07-23,4,12
"w_130164","control",2023-10-02,0,16
"w_213785","control",2022-07-08,12,14
"w_288028","control",2025-02-01,14,7
"w_729006","treatment",2019-05-20,0,10
"w_403514","control",2018-10-14,3,9
"w_808907","control",2026-06-11,0,15
"w_584339","treatment",2025-12-31,50,11
"w_531074","control",2020-05-17,0,10
"w_487235","control",2020-06-28,48,12
"w_285189","control",2020-07-09,4,8
"w_494910","treatment",2024-01-23,4,8
"w_266507","control",2021-02-22,0,10
"w_104918","treatment",2022-06-20,2,13
"w_406754","control",2018-09-26,0,8
"w_409189","treatment",2022-07-04,1,5
"w_889058","control",2019-11-01,0,8
"w_568021","treatment",2025-12-29,2,8
"w_675122","control",2020-06-29,3,14
"w_144477","control",2018-09-09,0,8
"w_878691","control",2026-03-07,0,6
"w_938289","control",2023-07-21,0,7
"w_104368","treatment",2018-09-13,0,8
"w_457441","control",2019-04-04,0,11
"w_774123","treatment",2022-04-25,0,15
"w_971596","treatment",2026-05-18,0,14
"w_839675","control",2024-01-08,0,9
"w_867124","control",2024-10-04,17,9
"w_682043","control",2020-08-10,4,12
"w_897603","control",2020-06-21,0,5
"w_559603","treatment",2021-03-22,3,13
"w_564760","control",2022-01-31,4,8
"w_224736","treatment",2026-06-03,1,10
"w_197034","treatment",2022-09-04,13,11
"w_506455","treatment",2020-09-22,3,9
"w_827320","treatment",2021-12-02,0,19
"w_608163","control",2022-03-28,3,12
"w_548598","control",2020-06-24,0,7
"w_799372","treatment",2023-04-22,2,11
"w_516831","treatment",2021-07-06,0,13
"w_738769","control",2021-06-06,19,13
"w_981321","treatment",2026-05-07,0,16
"w_360943","treatment",2023-10-09,4,17
"w_873562","treatment",2022-01-10,3,7
"w_826564","control",2024-02-22,0,14
"w_621285","control",2024-06-04,0,9
"w_850564","treatment",2021-03-17,20,15
"w_915916","control",2020-03-22,16,14
"w_150056","control",2020-12-11,18,9
"w_849676","treatment",2019-08-02,0,17
"w_746758","control",2022-03-13,0,10
"w_769929","treatment",2025-04-28,0,8
"w_104306","treatment",2021-08-24,0,12
"w_213530","control",2020-04-26,0,7
"w_456788","control",2018-10-08,0,9
"w_745374","treatment",2025-10-04,0,10
"w_952362","treatment",2023-11-13,34,10
"w_488584","control",2021-03-12,7,11
"w_693638","treatment",2020-06-12,0,4
"w_549023","treatment",2022-03-24,0,9
"w_505348","control",2018-11-05,3,10
"w_888059","control",2022-01-13,3,18
"w_926740","control",2021-09-30,0,9
"w_918178","treatment",2026-01-20,2,5
"w_833022","treatment",2024-09-04,4,8
"w_587169","treatment",2018-07-08,0,7
"w_426798","control",2024-08-26,3,10
"w_979545","treatment",2021-01-30,0,8
"w_165404","control",2022-12-16,0,7
"w_672569","treatment",2020-03-04,0,11
"w_301927","treatment",2020-07-26,0,11
"w_311534","control",2019-06-27,3,11
"w_562133","treatment",2018-11-01,2,8
"w_978420","treatment",2019-01-28,23,7
"w_897669","control",2018-08-21,0,7
"w_137639","control",2024-04-22,0,9
"w_674079","treatment",2021-09-28,0,10
"w_843930","treatment",2025-07-03,0,5
"w_287676","control",2025-02-15,4,9
"w_645394","treatment",2020-05-01,41,11
"w_791496","treatment",2026-03-18,16,15
"w_714019","control",2020-01-13,16,12
"w_244278","control",2018-06-14,53,4
"w_967767","treatment",2020-03-03,0,10
"w_261381","treatment",2025-10-30,1,8
"w_141523","treatment",2026-01-15,2,13
"w_148435","control",2020-07-04,3,15
"w_922616","treatment",2024-04-29,0,11
"w_334914","control",2025-05-19,4,10
"w_972148","control",2021-11-19,0,11
"w_220378","control",2025-12-15,1,10
"w_440691","control",2018-09-23,0,13
"w_290746","treatment",2024-01-08,0,13
"w_854830","control",2025-12-29,0,14
"w_369488","treatment",2020-05-24,0,13
"w_112858","control",2024-08-27,0,8
"w_230951","treatment",2018-07-01,0,4
"w_293655","treatment",2020-01-23,3,10
"w_616019","control",2023-12-01,3,10
"w_872012","treatment",2021-10-04,14,11
"w_419619","treatment",2021-05-28,0,9
"w_733023","treatment",2021-06-15,14,12
"w_627051","treatment",2023-02-05,0,12
"w_619546","treatment",2020-02-08,0,5
"w_274750","control",2025-03-30,7,8
"w_674868","control",2024-12-06,0,8
"w_427863","treatment",2020-11-11,15,12
"w_536678","treatment",2025-03-26,0,11
"w_347498","control",2022-06-21,0,5
"w_246730","control",2020-08-16,0,14
"w_573037","treatment",2021-10-09,2,12
"w_175273","treatment",2025-05-10,22,5
"w_267739","control",2022-10-13,0,7
"w_265343","treatment",2020-02-14,0,9
"w_391294","treatment",2021-03-26,1,9
"w_520417","treatment",2021-08-01,84,8
"w_111737","control",2020-09-05,0,10
"w_552805","treatment",2019-08-29,2,9
"w_272432","control",2019-05-01,0,5
"w_824604","control",2019-11-21,0,11
"w_455618","control",2024-08-20,1,8
"w_807113","control",2021-06-29,16,9
"w_921433","treatment",2020-07-25,4,9
"w_371574","control",2018-06-28,18,10
"w_488876","control",2022-09-05,0,11
"w_525510","treatment",2026-01-02,0,11
"w_686357","control",2024-11-04,1,11
"w_290794","treatment",2024-03-17,0,11
"w_684212","control",2026-03-19,0,11
"w_939805","control",2026-02-15,0,8
"w_630599","treatment",2022-10-23,0,8
"w_661041","control",2025-04-12,2,11
"w_488895","control",2026-06-07,0,7
"w_647070","control",2018-07-24,3,13
"w_932801","control",2019-02-02,2,13
"w_903437","treatment",2019-07-19,3,5
"w_540285","control",2024-11-15,4,11
"w_148485","treatment",2020-03-08,16,9
"w_925613","control",2026-06-04,0,9
"w_540146","control",2023-11-30,0,10
"w_731795","treatment",2019-06-12,2,11
"w_338707","control",2021-02-12,0,15
"w_478107","treatment",2019-01-05,0,10
"w_891012","control",2025-05-17,0,9
"w_745941","treatment",2023-11-09,0,5
"w_148013","control",2023-03-29,0,9
"w_273081","treatment",2025-04-12,0,11
"w_973631","control",2024-03-02,0,6
"w_547397","control",2021-10-02,0,6
"w_541957","control",2023-09-07,3,11
"w_287409","treatment",2021-03-17,1,14
"w_431183","treatment",2025-03-14,0,14
"w_360340","control",2019-06-16,0,7
"w_500527","treatment",2025-03-04,3,7
"w_631845","control",2020-03-10,0,12
"w_447047","treatment",2021-08-12,0,7
"w_464678","treatment",2022-01-09,4,7
"w_206643","control",2026-04-24,34,9
"w_632933","treatment",2021-01-05,16,12
"w_200281","control",2019-05-18,0,14
"w_110018","control",2023-02-11,0,9
"w_102291","treatment",2024-03-14,0,5
"w_529687","treatment",2021-02-21,0,10
"w_633277","control",2023-12-19,4,10
"w_484509","treatment",2020-11-18,22,10
"w_374832","control",2026-01-10,0,9
"w_458250","treatment",2023-03-17,0,11
"w_430851","control",2019-02-23,0,9
"w_715769","treatment",2021-12-09,21,7
"w_112429","control",2024-11-05,4,9
"w_876367","treatment",2024-01-15,12,11
"w_323899","treatment",2024-05-19,0,9
"w_652400","treatment",2023-09-07,18,13
"w_588290","control",2026-07-18,4,5
"w_736833","treatment",2022-02-02,0,10
"w_383974","treatment",2025-01-01,0,15
"w_523268","control",2022-03-26,0,10
"w_867241","control",2023-02-04,0,5
"w_526414","treatment",2019-03-31,4,10
"w_727642","treatment",2018-12-16,0,10
"w_649161","treatment",2025-05-24,0,12
"w_610355","treatment",2020-09-30,20,6
"w_609743","treatment",2021-04-11,12,7
"w_897344","control",2019-10-12,0,10
"w_545134","control",2025-12-07,3,10
"w_174482","control",2020-04-14,3,16
"w_559290","control",2024-10-27,24,11
"w_201034","control",2024-10-11,4,9
"w_396935","treatment",2025-12-04,4,7
"w_373231","treatment",2021-06-30,0,7
"w_566611","control",2022-03-14,11,11
"w_516021","control",2020-03-08,0,8
"w_366135","control",2021-03-27,0,9
"w_887188","control",2024-06-02,0,10
"w_343070","control",2023-09-18,1,3
"w_411879","treatment",2023-12-31,0,10
"w_389084","treatment",2024-05-14,0,10
"w_757999","control",2019-02-15,0,12
"w_527080","treatment",2021-02-03,0,19
"w_554732","control",2020-11-28,4,5
"w_415642","control",2019-07-06,0,11
"w_918470","treatment",2025-08-29,1,11
"w_605306","treatment",2018-11-06,2,10
"w_702571","treatment",2020-06-11,0,9
"w_697167","treatment",2023-02-24,2,10
"w_481783","treatment",2026-01-29,0,12
"w_785729","control",2025-11-24,0,16
"w_137104","treatment",2025-12-24,0,12
"w_326469","control",2023-05-01,2,10
"w_330127","control",2026-01-13,0,17
"w_407506","control",2021-10-13,0,12
"w_294675","control",2022-04-11,0,9
"w_437843","treatment",2019-08-21,0,14
"w_993724","treatment",2022-02-07,0,6
"w_154360","control",2021-06-01,6,14
"w_364588","control",2022-02-24,0,5
"w_410399","control",2025-03-30,0,6
"w_272117","treatment",2022-11-14,0,10
"w_819442","control",2025-03-01,3,14
"w_659472","treatment",2019-01-28,0,11
"w_265845","treatment",2023-07-16,17,7
"w_311544","treatment",2025-04-18,0,8
"w_118167","control",2024-06-27,1,10
"w_753929","control",2022-12-10,0,11
"w_696136","control",2023-10-29,0,8
"w_399724","control",2024-04-21,5,8
"w_540790","treatment",2018-12-21,0,9
"w_974430","control",2022-12-12,9,16
"w_483806","control",2019-10-22,4,13
"w_603333","treatment",2023-09-08,0,12
"w_957550","control",2025-11-26,0,9
"w_871314","control",2023-07-24,0,17
"w_699941","treatment",2024-04-17,0,6
"w_896980","control",2023-06-24,0,10
"w_236732","treatment",2020-09-18,2,13
"w_587758","treatment",2021-02-14,3,11
"w_554712","treatment",2023-02-13,0,11
"w_971960","treatment",2022-09-21,2,10
"w_847038","control",2024-04-05,0,12
"w_696548","control",2021-02-23,1,4
"w_475602","treatment",2024-04-25,0,6
"w_667957","control",2020-04-05,0,6
"w_283522","control",2021-01-06,0,12
"w_601660","control",2025-09-17,0,9
"w_121002","control",2023-02-01,0,6
"w_107005","treatment",2024-05-18,0,7
"w_514423","control",2023-04-03,3,4
"w_310084","control",2024-06-13,2,7
"w_889165","treatment",2019-07-25,11,12
"w_951112","control",2025-12-03,2,14
"w_788568","control",2021-02-27,4,6
"w_506418","treatment",2024-11-29,0,14
"w_284163","control",2021-11-22,3,11
"w_175699","treatment",2025-06-04,4,6
"w_809581","control",2020-04-23,11,11
"w_176055","treatment",2023-11-11,4,6
"w_774340","control",2019-08-14,3,11
"w_575196","treatment",2025-10-07,87,10
"w_590047","treatment",2022-10-31,0,7
"w_619855","control",2024-09-15,0,10
"w_467170","control",2024-06-13,1,7
"w_500829","treatment",2020-05-14,0,14
"w_217874","treatment",2023-08-30,0,5
"w_820597","control",2022-09-14,0,9
"w_606020","treatment",2020-08-04,0,7
"w_262977","control",2018-07-16,0,16
"w_380539","treatment",2020-06-13,5,11
"w_241061","treatment",2021-03-30,0,12
"w_205047","treatment",2026-03-29,0,10
"w_459168","control",2024-02-22,6,15
"w_143882","control",2018-10-21,0,11
"w_760247","control",2019-08-07,0,6
"w_345255","treatment",2024-05-08,0,7
"w_873071","control",2020-10-03,0,8
"w_126635","control",2023-03-09,3,6
"w_238002","control",2020-07-12,0,15
"w_200307","treatment",2019-02-17,4,15
"w_173599","treatment",2019-09-02,0,12
"w_855147","treatment",2021-11-09,0,10
"w_740186","treatment",2021-04-02,4,12
"w_368076","treatment",2020-11-30,0,15
"w_355910","control",2018-08-03,0,7
"w_469923","treatment",2022-04-19,1,7
"w_503482","control",2018-07-31,1,6
"w_950118","control",2019-12-13,3,7
"w_599337","treatment",2026-06-16,1,14
"w_875173","control",2026-04-06,7,12
"w_386163","control",2025-06-26,0,6
"w_474684","control",2018-07-12,0,9
"w_458336","control",2025-11-23,3,10
"w_359883","control",2019-02-02,4,10
"w_969188","treatment",2020-12-06,2,8
"w_505994","treatment",2024-08-17,0,6
"w_270753","control",2024-09-03,0,12
"w_370958","control",2024-10-24,0,17
"w_235806","treatment",2022-04-23,0,6
"w_850622","treatment",2019-01-09,0,7
"w_785677","control",2019-12-27,0,9
"w_236321","control",2019-06-13,1,6
"w_210111","treatment",2025-09-06,4,16
"w_211591","control",2022-12-22,0,11
"w_933360","treatment",2019-04-13,9,13
"w_419722","control",2023-04-08,1,7
"w_352388","control",2021-02-13,0,10
"w_674675","control",2025-03-21,3,12
"w_828361","control",2024-08-13,3,12
"w_887117","control",2019-11-18,0,14
"w_539286","control",2024-12-03,1,12
"w_212007","control",2020-10-15,2,6
"w_164138","control",2021-08-03,0,10
"w_504906","treatment",2021-09-07,0,9
"w_950081","treatment",2025-08-25,0,10
"w_223133","control",2019-01-16,0,13
"w_776651","treatment",2021-12-24,0,7
"w_514901","control",2019-01-22,0,10
"w_967440","treatment",2024-09-21,4,10
"w_245867","control",2020-11-24,0,10
"w_319170","treatment",2026-05-20,0,15
"w_577209","treatment",2019-03-03,0,13
"w_772279","treatment",2020-03-27,0,15
"w_101870","treatment",2023-02-24,3,9
"w_589294","treatment",2021-12-25,1,7
"w_805808","treatment",2019-04-19,2,7
"w_145549","control",2020-11-19,2,10
"w_636891","treatment",2024-11-26,0,5
"w_998619","control",2024-07-23,0,7
"w_151895","control",2025-07-25,38,12
"w_629985","treatment",2021-02-16,2,13
"w_165136","control",2024-08-20,0,16
"w_648999","treatment",2021-11-29,15,8
"w_835421","control",2023-10-20,1,10
"w_794699","control",2022-10-20,3,8
"w_274762","treatment",2020-11-08,0,5
"w_938549","treatment",2021-01-21,0,7
"w_880262","treatment",2020-11-15,0,5
"w_500468","control",2026-01-09,0,10
"w_719263","treatment",2021-09-29,0,9
"w_455519","control",2024-02-02,0,4
"w_434113","treatment",2025-05-02,0,16
"w_681362","treatment",2019-10-15,0,11
"w_239347","control",2018-12-29,0,12
"w_200871","control",2020-07-20,0,12
"w_112934","treatment",2021-07-13,15,16
"w_812019","control",2018-08-03,0,12
"w_150991","treatment",2023-03-15,0,11
"w_884489","treatment",2023-11-08,0,13
"w_316749","treatment",2025-03-28,0,8
"w_578330","treatment",2022-04-22,0,9
"w_181487","control",2024-11-25,1,8
"w_675273","treatment",2022-09-20,0,9
"w_539714","control",2018-07-26,0,6
"w_427159","control",2018-12-12,0,11
"w_765460","control",2024-01-19,0,22
"w_979167","control",2023-04-11,0,12
"w_869468","control",2025-08-13,0,9
"w_808385","treatment",2018-12-01,0,11
"w_851087","control",2024-01-01,17,9
"w_492274","control",2022-06-20,1,13
"w_710172","treatment",2020-10-05,0,7
"w_460094","treatment",2021-09-19,3,12
"w_761392","control",2025-03-02,0,7
"w_801191","treatment",2020-09-24,13,11
"w_505528","control",2018-10-13,0,12
"w_197912","treatment",2025-04-02,0,8
"w_866379","treatment",2019-02-07,0,9
"w_261974","control",2023-12-19,0,11
"w_700783","treatment",2021-05-30,0,11
"w_918437","control",2019-02-06,0,10
"w_178538","control",2021-07-30,1,8
"w_428896","control",2023-09-25,0,10
"w_817860","treatment",2020-11-13,0,15
"w_755930","treatment",2023-11-04,33,8
"w_300165","control",2022-10-03,4,8
"w_477943","treatment",2019-11-09,0,12
"w_520925","treatment",2020-04-22,0,15
"w_998017","treatment",2025-03-22,0,9
"w_238308","treatment",2020-04-22,3,17
"w_495501","treatment",2023-04-06,4,10
"w_246357","control",2023-04-17,0,15
"w_768107","control",2021-01-27,4,4
"w_981450","control",2021-04-20,23,15
"w_474409","control",2021-09-30,4,13
"w_657810","control",2025-11-17,11,10
"w_587078","control",2021-04-27,0,12
"w_856845","treatment",2024-05-15,0,13
"w_601867","control",2021-03-24,0,8
"w_365233","treatment",2025-01-13,5,7
"w_631258","treatment",2025-11-14,0,10
"w_744006","control",2021-01-26,0,9
"w_614293","treatment",2021-07-20,0,10
"w_258704","control",2025-09-03,0,8
"w_132296","control",2025-05-07,1,11
"w_824515","control",2023-08-15,0,9
"w_504131","treatment",2024-06-03,1,10
"w_388615","treatment",2026-05-25,2,10
"w_736984","treatment",2026-05-26,0,12
"w_802140","control",2020-11-29,0,14
"w_914556","control",2023-11-19,0,11
"w_309342","control",2026-01-04,0,6
"w_181676","control",2024-04-03,1,9
"w_769980","treatment",2025-12-17,0,8
"w_439075","control",2025-02-22,4,12
"w_743224","control",2021-06-19,0,13
"w_649707","control",2018-07-12,0,8
"w_132012","control",2023-09-01,12,12
"w_977466","control",2024-12-03,102,8
"w_283925","treatment",2025-03-10,14,5
"w_579612","treatment",2025-01-01,3,9
"w_576486","treatment",2023-06-16,0,7
"w_588002","treatment",2024-04-12,2,12
"w_749286","treatment",2020-12-18,1,14
"w_927229","control",2023-10-23,2,12
"w_815925","control",2021-12-01,0,9
"w_718645","treatment",2022-10-04,3,6
"w_111774","control",2025-05-02,0,10
"w_275228","control",2019-01-13,0,9
"w_632948","control",2025-08-20,0,7
"w_667783","treatment",2021-08-28,0,11
"w_553627","treatment",2022-11-04,0,8
"w_730438","treatment",2019-08-02,15,11
"w_349556","control",2024-07-26,1,11
"w_175124","treatment",2021-11-07,0,5
"w_831315","treatment",2023-06-22,33,13
"w_911672","control",2020-08-22,2,12
"w_212715","treatment",2020-09-24,12,7
"w_224118","control",2022-11-07,2,7
"w_752586","treatment",2024-01-25,1,11
"w_477358","control",2018-10-22,0,12
"w_718229","treatment",2024-07-01,0,7
"w_449519","control",2023-01-19,0,14
"w_498981","treatment",2019-01-31,10,8
"w_422681","control",2022-08-02,0,13
"w_250968","treatment",2024-06-11,0,13
"w_543114","control",2020-04-18,0,11
"w_379267","control",2023-02-06,2,10
"w_601732","treatment",2024-04-15,1,9
"w_618742","control",2018-06-16,22,10
"w_880655","treatment",2026-03-02,17,10
"w_560257","control",2026-01-04,4,8
"w_797219","control",2020-09-24,7,7
"w_814859","treatment",2025-01-27,0,13
"w_332732","control",2018-10-31,0,6
"w_508978","control",2020-10-26,0,13
"w_579171","control",2019-02-03,0,4
"w_775815","treatment",2025-10-10,0,9
"w_567924","treatment",2024-11-06,0,8
"w_359238","control",2024-07-02,0,8
"w_639841","treatment",2018-10-24,12,13
"w_432811","treatment",2026-01-31,0,7
"w_126764","treatment",2025-01-07,0,7
"w_954412","treatment",2024-10-02,4,11
"w_688558","control",2025-08-04,1,10
"w_901538","treatment",2020-12-19,0,7
"w_709168","control",2021-06-04,1,15
"w_672804","treatment",2019-03-10,4,11
"w_164502","control",2020-04-19,2,11
"w_616944","treatment",2025-10-25,4,5
"w_802593","control",2023-01-23,3,9
"w_492726","control",2020-04-19,0,9
"w_945036","control",2023-12-20,4,7
"w_998535","treatment",2022-12-10,0,13
"w_795221","treatment",2019-01-06,0,9
"w_793491","control",2019-04-01,3,10
"w_822192","control",2020-02-27,0,8
"w_666250","control",2021-01-03,4,6
"w_489727","control",2023-07-27,1,14
"w_917812","treatment",2018-09-16,0,5
"w_904445","control",2019-01-14,0,8
"w_762606","treatment",2022-04-05,1,6
"w_702387","control",2023-10-10,11,11
"w_229602","control",2020-10-10,0,11
"w_203520","treatment",2019-12-29,2,15
"w_977338","treatment",2020-05-24,2,9
"w_869602","control",2022-02-08,17,9
"w_333748","control",2026-02-21,4,10
"w_232439","treatment",2021-11-29,0,14
"w_857845","treatment",2019-12-12,44,8
"w_234875","control",2023-06-29,4,12
"w_163599","control",2025-02-06,0,12
"w_384914","treatment",2024-05-27,147,11
"w_438184","treatment",2024-01-03,0,8
"w_734665","treatment",2020-09-29,0,13
"w_676400","treatment",2023-05-07,13,4
"w_391391","treatment",2019-11-20,2,14
"w_612222","treatment",2024-01-21,5,9
"w_642172","treatment",2022-07-10,0,10
"w_784197","control",2021-03-27,8,15
"w_756223","treatment",2022-10-20,13,8
"w_756015","treatment",2026-02-01,3,5
"w_569175","control",2022-01-21,0,13
"w_221285","treatment",2021-02-20,0,8
"w_564927","treatment",2018-07-10,0,9
"w_112932","treatment",2023-08-20,0,11
"w_738906","control",2021-11-13,8,15
"w_723736","control",2023-05-29,21,16
"w_507313","control",2023-12-29,4,13
"w_794357","control",2025-12-06,0,11
"w_788848","control",2024-10-16,0,11
"w_402146","treatment",2024-08-16,0,10
"w_396496","control",2023-09-10,0,9
"w_648772","treatment",2023-03-29,19,4
"w_461155","treatment",2020-08-26,4,7
"w_657255","treatment",2026-02-22,0,5
"w_780980","control",2023-09-08,0,8
"w_749219","treatment",2024-08-11,0,5
"w_559489","control",2021-12-05,15,8
"w_449970","treatment",2024-04-22,0,13
"w_173245","control",2019-04-08,0,6
"w_396031","treatment",2024-10-08,0,5
"w_574509","treatment",2021-10-07,0,14
"w_855985","control",2023-03-20,0,5
"w_640406","treatment",2022-02-06,18,6
"w_633546","control",2023-12-29,0,9
"w_489540","treatment",2018-07-11,19,13
"w_245921","treatment",2021-06-14,3,12
"w_931420","treatment",2023-04-15,29,13
"w_216412","control",2024-05-10,0,11
"w_154814","treatment",2024-01-03,2,8
"w_722995","treatment",2023-06-07,0,8
"w_368915","treatment",2021-12-14,0,11
"w_113729","treatment",2026-02-16,0,6
"w_748341","treatment",2025-05-06,0,10
"w_498650","treatment",2021-03-08,51,9
"w_222443","treatment",2026-01-25,0,9
"w_985115","control",2024-07-06,14,12
"w_825647","control",2019-05-23,4,6
"w_703859","control",2019-12-21,0,14
"w_262636","treatment",2023-01-06,0,6
"w_980711","control",2021-09-13,30,12
"w_938771","treatment",2023-11-21,0,9
"w_187685","treatment",2022-12-02,0,13
"w_272879","treatment",2020-11-13,2,14
"w_593710","control",2018-12-07,0,6
"w_237635","treatment",2020-09-26,0,10
"w_616917","control",2026-03-26,13,14
"w_243328","treatment",2021-03-14,0,14
"w_147639","control",2019-04-17,2,10
"w_812534","treatment",2018-06-13,0,13
"w_101862","treatment",2018-12-03,11,11
"w_108213","treatment",2025-05-02,1,9
"w_781178","control",2021-07-20,6,10
"w_931079","treatment",2019-04-24,0,6
"w_377074","control",2021-01-04,2,5
"w_271442","control",2023-10-31,13,13
"w_410346","control",2020-02-20,10,13
"w_217712","control",2023-05-15,0,11
"w_475171","treatment",2022-02-25,0,9
"w_316802","treatment",2025-08-23,0,7
"w_880074","treatment",2022-09-25,13,15
"w_971043","treatment",2025-11-18,0,9
"w_682868","treatment",2023-07-03,0,8
"w_793742","treatment",2020-09-26,0,11
"w_855916","control",2022-06-30,0,9
"w_444473","control",2021-12-03,9,13
"w_471546","treatment",2021-04-23,77,8
"w_112458","control",2025-05-22,15,14
"w_468709","control",2021-11-08,0,12
"w_768179","control",2026-01-05,17,19
"w_358937","treatment",2021-06-09,65,7
"w_385974","treatment",2025-03-27,0,5
"w_685864","treatment",2025-03-30,0,17
"w_242238","control",2021-08-03,1,9
"w_583955","treatment",2024-12-09,18,9
"w_405474","treatment",2019-11-06,0,4
"w_377574","treatment",2021-04-28,2,5
"w_647093","treatment",2023-11-12,0,10
"w_506933","treatment",2024-04-17,75,6
"w_593200","control",2025-10-01,0,5
"w_307356","control",2023-09-01,1,8
"w_394944","treatment",2021-12-19,0,11
"w_878387","treatment",2023-12-07,0,9
"w_633280","treatment",2026-05-19,0,11
"w_840771","control",2025-07-07,0,15
"w_990035","treatment",2026-06-06,0,8
"w_648665","treatment",2024-08-27,0,9
"w_314570","control",2023-03-28,0,9
"w_165130","control",2023-05-15,18,14
"w_335919","treatment",2024-11-09,15,4
"w_470916","treatment",2025-06-17,4,12
"w_903811","control",2023-08-07,0,14
"w_541077","treatment",2023-11-04,0,14
"w_407775","treatment",2025-10-31,2,8
"w_359926","control",2018-09-22,4,7
"w_951858","treatment",2020-04-09,2,14
"w_353624","control",2022-01-08,0,6
"w_752602","treatment",2025-09-12,2,11
"w_541615","control",2020-06-03,11,10
"w_138581","control",2021-03-03,1,13
"w_915328","treatment",2024-08-21,4,6
"w_123434","treatment",2021-06-12,0,10
"w_784574","treatment",2020-12-14,0,11
"w_652128","treatment",2025-06-11,13,12
"w_298190","control",2018-11-23,19,10
"w_911056","control",2024-07-05,0,8
"w_183295","control",2024-08-19,29,10
"w_593233","control",2018-08-24,4,10
"w_281541","treatment",2020-06-25,17,13
"w_141437","treatment",2020-09-14,13,13
"w_742267","control",2021-05-29,4,13
"w_291893","treatment",2020-09-10,0,14
"w_876667","treatment",2020-06-22,0,13
"w_610553","treatment",2023-08-16,0,10
"w_630224","control",2021-04-07,19,13
"w_740449","treatment",2025-04-30,0,14
"w_437968","control",2021-06-27,3,13
"w_391527","treatment",2020-06-20,2,9
"w_176552","control",2021-08-18,2,10
"w_240117","treatment",2024-05-24,0,14
"w_939076","treatment",2022-01-07,4,11
"w_323754","treatment",2022-05-13,30,9
"w_754445","treatment",2023-03-06,0,14
"w_355315","treatment",2020-03-16,0,11
"w_989435","control",2022-06-11,0,9
"w_267949","control",2022-02-21,0,8
"w_444329","treatment",2022-02-16,1,12
"w_652474","treatment",2020-10-04,5,7
"w_294416","control",2022-10-15,0,20
"w_383004","treatment",2018-08-20,0,9
"w_698453","treatment",2024-10-18,0,11
"w_886477","control",2024-06-07,0,12
"w_431000","control",2020-05-02,0,6
"w_472308","treatment",2022-06-09,0,11
"w_620332","treatment",2023-05-09,5,13
"w_919385","treatment",2025-07-29,27,8
"w_891825","control",2023-06-15,0,12
"w_659848","treatment",2023-09-16,12,10
"w_849423","treatment",2019-05-10,0,8
"w_136678","treatment",2022-09-21,4,6
"w_649922","treatment",2023-06-05,0,15
"w_221216","treatment",2025-10-10,2,12
"w_309588","treatment",2021-04-19,3,11
"w_348808","control",2018-06-09,19,12
"w_358466","treatment",2023-09-29,0,11
"w_860838","control",2018-07-11,3,11
"w_749027","control",2022-10-27,0,11
"w_408487","treatment",2022-08-23,0,9
"w_809189","treatment",2026-02-08,0,10
"w_584377","treatment",2018-11-12,2,11
"w_277278","control",2020-02-02,2,16
"w_551391","treatment",2021-07-20,0,9
"w_580537","treatment",2026-03-09,1,12
"w_663610","control",2021-03-29,4,12
"w_977350","control",2024-05-31,0,16
"w_644210","treatment",2025-09-03,3,6
"w_707194","treatment",2021-08-22,0,12
"w_526593","treatment",2021-03-31,0,9
"w_805106","treatment",2020-11-26,0,11
"w_957669","control",2022-05-25,0,6
"w_409977","control",2022-09-18,1,10
"w_649172","treatment",2025-11-11,0,7
"w_124907","control",2021-02-21,0,7
"w_514449","control",2022-09-13,0,7
"w_918217","treatment",2025-12-02,4,9
"w_899373","control",2023-06-21,1,10
"w_564222","treatment",2025-11-26,0,12
"w_373908","treatment",2019-04-13,19,14
"w_682655","treatment",2024-10-28,0,7
"w_603353","treatment",2019-07-11,0,14
"w_552394","control",2025-10-14,0,7
"w_658813","control",2019-11-02,4,18
"w_825661","treatment",2020-01-15,9,10
"w_806248","treatment",2024-01-03,2,16
"w_520643","control",2025-06-09,0,8
"w_363517","control",2023-04-18,0,10
"w_232953","treatment",2025-06-05,4,6
"w_938512","treatment",2025-01-21,8,9
"w_841928","control",2025-01-06,0,14
"w_868638","control",2022-01-09,7,10
"w_928100","control",2019-08-15,4,7
"w_262735","treatment",2025-12-06,12,12
"w_792650","treatment",2023-09-30,0,8
"w_259134","control",2020-04-30,3,9
"w_196781","treatment",2024-09-03,12,9
"w_336776","treatment",2023-11-03,0,7
"w_192329","treatment",2025-07-07,0,13
"w_805017","treatment",2021-06-17,0,8
"w_722588","treatment",2019-10-29,0,8
"w_937541","treatment",2024-06-05,0,9
"w_930393","treatment",2026-03-24,0,13
"w_206058","control",2025-12-15,0,6
"w_667955","treatment",2024-08-21,0,6
"w_470452","treatment",2018-10-15,0,9
"w_584623","control",2022-05-29,1,12
"w_291408","treatment",2023-08-31,18,12
"w_444634","treatment",2023-02-11,0,16
"w_582324","treatment",2025-10-18,0,11
"w_817807","treatment",2020-04-09,0,16
"w_947174","treatment",2026-03-28,0,14
"w_748537","control",2020-07-17,4,9
"w_617198","treatment",2023-06-30,2,10
"w_328583","treatment",2021-12-21,3,6
"w_816941","control",2021-04-24,0,9
"w_991844","treatment",2020-11-02,0,9
"w_997245","control",2019-03-16,0,8
"w_919789","control",2022-05-27,0,12
"w_143608","control",2021-05-05,0,11
"w_690310","treatment",2019-02-02,0,12
"w_920569","control",2022-10-19,0,8
"w_317719","control",2025-03-04,0,13
"w_874172","treatment",2018-11-19,0,11
"w_579775","treatment",2021-03-09,0,8
"w_153771","treatment",2026-01-27,0,12
"w_605146","treatment",2024-05-23,0,12
"w_875712","treatment",2023-02-09,9,9
"w_443393","treatment",2021-12-16,4,10
"w_270546","control",2018-09-13,0,9
"w_100458","treatment",2021-11-23,0,10
"w_705425","treatment",2024-12-31,0,12
"w_858550","control",2020-11-04,7,14
"w_473979","control",2020-09-28,0,12
"w_523698","treatment",2024-06-19,0,11
"w_678881","control",2022-03-30,0,6
"w_258110","control",2021-11-21,69,8
"w_570081","control",2025-09-22,2,8
"w_963003","control",2018-10-12,0,4
"w_876097","treatment",2019-03-11,0,14
"w_404355","control",2024-10-15,0,9
"w_743077","treatment",2021-12-20,2,9
"w_281753","control",2020-10-10,0,13
"w_957026","treatment",2025-04-28,0,11
"w_698262","control",2022-08-31,8,12
"w_340363","control",2021-06-14,4,11
"w_603906","control",2025-12-18,0,8
"w_828134","control",2020-07-13,0,10
"w_255303","control",2025-06-01,0,10
"w_278334","control",2019-05-09,0,11
"w_363271","treatment",2022-03-09,0,13
"w_906823","control",2021-11-12,3,13
"w_715909","control",2025-03-12,21,7
"w_553081","treatment",2022-10-02,3,12
"w_983695","control",2020-06-27,0,9
"w_619708","control",2026-07-05,0,8
"w_151935","treatment",2025-07-20,0,7
"w_938165","control",2025-06-19,19,4
"w_936104","treatment",2023-11-14,0,6
"w_506268","control",2024-03-02,66,14
"w_555958","control",2025-01-13,12,6
"w_309541","control",2021-02-17,12,5
"w_652075","treatment",2018-08-09,0,8
"w_464783","treatment",2026-05-29,0,8
"w_852789","treatment",2022-11-14,0,9
"w_469051","treatment",2023-08-23,0,14
"w_830998","treatment",2019-03-30,4,5
"w_681251","control",2020-05-25,3,8
"w_283760","control",2024-10-18,4,6
"w_803655","treatment",2020-02-27,0,14
"w_412659","treatment",2018-07-13,0,11
"w_688902","control",2022-03-14,0,6
"w_549816","treatment",2022-08-16,4,9
"w_405612","treatment",2022-11-11,0,5
"w_571248","control",2020-04-22,4,4
"w_943546","treatment",2025-01-15,0,6
"w_337298","treatment",2020-04-21,12,7
"w_776772","treatment",2021-07-04,0,9
"w_364677","control",2023-05-31,13,13
"w_568414","control",2025-01-28,0,3
"w_259913","treatment",2023-07-27,0,8
"w_345558","treatment",2025-01-07,1,7
"w_934338","control",2018-12-04,16,8
"w_396135","control",2019-08-05,0,8
"w_960796","treatment",2023-11-26,0,8
"w_879925","treatment",2019-04-07,0,8
"w_750041","treatment",2021-01-20,18,22
"w_778164","treatment",2026-05-12,19,11
"w_142546","control",2024-10-18,0,10
"w_497956","control",2024-08-07,0,8
"w_183698","treatment",2020-07-02,0,7
"w_234874","control",2019-03-15,0,7
"w_515068","treatment",2024-02-13,0,13
"w_662411","treatment",2025-07-02,0,12
"w_420771","control",2018-11-20,42,9
"w_523782","treatment",2020-05-16,3,8
"w_331203","treatment",2025-03-26,0,9
"w_344987","control",2024-08-16,0,14
"w_442642","treatment",2020-09-26,33,12
"w_487082","treatment",2021-10-13,0,10
"w_983175","treatment",2021-04-30,3,12
"w_932573","treatment",2019-07-30,14,11
"w_687168","control",2024-02-20,6,8
"w_805359","control",2021-02-23,0,14
"w_624895","control",2026-07-04,0,12
"w_249182","control",2023-04-08,8,9
"w_872738","treatment",2020-10-20,0,11
"w_570916","treatment",2023-06-05,0,9
"w_819311","treatment",2026-03-02,0,6
"w_798807","treatment",2023-02-11,4,15
"w_888295","treatment",2019-12-28,0,11
"w_970509","control",2019-11-18,0,5
"w_469126","treatment",2022-11-21,6,11
"w_734995","treatment",2019-09-17,0,5
"w_432143","treatment",2025-03-11,6,9
"w_808719","control",2023-01-23,0,13
"w_671883","control",2019-03-05,2,4
"w_125402","control",2026-01-18,4,10
"w_447725","treatment",2019-05-16,0,12
"w_670919","treatment",2022-04-04,0,13
"w_422224","control",2022-09-17,9,9
"w_256921","control",2020-11-14,0,11
"w_896209","control",2020-11-24,0,15
"w_173317","treatment",2023-03-16,0,8
"w_989869","treatment",2019-08-15,0,8
"w_772218","treatment",2020-01-04,33,10
"w_772861","control",2021-07-07,0,8
"w_271996","control",2018-08-18,2,9
"w_333494","control",2019-12-26,0,8
"w_612274","control",2021-04-30,1,11
"w_629363","control",2020-06-25,14,9
"w_261497","treatment",2021-05-07,12,7
"w_315908","treatment",2022-04-07,19,13
"w_931361","treatment",2025-05-07,0,9
"w_571557","treatment",2018-12-16,0,4
"w_683439","treatment",2026-03-16,3,11
"w_440451","control",2024-01-13,0,16
"w_209124","treatment",2025-11-29,53,11
"w_548333","control",2024-10-27,4,7
"w_333171","control",2020-06-26,0,10
"w_114695","treatment",2020-08-28,2,11
"w_805214","treatment",2021-06-29,0,8
"w_520272","control",2024-04-13,0,6
"w_699275","treatment",2019-07-16,12,11
"w_956737","treatment",2023-10-11,0,6
"w_130924","control",2021-02-15,0,10
"w_705891","control",2021-01-02,2,7
"w_114075","control",2025-05-20,10,9
"w_933559","treatment",2026-05-17,0,16
"w_124193","treatment",2025-01-27,19,4
"w_302181","treatment",2025-05-31,2,8
"w_518781","control",2023-10-09,4,9
"w_272145","treatment",2020-02-23,0,13
"w_966619","treatment",2023-02-21,0,11
"w_743368","control",2018-12-12,11,12
"w_526348","control",2021-05-31,0,9
"w_232383","control",2020-10-30,0,14
"w_123522","control",2023-07-19,6,13
"w_130214","control",2025-03-07,2,11
"w_922535","control",2020-10-20,2,19
"w_770886","treatment",2024-09-24,0,7
"w_540427","control",2018-09-20,0,9
"w_894515","treatment",2020-05-30,0,10
"w_920943","treatment",2021-05-08,19,9
"w_555124","treatment",2020-01-09,14,9
"w_964928","treatment",2024-07-06,0,12
"w_227285","treatment",2019-08-25,16,9
"w_372797","control",2018-07-19,1,10
"w_371175","control",2025-09-13,0,7
"w_239362","control",2026-04-20,3,8
"w_201515","control",2021-01-04,0,9
"w_619377","control",2019-02-12,0,12
"w_109107","treatment",2019-12-23,17,15
"w_886158","treatment",2019-10-02,0,10
"w_567814","treatment",2021-11-02,0,4
"w_550753","control",2023-08-02,0,5
"w_397333","treatment",2023-11-06,0,4
"w_691062","control",2018-06-11,16,9
"w_198996","treatment",2024-02-19,1,5
"w_923381","control",2021-06-09,0,9
"w_498354","treatment",2021-12-08,1,15
"w_860867","control",2021-10-23,0,9
"w_984308","treatment",2025-02-11,0,10
"w_463371","control",2018-08-05,19,13
"w_995077","control",2019-12-16,0,4
"w_268251","treatment",2020-02-04,0,10
"w_472118","control",2021-09-01,0,16
"w_150193","control",2024-12-17,1,7
"w_996610","treatment",2022-03-06,3,14
"w_207369","treatment",2026-05-27,0,10
"w_310850","treatment",2024-09-27,0,11
"w_176140","treatment",2023-02-15,0,8
"w_273698","control",2024-06-23,6,9
"w_951633","treatment",2019-10-28,6,7
"w_897224","treatment",2023-05-05,0,10
"w_879330","control",2024-06-07,4,8
"w_110217","treatment",2025-07-30,14,7
"w_232881","control",2022-11-13,0,4
"w_421883","treatment",2024-03-08,56,7
"w_170158","treatment",2019-01-02,0,13
"w_607094","control",2025-07-05,0,7
"w_518286","treatment",2018-12-08,1,5
"w_693054","treatment",2025-08-26,0,12
"w_826523","treatment",2019-08-06,0,9
"w_151257","treatment",2019-06-27,7,8
"w_486137","control",2024-04-18,0,8
"w_638418","treatment",2024-02-16,1,10
"w_844776","control",2023-05-10,0,11
"w_792568","control",2018-10-12,0,10
"w_828620","control",2025-04-14,14,8
"w_379097","treatment",2021-02-21,2,9
"w_406482","control",2020-06-23,5,11
"w_755415","treatment",2026-03-07,15,8
"w_394188","treatment",2020-05-15,0,11
"w_523544","treatment",2025-12-07,29,14
"w_411849","treatment",2022-02-10,16,10
"w_445142","control",2018-10-15,0,6
"w_553674","treatment",2022-01-12,0,7
"w_695712","treatment",2020-06-06,5,9
"w_978852","control",2026-06-11,0,13
"w_653325","treatment",2020-05-06,0,8
"w_439764","treatment",2026-03-22,18,13
"w_868708","control",2025-07-06,0,7
"w_860508","treatment",2022-02-21,2,11
"w_518604","control",2019-06-04,0,12
"w_526702","control",2020-12-07,0,11
"w_701272","treatment",2018-06-08,0,7
"w_178911","treatment",2024-08-10,1,12
"w_586552","treatment",2019-12-24,0,12
"w_320063","treatment",2019-10-19,17,13
"w_845498","treatment",2026-05-09,2,5
"w_698953","control",2024-01-27,0,8
"w_692612","control",2021-11-15,1,13
"w_471942","treatment",2021-10-24,0,7
"w_263297","control",2021-08-08,0,14
"w_845943","treatment",2024-04-07,0,9
"w_366357","control",2023-09-10,17,8
"w_735846","treatment",2024-02-13,27,8
"w_119304","treatment",2023-04-17,16,11
"w_189460","control",2019-05-18,9,7
"w_538695","control",2025-04-11,0,11
"w_197095","treatment",2022-04-04,0,14
"w_884131","control",2021-09-25,10,11
"w_365640","treatment",2018-07-30,14,4
"w_996828","treatment",2023-04-17,47,5
"w_606119","treatment",2025-05-30,6,9
"w_980160","control",2021-09-30,0,8
"w_900732","control",2022-05-02,4,4
"w_768674","control",2021-09-20,5,13
"w_432257","control",2025-01-05,7,7
"w_318645","treatment",2020-08-21,11,8
"w_173800","control",2023-02-21,19,13
"w_816542","control",2023-08-22,3,10
"w_897439","control",2026-02-10,1,7
"w_213902","control",2024-12-20,0,17
"w_438469","treatment",2022-04-22,0,14
"w_608734","treatment",2023-08-19,0,4
"w_350105","treatment",2024-08-06,4,14
"w_138423","control",2021-05-30,0,12
"w_383669","treatment",2021-04-21,0,10
"w_947629","treatment",2025-11-30,0,10
"w_239887","control",2025-06-01,0,12
"w_252568","control",2026-03-05,0,11
"w_893344","treatment",2021-07-08,0,4
"w_232485","treatment",2019-06-16,0,10
"w_803551","control",2022-09-03,3,12
"w_750527","treatment",2018-09-27,1,12
"w_309120","treatment",2022-05-15,21,12
"w_116843","treatment",2018-07-25,1,10
"w_849873","control",2022-08-11,10,7
"w_715555","control",2024-10-21,14,15
"w_592121","control",2020-09-21,0,12
"w_112003","control",2024-07-02,0,9
"w_498025","control",2023-06-14,1,7
"w_167002","treatment",2025-11-11,0,10
"w_209424","treatment",2021-02-01,1,8
"w_708911","treatment",2019-03-18,0,17
"w_231420","treatment",2022-12-13,3,6
"w_388658","control",2021-09-11,15,6
"w_691848","treatment",2023-05-23,5,8
"w_608454","control",2018-08-26,16,7
"w_806255","control",2018-12-05,26,7
"w_863609","control",2021-11-12,2,8
"w_256946","treatment",2019-03-23,0,13
"w_307019","treatment",2019-07-08,12,17
"w_161463","treatment",2022-03-15,3,8
"w_771994","control",2018-09-23,0,6
"w_777823","treatment",2022-05-12,0,13
"w_904442","control",2026-06-12,7,7
"w_492010","treatment",2021-03-01,4,9
"w_718297","control",2023-02-23,0,14
"w_537249","control",2019-11-01,0,9
"w_448555","treatment",2026-05-12,9,9
"w_252187","treatment",2020-10-09,4,8
"w_477432","treatment",2026-02-11,4,10
"w_475523","control",2025-04-16,19,12
"w_614326","control",2019-02-24,5,9
"w_615818","treatment",2019-11-11,3,7
"w_210835","control",2023-02-26,0,10
"w_775156","control",2019-03-13,2,12
"w_999477","treatment",2019-04-10,0,7
"w_250965","control",2020-05-24,0,12
"w_964337","control",2025-01-13,11,15
"w_363118","treatment",2018-10-16,0,8
"w_179941","control",2021-05-28,0,8
"w_116611","treatment",2024-04-09,97,4
"w_439814","treatment",2025-08-02,4,7
"w_786927","control",2021-02-18,3,10
"w_568816","control",2018-09-07,4,7
"w_770491","treatment",2025-12-28,1,14
"w_390494","control",2026-04-15,4,16
"w_898560","treatment",2026-04-01,0,14
"w_466894","treatment",2020-02-29,0,19
"w_956644","treatment",2022-07-14,1,13
"w_129435","control",2019-06-16,0,9
"w_738761","treatment",2020-03-18,0,7
"w_316774","treatment",2020-07-28,2,11
"w_712074","control",2018-11-05,5,6
"w_611099","control",2018-06-30,4,6
"w_132032","treatment",2023-04-11,0,4
"w_794145","control",2018-11-18,0,9
"w_727950","control",2019-10-16,4,10
"w_674316","control",2022-08-16,3,11
"w_932204","control",2020-07-11,7,13
"w_356038","control",2020-07-16,0,8
"w_262080","treatment",2023-08-12,4,9
"w_475435","treatment",2019-06-25,0,3
"w_338178","treatment",2018-07-06,0,16
"w_435456","treatment",2021-09-22,0,8
"w_106838","control",2024-02-08,0,15
"w_118135","control",2018-07-25,0,10
"w_501473","treatment",2021-12-31,0,6
"w_695864","treatment",2018-12-31,0,9
"w_382664","control",2025-07-10,2,9
"w_757756","control",2026-07-19,0,10
"w_771602","control",2020-10-12,0,13
"w_345848","control",2022-11-24,0,13
"w_266100","control",2018-09-13,0,9
"w_554091","treatment",2025-10-20,0,8
"w_207297","treatment",2019-01-02,0,9
"w_346692","treatment",2025-05-20,0,10
"w_556642","control",2021-08-17,2,7
"w_882644","control",2023-08-30,0,10
"w_743979","treatment",2019-07-29,0,5
"w_656747","control",2019-01-17,1,13
"w_252967","control",2022-10-31,3,8
"w_226169","treatment",2020-07-10,8,8
"w_845543","control",2026-01-03,0,8
"w_265658","control",2023-11-22,2,12
"w_983936","control",2022-01-09,0,13
"w_958612","control",2024-02-07,0,12
"w_730160","control",2024-06-16,0,13
"w_240032","control",2022-01-25,0,11
"w_250860","treatment",2023-01-21,2,8
"w_393838","treatment",2022-09-10,0,9
"w_405006","control",2018-10-24,0,12
"w_802289","treatment",2024-02-26,4,12
"w_663621","control",2022-07-04,0,8
"w_438573","control",2019-12-07,3,7
"w_558262","treatment",2019-05-03,0,7
"w_460492","treatment",2019-06-16,3,7
"w_440438","treatment",2022-09-20,0,9
"w_449228","control",2025-02-28,0,10
"w_545635","treatment",2022-11-19,1,14
"w_984920","treatment",2024-12-07,4,7
"w_532859","control",2026-03-26,0,10
"w_684949","control",2021-08-14,0,10
"w_823223","treatment",2021-11-17,0,8
"w_192135","control",2026-03-03,0,11
"w_411252","treatment",2022-10-30,0,12
"w_931208","control",2019-05-04,0,10
"w_204722","treatment",2019-06-07,0,10
"w_320010","control",2025-07-15,0,5
"w_583619","control",2020-12-30,0,13
"w_486337","control",2024-10-03,0,8
"w_229192","treatment",2024-08-02,0,12
"w_664353","control",2021-05-05,0,16
"w_465272","control",2018-07-11,2,5
"w_653072","control",2019-06-19,0,9
"w_291443","control",2020-03-24,0,7
"w_770257","treatment",2018-10-06,2,11
"w_514605","control",2023-06-23,4,13
"w_744976","control",2024-02-12,0,15
"w_374958","control",2021-10-16,7,12
"w_603923","treatment",2022-10-13,0,11
"w_427630","treatment",2021-11-23,0,12
"w_815353","treatment",2020-03-31,16,13
"w_658157","control",2023-04-01,4,12
"w_578863","treatment",2018-12-07,0,19
"w_277829","control",2021-03-13,0,7
"w_687990","treatment",2020-05-25,0,10
"w_802299","treatment",2019-05-02,1,16
"w_815243","control",2024-01-17,0,8
"w_774435","control",2020-08-12,3,6
"w_834811","control",2019-04-05,2,9
"w_421971","treatment",2023-05-17,20,6
"w_490609","treatment",2018-08-11,0,8
"w_253299","control",2024-07-24,0,11
"w_190229","control",2022-04-04,0,9
"w_130205","treatment",2025-08-23,0,8
"w_516950","treatment",2020-05-25,0,16
"w_816569","treatment",2023-03-21,4,10
"w_939391","control",2024-08-28,15,8
"w_271235","control",2021-03-25,0,8
"w_190810","control",2023-11-25,1,10
"w_615794","treatment",2023-11-18,11,6
"w_188567","treatment",2023-05-26,1,11
"w_888244","treatment",2022-08-04,9,12
"w_974917","treatment",2018-08-17,0,18
"w_932902","control",2025-02-28,0,12
"w_114108","control",2020-08-29,0,10
"w_946533","treatment",2026-03-21,6,14
"w_625826","treatment",2019-08-31,7,7
"w_311445","treatment",2025-11-27,16,9
"w_169703","treatment",2022-02-13,14,9
"w_117132","treatment",2024-01-31,0,12
"w_154752","treatment",2021-12-02,0,4
"w_281749","control",2024-01-22,0,14
"w_612513","treatment",2025-10-28,0,7
"w_553773","control",2024-09-21,0,7
"w_343146","treatment",2022-09-23,3,14
"w_242983","treatment",2022-11-16,1,12
"w_834649","control",2026-03-13,17,12
"w_571312","treatment",2021-02-15,0,14
"w_177132","treatment",2026-02-15,1,10
"w_760412","treatment",2025-10-26,27,8
"w_884573","treatment",2026-07-04,18,13
"w_354131","control",2019-11-15,0,10
"w_500817","control",2021-06-10,0,16
"w_936329","treatment",2019-07-15,0,10
"w_816184","treatment",2021-09-02,0,13
"w_297568","treatment",2022-08-26,0,6
"w_951508","control",2020-06-12,0,6
"w_911421","control",2019-10-11,0,11
"w_781596","treatment",2021-10-08,0,14
"w_432379","control",2019-12-22,4,6
"w_113090","control",2022-04-08,0,9
"w_578207","control",2025-02-28,0,13
"w_176171","control",2018-11-09,0,11
"w_356918","control",2022-01-31,18,13
"w_770721","treatment",2025-06-26,0,10
"w_875267","treatment",2026-05-08,0,7
"w_915655","control",2023-03-28,53,11
"w_556333","control",2019-10-15,1,10
"w_238185","treatment",2024-05-01,2,12
"w_878455","control",2023-05-09,1,9
"w_980827","control",2025-02-09,0,9
"w_133130","treatment",2023-02-14,0,10
"w_276436","control",2024-12-26,0,8
"w_601492","treatment",2022-03-16,0,8
"w_344537","control",2025-12-12,0,14
"w_524275","control",2025-04-23,17,4
"w_184501","treatment",2021-03-07,0,18
"w_857903","control",2025-05-26,0,7
"w_422194","control",2025-08-06,1,7
"w_787920","treatment",2020-08-17,20,13
"w_381705","control",2019-03-08,0,9
"w_747886","treatment",2021-11-15,0,11
"w_472145","control",2019-09-29,2,7
"w_767792","control",2026-04-18,47,11
"w_548961","treatment",2018-09-11,0,10
"w_933385","treatment",2025-02-04,0,6
"w_257771","control",2019-09-08,27,10
"w_287631","control",2022-03-11,10,10
"w_883841","treatment",2020-04-25,1,11
"w_825140","control",2018-08-30,1,12
"w_696713","control",2022-12-15,0,10
"w_229965","control",2022-10-12,0,5
"w_957129","treatment",2020-04-07,0,10
"w_134763","treatment",2025-08-25,4,11
"w_792076","treatment",2020-01-19,0,10
"w_467229","control",2022-11-01,4,9
"w_247173","treatment",2026-06-13,0,11
"w_794175","treatment",2020-06-17,0,10
"w_683148","treatment",2021-09-09,2,13
"w_810893","control",2021-03-17,3,9
"w_216848","treatment",2022-01-24,0,8
"w_175497","treatment",2022-06-12,0,14
"w_535193","control",2023-05-15,0,11
"w_124649","control",2024-07-12,0,11
"w_178230","control",2025-09-20,0,7
"w_368574","control",2019-01-09,3,8
"w_506166","control",2020-01-29,1,9
"w_610116","treatment",2019-07-01,1,10
"w_964382","control",2021-12-28,3,9
"w_397535","treatment",2018-11-17,1,13
"w_574470","treatment",2025-05-02,0,10
"w_248002","treatment",2024-02-18,3,6
"w_901457","treatment",2019-09-18,18,9
"w_477770","control",2025-07-21,3,12
"w_413259","control",2020-05-15,0,8
"w_118777","treatment",2021-03-06,0,6
"w_749525","control",2025-02-21,0,9
"w_222133","treatment",2022-08-25,0,11
"w_797240","control",2021-02-12,0,10
"w_446181","control",2021-07-10,15,8
"w_218961","control",2022-02-08,1,10
"w_944036","control",2022-08-10,1,10
"w_865903","treatment",2024-01-10,3,5
"w_982594","treatment",2024-10-23,17,9
"w_819011","control",2019-08-28,0,10
"w_760205","control",2018-10-13,3,10
"w_858547","treatment",2024-09-20,2,8
"w_202651","control",2019-12-02,0,9
"w_783639","control",2019-07-04,4,12
"w_543204","treatment",2018-07-16,17,12
"w_975253","control",2020-09-19,5,11
"w_819556","control",2024-12-08,0,10
"w_376136","treatment",2025-10-12,0,7
"w_457696","control",2022-10-21,0,6
"w_313802","control",2021-12-15,4,5
"w_942364","control",2023-07-26,4,5
"w_579921","treatment",2021-01-05,2,9
"w_511403","control",2024-08-23,0,10
"w_504030","control",2026-03-01,0,13
"w_530052","control",2026-03-12,0,10
"w_332967","treatment",2024-04-25,0,18
"w_195799","control",2022-12-22,35,8
"w_342751","treatment",2021-02-26,0,8
"w_226871","treatment",2019-07-14,0,10
"w_186106","treatment",2019-05-15,14,11
"w_281904","treatment",2023-07-01,0,11
"w_540411","control",2019-01-30,16,8
"w_973335","treatment",2020-10-09,1,8
"w_353290","control",2021-07-15,101,4
"w_747845","control",2021-11-29,0,9
"w_562859","control",2024-09-19,0,12
"w_433080","control",2021-06-28,0,9
"w_345823","control",2025-11-13,0,9
"w_880397","control",2024-05-19,12,11
"w_981175","control",2025-03-06,0,12
"w_170423","control",2024-07-17,0,10
"w_351877","treatment",2023-02-01,4,11
"w_507821","treatment",2024-09-09,1,11
"w_265348","treatment",2026-01-02,35,10
"w_745500","treatment",2019-05-28,0,12
"w_709694","control",2024-02-24,0,5
"w_360292","treatment",2022-04-08,0,9
"w_128552","treatment",2018-12-14,73,13
"w_732570","treatment",2022-03-15,3,14
"w_841805","treatment",2024-05-17,0,9
"w_883323","control",2020-09-11,1,4
"w_950306","control",2025-12-02,0,9
"w_975781","treatment",2025-04-17,6,8
"w_701020","treatment",2024-11-14,18,6
"w_233857","treatment",2022-05-01,4,9
"w_719592","treatment",2024-02-05,0,17
"w_727065","control",2025-08-14,18,10
"w_688488","treatment",2021-09-25,0,12
"w_158072","control",2018-06-27,0,10
"w_422160","control",2021-08-10,0,6
"w_856561","treatment",2023-11-10,0,12
"w_657076","control",2024-03-22,2,4
"w_911449","control",2020-04-21,1,9
"w_966291","control",2023-12-26,0,9
"w_252347","control",2021-12-03,6,9
"w_972404","treatment",2024-04-01,4,10
"w_172025","control",2019-07-16,1,12
"w_899600","treatment",2022-04-11,6,10
"w_487741","control",2025-12-12,0,11
"w_246575","control",2023-10-05,0,14
"w_725296","treatment",2023-06-17,1,9
"w_868621","treatment",2026-07-05,4,5
"w_560875","control",2023-04-03,3,7
"w_319221","control",2018-12-27,0,8
"w_928150","control",2019-03-22,0,10
"w_909963","control",2022-02-12,0,15
"w_963119","control",2025-08-15,0,8
"w_494878","treatment",2021-03-16,0,12
"w_702489","control",2023-07-14,2,9
"w_331374","control",2019-05-21,0,13
"w_978561","treatment",2026-03-22,3,6
"w_861116","treatment",2020-02-25,3,14
"w_397024","control",2019-04-07,0,12
"w_756438","control",2020-05-12,1,13
"w_953038","treatment",2025-09-03,0,5
"w_940636","control",2025-11-22,0,10
"w_784100","treatment",2023-02-17,0,6
"w_141616","treatment",2022-12-26,0,7
"w_157584","treatment",2021-06-02,15,10
"w_226601","treatment",2021-05-06,0,11
"w_666610","treatment",2022-06-30,7,8
"w_894819","treatment",2024-02-09,28,6
"w_732466","treatment",2020-04-28,0,11
"w_767239","control",2024-11-07,0,10
"w_877923","treatment",2024-03-06,0,8
"w_270346","control",2019-09-08,0,12
"w_579071","control",2025-09-26,6,8
"w_205934","control",2021-03-25,0,9
"w_232811","control",2026-01-22,27,6
"w_167965","control",2024-09-28,4,4
"w_185151","control",2021-08-19,4,10
"w_133342","treatment",2026-06-22,0,15
"w_312376","treatment",2019-02-17,0,15
"w_655198","treatment",2023-12-15,0,12
"w_466277","control",2020-05-27,0,9
"w_817046","control",2023-05-12,0,13
"w_739371","control",2019-03-26,0,12
"w_173370","treatment",2020-03-13,0,7
"w_847961","control",2019-11-15,0,16
"w_967627","control",2022-01-21,14,10
"w_756516","treatment",2026-05-15,3,7
"w_563194","treatment",2021-03-23,0,6
"w_494827","treatment",2020-07-27,3,11
"w_708299","control",2024-10-27,4,10
"w_328354","treatment",2021-01-25,3,9
"w_296716","control",2023-06-20,1,13
"w_277597","treatment",2022-12-30,0,4
"w_347524","treatment",2025-11-20,0,15
"w_436092","treatment",2020-09-03,0,8
"w_145958","treatment",2022-01-06,2,11
"w_131273","treatment",2024-05-13,0,17
"w_853568","treatment",2018-07-05,0,10
"w_385286","treatment",2022-03-18,1,9
"w_371695","treatment",2025-07-19,0,14
"w_382685","control",2022-12-29,0,7
"w_549479","control",2025-12-01,15,8
"w_564020","treatment",2024-01-04,0,14
"w_530840","treatment",2023-07-03,0,12
"w_862491","control",2025-09-21,0,14
"w_150696","treatment",2022-09-10,0,11
"w_912585","control",2021-08-20,18,10
"w_875122","control",2019-10-12,8,9
"w_167138","treatment",2024-06-10,0,10
"w_129321","treatment",2024-12-30,0,8
"w_398103","treatment",2018-08-04,15,12
"w_692485","control",2021-08-24,0,10
"w_107279","treatment",2021-03-16,0,10
"w_770208","treatment",2022-02-09,1,11
"w_853258","treatment",2020-01-17,0,15
"w_564554","treatment",2022-08-20,28,12
"w_852508","control",2020-11-22,2,3
"w_267634","treatment",2019-01-04,0,10
"w_826463","control",2019-09-01,0,13
"w_959789","treatment",2019-06-10,19,7
"w_821224","control",2024-08-02,1,9
"w_204934","control",2023-12-15,0,11
"w_467049","treatment",2020-10-19,0,9
"w_988408","control",2023-06-18,0,12
"w_336684","treatment",2019-06-18,0,9
"w_306559","control",2022-01-11,0,6
"w_286173","control",2018-06-19,11,17
"w_664657","treatment",2020-12-21,0,14
"w_967750","treatment",2023-01-13,0,9
"w_332886","treatment",2026-05-16,0,6
"w_531756","treatment",2024-05-15,3,11
"w_894920","control",2022-03-14,0,15
"w_550223","control",2020-06-22,16,10
"w_692592","control",2023-08-14,0,12
"w_697487","treatment",2019-04-21,0,9
"w_471409","control",2018-07-14,0,7
"w_671215","treatment",2019-06-26,0,11
"w_355525","control",2020-11-25,0,6
"w_428236","control",2022-06-23,2,14
"w_664061","treatment",2023-07-11,0,9
"w_435619","treatment",2023-06-25,0,12
"w_494016","treatment",2018-11-26,18,14
"w_700740","treatment",2022-01-17,2,17
"w_820626","control",2019-04-21,3,13
"w_322584","treatment",2019-11-23,0,9
"w_318942","treatment",2025-05-20,0,10
"w_150225","treatment",2020-01-12,1,15
"w_666344","treatment",2019-08-04,2,8
"w_938615","treatment",2021-05-12,3,10
"w_263041","treatment",2019-08-18,10,19
"w_964331","control",2025-07-19,0,14
"w_214488","treatment",2024-09-16,13,10
"w_770836","control",2018-12-21,1,6
"w_514949","control",2026-05-02,0,13
"w_327731","control",2025-07-16,0,12
"w_412166","treatment",2018-08-26,3,10
"w_473759","treatment",2026-03-28,4,8
"w_374604","control",2021-04-25,1,12
"w_525895","control",2026-07-02,1,11
"w_846316","control",2021-08-23,2,11
"w_354212","treatment",2025-01-31,0,9
"w_830733","control",2019-04-10,0,12
"w_508552","control",2021-02-01,7,6
"w_843960","treatment",2025-03-02,0,7
"w_841687","treatment",2022-04-21,0,5
"w_618179","control",2021-12-28,0,4
"w_142236","treatment",2022-08-29,0,9
"w_530894","control",2021-08-01,18,7
"w_151085","control",2024-07-11,0,8
"w_583804","control",2019-01-18,0,10
"w_274149","control",2024-11-03,0,11
"w_819287","treatment",2026-06-11,1,10
"w_167038","control",2020-02-11,2,12
"w_490660","control",2018-07-24,7,11
"w_939254","treatment",2024-05-18,0,6
"w_528171","control",2019-03-07,2,12
"w_599627","control",2022-06-24,0,10
"w_834956","control",2025-11-17,0,8
"w_293105","control",2022-06-22,0,12
"w_388762","control",2019-06-12,2,11
"w_631853","treatment",2021-05-04,66,10
"w_571250","control",2025-01-11,1,9
"w_103197","control",2023-12-27,3,11
"w_551067","control",2024-09-10,22,11
"w_769816","treatment",2019-10-09,0,12
"w_818043","treatment",2025-05-12,3,13
"w_352633","treatment",2025-04-11,0,10
"w_623102","treatment",2020-12-03,0,5
"w_561203","treatment",2022-04-09,0,10
"w_746976","treatment",2021-05-02,0,10
"w_173719","treatment",2022-06-20,8,12
"w_669950","control",2023-07-04,12,11
"w_616037","treatment",2021-08-27,0,10
"w_480665","treatment",2024-10-23,0,13
"w_634399","treatment",2024-01-10,3,14
"w_392846","control",2026-02-28,0,11
"w_378143","control",2022-03-16,0,11
"w_203612","treatment",2024-07-28,13,13
"w_791908","treatment",2019-11-20,2,15
"w_683090","control",2023-09-09,3,8
"w_198233","treatment",2026-01-19,18,10
"w_413495","treatment",2021-04-27,0,10
"w_382766","treatment",2023-06-19,4,11
"w_570241","treatment",2026-07-09,9,5
"w_274926","treatment",2024-05-25,0,7
"w_792572","treatment",2020-07-07,87,7
"w_355827","control",2026-07-18,4,11
"w_704365","control",2024-08-03,0,13
"w_583630","treatment",2020-10-13,0,11
"w_605292","treatment",2018-08-21,0,10
"w_894127","treatment",2021-11-20,0,11
"w_358128","control",2021-07-10,0,12
"w_987733","treatment",2019-04-07,5,7
"w_566716","treatment",2018-07-07,15,12
"w_583900","treatment",2019-08-30,0,12
"w_541871","treatment",2024-02-15,0,8
"w_173219","treatment",2021-12-05,0,11
"w_340022","treatment",2020-05-03,0,9
"w_155639","control",2025-12-07,0,10
"w_135087","control",2021-05-04,0,16
"w_869826","treatment",2025-10-23,0,6
"w_615926","treatment",2023-07-22,1,5
"w_843062","treatment",2022-03-11,0,14
"w_173844","control",2021-10-01,12,8
"w_742421","treatment",2024-03-04,0,9
"w_396650","control",2024-02-12,2,15
"w_120967","treatment",2019-09-29,0,13
"w_861797","control",2023-07-23,3,4
"w_557018","control",2026-04-05,0,10
"w_586590","treatment",2026-01-24,18,15
"w_694798","treatment",2022-02-08,0,9
"w_890673","control",2025-04-07,7,8
"w_245604","treatment",2025-11-25,2,9
"w_982672","treatment",2021-08-28,0,8
"w_367211","treatment",2018-06-29,4,11
"w_207738","treatment",2023-06-05,0,8
"w_410953","treatment",2018-10-27,0,12
"w_615917","treatment",2022-11-27,18,10
"w_802075","control",2023-10-09,4,7
"w_319140","treatment",2021-05-18,0,10
"w_990001","control",2020-03-12,0,10
"w_733943","treatment",2022-08-26,1,15
"w_580955","treatment",2025-05-14,2,8
"w_966453","treatment",2023-09-19,2,12
"w_607710","treatment",2024-10-03,0,11
"w_177347","treatment",2018-10-13,0,6
"w_392232","control",2022-05-14,59,11
"w_767100","control",2021-12-11,0,7
"w_334101","treatment",2025-10-02,2,7
"w_270170","treatment",2024-05-16,1,11
"w_653905","control",2024-10-31,2,9
"w_623923","treatment",2020-12-03,0,16
"w_152875","treatment",2023-07-23,0,16
"w_730190","treatment",2025-09-16,8,11
"w_630559","treatment",2020-01-30,0,11
"w_428945","control",2026-01-09,0,10
"w_483692","treatment",2019-11-05,0,7
"w_819224","control",2025-12-16,0,7
"w_977297","control",2022-03-11,0,11
"w_661375","treatment",2020-10-31,0,11
"w_165829","control",2025-09-22,0,11
"w_163815","treatment",2025-06-23,0,6
"w_333949","treatment",2024-12-01,1,11
"w_609532","control",2018-12-14,0,9
"w_817195","control",2021-03-10,75,16
"w_429461","control",2023-11-04,0,5
"w_875139","control",2020-01-28,4,12
"w_194159","control",2025-02-15,0,15
"w_558813","treatment",2023-01-20,6,11
"w_712657","treatment",2023-11-29,6,6
"w_818661","control",2019-03-07,0,9
"w_165122","control",2024-06-27,0,10
"w_315834","treatment",2019-03-07,4,12
"w_414892","control",2021-01-14,0,14
"w_635164","treatment",2021-07-06,0,9
"w_214349","treatment",2020-01-07,1,13
"w_428608","treatment",2022-03-22,0,8
"w_786385","control",2022-01-09,0,8
"w_723448","control",2022-12-26,9,4
"w_958939","control",2026-03-29,0,10
"w_914042","control",2021-04-06,0,13
"w_293722","treatment",2020-03-25,32,12
"w_162923","control",2020-01-24,29,11
"w_541199","treatment",2020-11-18,0,11
"w_815482","treatment",2022-05-20,4,12
"w_154310","control",2023-02-22,0,11
"w_806392","control",2018-09-13,2,10
"w_715951","control",2021-09-16,2,9
"w_979880","treatment",2025-07-21,0,10
"w_507202","treatment",2023-12-24,0,12
"w_176753","treatment",2019-07-02,0,14
"w_707309","treatment",2021-04-25,68,16
"w_996394","control",2023-03-16,0,11
"w_253607","treatment",2026-05-22,0,8
"w_891407","control",2023-08-17,0,7
"w_766772","treatment",2025-07-10,0,8
"w_708873","control",2021-09-08,4,9
"w_792326","control",2019-04-17,0,9
"w_601179","treatment",2022-11-01,0,10
"w_298613","control",2018-09-10,0,13
"w_757627","control",2019-07-23,4,8
"w_930788","treatment",2021-10-12,0,8
"w_423118","control",2022-06-25,1,12
"w_613100","treatment",2024-04-12,0,10
"w_269124","treatment",2022-10-14,0,8
"w_289198","control",2025-08-22,0,15
"w_847557","control",2022-02-23,1,6
"w_968647","control",2021-06-12,0,13
"w_403050","control",2023-08-15,3,10
"w_734422","control",2026-01-19,0,6
"w_643748","treatment",2019-03-25,0,10
"w_339788","treatment",2022-07-31,0,9
"w_811166","treatment",2020-08-16,0,6
"w_598536","control",2025-11-08,2,12
"w_325742","treatment",2024-01-09,3,9
"w_334612","control",2019-09-09,0,11
"w_288561","control",2022-04-04,11,8
"w_624221","control",2025-04-11,2,11
"w_804910","control",2020-06-12,0,10
"w_236818","control",2026-03-01,5,9
"w_317448","control",2020-05-11,0,16
"w_320073","control",2021-04-26,1,10
"w_518662","treatment",2023-10-28,4,6
"w_590244","treatment",2022-06-20,0,12
"w_737671","control",2020-11-19,3,17
"w_838045","treatment",2025-11-12,51,12
"w_342988","control",2022-07-03,3,6
"w_667254","treatment",2021-04-15,0,13
"w_631589","control",2019-02-25,6,10
"w_200334","control",2019-11-15,0,9
"w_205928","treatment",2024-01-13,0,6
"w_642132","control",2019-09-27,0,5
"w_829295","control",2019-06-09,0,7
"w_119021","control",2023-07-21,0,14
"w_883607","treatment",2023-02-19,2,10
"w_281961","treatment",2021-11-16,4,8
"w_131709","control",2019-05-11,1,9
"w_500158","control",2021-12-20,4,6
"w_374509","treatment",2020-04-29,0,7
"w_968750","treatment",2024-09-09,0,13
"w_679863","control",2025-01-13,48,10
"w_567565","control",2025-02-08,0,14
"w_677984","treatment",2019-09-09,0,9
"w_407533","control",2019-10-31,0,7
"w_163710","treatment",2019-05-05,0,12
"w_479358","control",2025-10-19,2,7
"w_653257","control",2022-08-22,0,13
"w_148100","control",2023-09-11,19,11
"w_475984","treatment",2018-07-21,14,14
"w_130828","treatment",2025-12-31,0,7
"w_773915","treatment",2025-03-05,0,11
"w_291836","treatment",2020-05-22,0,14
"w_402835","control",2018-08-09,0,14
"w_442642","control",2020-09-26,33,12
"w_428628","treatment",2022-08-05,0,11
"w_562263","treatment",2019-09-21,0,8
"w_891603","control",2020-12-24,0,12
"w_156997","control",2025-09-01,17,8
"w_728165","control",2022-04-05,2,9
"w_485830","control",2023-05-15,0,7
"w_393788","treatment",2021-09-13,2,7
"w_817369","treatment",2022-07-22,0,10
"w_178280","control",2024-04-11,11,11
"w_675586","treatment",2022-01-10,4,12
"w_813395","treatment",2022-03-20,2,11
"w_955589","treatment",2023-12-20,0,6
"w_829162","control",2026-04-17,2,8
"w_581818","control",2025-07-29,3,8
"w_140914","control",2024-10-18,3,10
"w_192505","control",2024-07-02,0,12
"w_627912","treatment",2024-10-21,120,13
"w_804078","control",2020-10-05,0,9
"w_374869","treatment",2019-02-24,0,10
"w_775982","treatment",2023-11-08,0,9
"w_439434","control",2024-06-20,0,6
"w_956761","treatment",2023-01-30,0,11
"w_862545","treatment",2026-03-25,0,16
"w_782366","treatment",2022-04-20,10,11
"w_310646","treatment",2025-10-31,0,11
"w_744701","treatment",2025-06-07,0,14
"w_370599","control",2020-08-10,0,10
"w_316647","treatment",2019-05-09,0,9
"w_487194","treatment",2026-04-05,0,10
"w_889129","treatment",2025-11-06,0,8
"w_337058","treatment",2019-07-19,15,11
"w_720766","control",2021-01-24,0,10
"w_143077","control",2022-04-17,0,11
"w_889761","control",2019-09-14,0,12
"w_636941","treatment",2022-12-09,0,13
"w_728193","treatment",2019-05-02,0,10
"w_156678","control",2023-08-26,0,11
"w_552518","treatment",2023-03-09,0,9
"w_772741","treatment",2023-10-28,0,13
"w_585559","control",2021-04-20,2,9
"w_228801","control",2019-04-07,0,13
"w_199031","treatment",2022-10-16,18,10
"w_346629","control",2026-07-12,0,10
"w_679928","control",2021-08-19,0,12
"w_983647","treatment",2022-03-15,3,10
"w_429394","control",2026-01-04,0,8
"w_962206","treatment",2019-03-09,2,13
"w_964719","treatment",2019-10-12,3,4
"w_833804","control",2019-02-02,16,10
"w_179639","control",2026-07-17,0,13
"w_644555","control",2023-10-30,4,7
"w_801339","control",2018-10-06,3,12
"w_882048","control",2018-06-23,0,9
"w_875781","control",2022-04-09,1,11
"w_636211","control",2024-07-22,17,12
"w_434663","treatment",2021-12-13,0,13
"w_370279","treatment",2024-02-10,0,12
"w_457586","control",2022-11-15,4,7
"w_818552","treatment",2020-02-06,0,15
"w_473596","control",2018-11-05,8,14
"w_127516","control",2019-10-15,0,5
"w_609810","control",2023-02-27,1,9
"w_169251","treatment",2025-09-13,0,10
"w_710700","treatment",2021-09-25,3,13
"w_436531","treatment",2023-04-23,8,10
"w_454846","control",2024-08-30,3,13
"w_657832","control",2025-06-14,2,9
"w_688901","treatment",2019-09-24,0,13
"w_612436","control",2022-11-07,0,13
"w_363605","treatment",2025-07-18,4,9
"w_636412","control",2021-05-30,0,10
"w_306148","control",2019-03-19,0,8
"w_176149","control",2023-08-05,0,12
"w_137821","control",2025-10-04,0,8
"w_468218","control",2026-03-10,12,16
"w_330932","treatment",2025-02-13,28,8
"w_526566","treatment",2022-07-28,19,6
"w_336352","control",2019-10-11,0,13
"w_992063","control",2019-05-11,0,8
"w_621466","treatment",2020-10-17,34,11
"w_172136","treatment",2020-09-11,50,8
"w_144098","treatment",2022-06-12,4,11
"w_287259","treatment",2020-03-12,0,8
"w_216883","treatment",2018-11-14,0,8
"w_125912","treatment",2020-05-06,0,11
"w_953387","control",2025-11-07,0,13
"w_771992","control",2021-06-25,3,15
"w_570544","control",2022-09-08,13,9
"w_432200","control",2025-01-03,0,8
"w_662039","control",2021-12-06,0,5
"w_793788","treatment",2021-10-19,18,8
"w_918166","treatment",2022-12-26,0,6
"w_518732","treatment",2021-03-09,0,6
"w_615972","control",2019-11-17,0,7
"w_231574","control",2025-11-30,0,14
"w_543987","treatment",2018-09-18,0,6
"w_609679","control",2019-05-01,0,8
"w_583543","treatment",2025-11-14,19,6
"w_889950","control",2024-06-25,37,6
"w_112102","treatment",2025-08-31,0,8
"w_426042","control",2024-12-04,0,8
"w_193813","control",2025-10-07,1,9
"w_855993","control",2020-09-01,4,11
"w_434624","treatment",2022-06-10,0,5
"w_732607","treatment",2022-08-13,0,10
"w_988585","treatment",2019-09-08,2,7
"w_861930","control",2021-03-22,12,11
"w_863075","treatment",2019-08-28,3,11
"w_578483","treatment",2023-06-25,0,8
"w_198938","treatment",2025-02-10,0,11
"w_348576","control",2019-01-20,3,8
"w_486233","treatment",2023-11-17,0,6
"w_487445","control",2018-06-12,0,15
"w_342748","treatment",2019-03-13,0,12
"w_637127","treatment",2021-08-15,0,9
"w_677223","control",2023-11-07,5,12
"w_254311","control",2021-03-11,0,12
"w_841833","treatment",2022-03-01,0,8
"w_437872","treatment",2022-09-24,20,6
"w_994680","treatment",2019-11-23,19,7
"w_755573","treatment",2026-03-14,0,10
"w_442004","treatment",2019-06-27,3,11
"w_365968","control",2020-12-20,1,11
"w_381462","control",2025-05-01,0,9
"w_292272","treatment",2019-08-16,0,11
"w_846063","control",2022-03-17,0,9
"w_748910","control",2023-09-08,0,11
"w_872528","control",2025-06-19,0,13
"w_406370","control",2020-04-30,0,10
"w_747096","treatment",2022-06-14,18,6
"w_869408","treatment",2025-06-29,0,12
"w_165504","treatment",2020-08-24,33,11
"w_506985","treatment",2021-05-09,1,12
"w_131930","control",2021-11-16,4,10
"w_182358","treatment",2024-07-22,0,8
"w_899138","control",2025-03-24,2,11
"w_162458","treatment",2018-09-03,0,13
"w_791828","control",2022-11-05,0,8
"w_925666","control",2022-01-14,0,10
"w_601122","control",2022-08-30,3,9
"w_834922","treatment",2022-08-08,0,7
"w_795721","control",2020-01-12,1,9
"w_226705","control",2023-06-22,0,13
"w_436310","control",2024-09-28,0,14
"w_240923","treatment",2025-12-21,0,11
"w_225750","treatment",2020-12-02,1,12
"w_424053","treatment",2019-03-13,116,7
"w_935011","treatment",2022-01-29,12,15
"w_885040","treatment",2020-07-21,4,8
"w_973159","control",2025-10-21,0,11
"w_898463","treatment",2023-05-08,12,14
"w_518181","treatment",2019-05-24,0,6
"w_423138","control",2019-08-03,0,13
"w_241768","control",2022-08-15,0,8
"w_696249","control",2020-09-11,4,6
"w_479808","control",2025-11-12,1,15
"w_689715","treatment",2023-04-04,0,8
"w_622211","control",2023-08-08,1,7
"w_893520","treatment",2022-11-25,0,9
"w_291373","treatment",2025-07-21,0,4
"w_477232","control",2020-03-20,21,6
"w_280712","control",2025-02-13,0,11
"w_301948","control",2022-12-03,2,14
"w_292974","treatment",2022-07-29,0,12
"w_835593","treatment",2022-09-16,3,7
"w_376314","control",2019-05-17,1,10
"w_244177","control",2024-12-18,61,12
"w_229336","treatment",2020-12-03,0,12
"w_859975","control",2020-12-19,2,8
"w_903667","control",2025-11-19,4,11
"w_108366","treatment",2018-07-06,0,10
"w_625315","control",2019-08-08,0,16
"w_813205","treatment",2019-09-16,0,16
"w_660236","treatment",2019-03-30,0,9
"w_646504","control",2025-06-16,0,7
"w_905419","control",2021-09-10,1,13
"w_988059","control",2019-05-21,0,14
"w_920758","control",2024-02-25,0,11
"w_905375","control",2019-07-28,0,5
"w_738371","control",2023-09-02,17,8
"w_248035","treatment",2025-01-29,1,13
"w_130678","treatment",2018-07-09,0,16
"w_463464","control",2023-01-09,3,5
"w_348423","treatment",2021-03-07,0,9
"w_992494","control",2024-03-12,10,13
"w_827588","control",2024-03-15,0,9
"w_720719","control",2019-07-27,0,12
"w_856933","treatment",2024-11-05,3,7
"w_497656","treatment",2023-12-28,0,13
"w_122147","control",2024-04-19,14,7
"w_979745","treatment",2019-11-09,1,10
"w_484873","treatment",2019-10-14,13,8
"w_786832","treatment",2024-10-06,0,6
"w_978055","treatment",2021-05-06,18,6
"w_587579","treatment",2024-01-04,0,10
"w_443896","treatment",2021-04-04,0,20
"w_691826","control",2019-02-23,0,7
"w_422880","control",2023-09-20,0,10
"w_897695","treatment",2023-04-15,18,8
"w_403924","treatment",2025-05-09,17,8
"w_684400","treatment",2020-04-13,0,6
"w_163817","treatment",2025-05-03,9,16
"w_388115","treatment",2023-07-22,0,8
"w_343816","control",2026-03-27,0,13
"w_574315","treatment",2022-02-05,0,9
"w_469661","treatment",2018-11-06,18,8
"w_498870","control",2023-03-15,2,12
"w_951595","control",2025-03-14,0,6
"w_203490","treatment",2022-05-03,0,11
"w_679914","control",2021-01-29,0,12
"w_573390","control",2019-06-17,0,7
"w_170433","control",2023-03-21,1,10
"w_525600","control",2018-09-15,0,10
"w_399010","control",2025-03-08,0,8
"w_598747","control",2019-05-08,0,10
"w_979065","treatment",2023-06-30,0,14
"w_341303","control",2021-09-09,3,11
"w_890035","control",2025-11-09,73,13
"w_643582","control",2025-06-17,0,9
"w_808045","treatment",2024-08-05,4,8
"w_917126","control",2025-12-30,0,5
"w_694978","treatment",2020-06-20,0,12
"w_252441","control",2026-07-13,0,7
"w_657196","treatment",2020-05-11,0,8
"w_153798","control",2025-02-02,0,6
"w_972504","control",2023-11-22,0,8
"w_296587","treatment",2018-07-10,0,16
"w_768068","treatment",2024-12-23,3,10
"w_348084","control",2026-03-20,0,10
"w_707552","control",2025-07-16,0,17
"w_835863","control",2025-12-13,10,8
"w_584871","treatment",2023-04-26,0,7
"w_686141","control",2023-11-13,28,12
"w_979750","control",2024-11-14,0,7
"w_944748","control",2024-06-19,0,13
"w_579450","control",2022-01-27,0,12
"w_386890","treatment",2020-07-27,12,13
"w_365195","control",2019-12-23,0,7
"w_379276","control",2026-06-18,3,8
"w_563809","treatment",2021-07-09,6,11
"w_963511","control",2025-08-10,0,10
"w_818679","control",2020-05-17,0,14
"w_495758","control",2019-11-28,0,12
"w_718938","treatment",2018-12-28,0,8
"w_241112","treatment",2022-05-06,51,12
"w_395015","treatment",2021-07-27,15,14
"w_751239","control",2024-10-12,29,7
"w_392707","treatment",2023-05-06,4,15
"w_236318","treatment",2019-08-24,0,7
"w_528470","control",2024-11-24,4,15
"w_722532","control",2024-01-16,36,12
"w_655069","control",2026-03-02,0,11
"w_411020","treatment",2019-03-23,0,9
"w_374039","control",2021-02-04,1,7
"w_527016","treatment",2026-04-20,0,10
"w_660469","control",2024-03-25,0,10
"w_177440","control",2025-08-07,3,11
"w_159359","treatment",2024-07-08,6,5
"w_470597","treatment",2024-12-15,0,13
"w_929868","treatment",2023-07-19,0,7
"w_850826","control",2019-08-14,21,7
"w_414748","treatment",2023-01-07,16,9
"w_859938","treatment",2023-01-22,0,5
"w_565826","treatment",2023-09-18,11,11
"w_975335","control",2026-01-21,0,11
"w_547641","treatment",2025-02-24,3,10
"w_735210","treatment",2025-12-13,0,12
"w_352312","treatment",2021-02-05,2,10
"w_323934","control",2023-12-30,0,13
"w_490631","control",2023-09-05,0,11
"w_314358","treatment",2025-05-22,4,6
"w_247970","treatment",2025-12-05,15,8
"w_490383","control",2020-01-01,0,5
"w_907264","treatment",2020-06-29,0,6
"w_485886","control",2025-02-03,0,10
"w_699936","control",2022-07-23,0,5
"w_133013","control",2020-12-17,0,14
"w_204705","control",2024-03-05,0,7
"w_756227","control",2020-10-08,0,5
"w_766087","control",2020-03-01,4,9
"w_343524","control",2019-06-02,0,14
"w_946413","control",2026-06-22,0,8
"w_488779","treatment",2019-07-09,11,13
"w_794617","treatment",2019-02-28,0,10
"w_993559","treatment",2018-06-04,0,14
"w_565768","treatment",2021-06-20,0,10
"w_790847","control",2023-06-17,14,14
"w_451691","treatment",2024-08-11,44,14
"w_620567","treatment",2021-12-13,0,9
"w_965492","control",2019-11-25,56,11
"w_540775","treatment",2025-09-09,52,12
"w_317228","treatment",2026-01-02,3,11
"w_984279","control",2024-11-16,0,12
"w_185875","treatment",2025-05-12,17,10
"w_756058","control",2021-03-25,2,11
"w_543476","treatment",2020-10-05,1,5
"w_670847","treatment",2020-09-28,0,12
"w_176160","control",2026-05-29,0,8
"w_537545","treatment",2026-03-26,0,12
"w_179326","control",2025-01-29,1,14
"w_789435","treatment",2022-02-23,4,12
"w_658264","control",2022-09-09,1,10
"w_699717","treatment",2021-06-17,0,13
"w_557119","control",2025-02-01,0,7
"w_860939","treatment",2024-04-21,4,6
"w_745412","control",2020-01-27,0,7
"w_442173","control",2020-05-13,4,14
"w_708390","treatment",2021-01-04,0,12
"w_414369","control",2022-08-02,0,9
"w_893749","control",2025-02-27,0,9
"w_590882","control",2021-04-24,4,9
"w_534297","control",2024-09-28,0,11
"w_936861","treatment",2018-11-27,0,11
"w_338240","control",2024-11-01,80,8
"w_602982","control",2024-05-29,0,11
"w_250065","treatment",2022-08-17,0,11
"w_614943","control",2022-01-28,0,9
"w_722958","treatment",2023-01-10,1,4
"w_597784","treatment",2024-10-25,2,8
"w_202942","control",2023-05-30,0,7
"w_566677","treatment",2020-11-06,0,10
"w_468608","control",2018-08-20,1,8
"w_492086","treatment",2018-12-18,0,12
"w_306924","control",2022-03-15,1,5
"w_777475","control",2024-06-05,0,10
"w_759313","treatment",2025-06-08,2,17
"w_530494","treatment",2023-07-17,0,7
"w_711573","treatment",2020-01-10,0,17
"w_222311","control",2021-03-07,0,13
"w_762111","control",2020-10-26,19,14
"w_608776","control",2022-08-27,10,9
"w_895185","treatment",2025-03-03,0,11
"w_795914","control",2020-11-11,0,8
"w_233516","control",2024-03-07,0,7
"w_180750","control",2018-09-15,0,8
"w_990601","treatment",2021-09-24,3,15
"w_530980","control",2023-12-16,3,11
"w_711486","treatment",2020-05-13,0,7
"w_246800","control",2020-05-08,3,7
"w_723082","treatment",2023-04-30,0,7
"w_121274","control",2025-07-18,0,8
"w_855179","treatment",2023-02-06,0,15
"w_207615","treatment",2020-05-06,11,8
"w_387676","control",2019-12-30,5,13
"w_649994","treatment",2023-01-09,1,10
"w_340799","control",2025-07-11,7,15
"w_334530","treatment",2019-02-05,0,13
"w_143878","treatment",2018-08-10,17,7
"w_491020","control",2021-02-13,0,5
"w_390910","treatment",2020-08-16,0,9
"w_607332","control",2023-07-18,17,11
"w_636992","control",2020-04-09,8,9
"w_814266","control",2021-07-20,4,6
"w_244248","control",2022-06-11,1,9
"w_234947","treatment",2022-04-21,1,9
"w_706581","treatment",2024-08-28,0,19
"w_767393","control",2019-01-13,0,9
"w_290806","treatment",2024-03-19,0,14
"w_262315","treatment",2024-07-29,11,4
"w_590499","control",2025-09-10,2,12
"w_303588","treatment",2022-11-10,0,13
"w_977797","treatment",2021-06-19,10,6
"w_476793","treatment",2023-03-20,0,12
"w_728449","treatment",2022-05-08,54,4
"w_351301","treatment",2026-02-14,0,13
"w_666340","treatment",2022-02-06,18,12
"w_769648","treatment",2025-10-22,0,9
"w_840395","control",2024-03-13,4,11
"w_537184","treatment",2025-04-28,1,12
"w_788092","treatment",2023-01-26,17,10
"w_168464","treatment",2019-04-18,0,16
"w_684372","treatment",2025-12-12,0,11
"w_537963","control",2023-11-25,2,7
"w_374961","treatment",2019-03-28,18,12
"w_216666","treatment",2021-09-22,11,5
"w_212798","control",2020-04-15,4,7
"w_546374","treatment",2023-02-14,0,11
"w_128357","control",2025-05-11,3,14
"w_375099","control",2022-08-27,0,9
"w_266620","control",2023-05-24,4,7
"w_237603","control",2024-10-09,15,16
"w_113692","control",2023-02-17,3,9
"w_785284","control",2023-06-30,0,10
"w_785518","control",2020-12-29,14,4
"w_715994","control",2025-07-02,3,15
"w_513428","control",2024-07-01,0,7
"w_591467","treatment",2020-03-10,0,17
"w_313360","treatment",2023-03-23,1,11
"w_812730","control",2024-06-13,18,10
"w_650096","control",2022-05-12,10,8
"w_937867","control",2023-12-20,0,12
"w_209243","control",2024-06-27,5,7
"w_345756","treatment",2021-06-16,1,12
"w_361606","treatment",2023-07-12,0,16
"w_613709","control",2020-12-29,0,9
"w_538351","control",2025-01-16,3,8
"w_790472","treatment",2023-07-20,13,7
"w_932996","treatment",2024-07-02,0,11
"w_721259","control",2021-01-22,2,8
"w_630330","control",2024-09-17,46,11
"w_719413","treatment",2022-04-07,0,7
"w_208864","control",2023-01-13,0,10
"w_429657","treatment",2019-11-06,0,11
"w_299161","treatment",2021-09-01,4,8
"w_243560","control",2026-02-04,0,12
"w_963907","treatment",2026-03-14,0,20
"w_816466","treatment",2025-11-24,0,9
"w_689258","control",2019-08-17,0,11
"w_489951","treatment",2025-04-02,2,8
"w_357862","treatment",2018-10-16,0,8
"w_904727","treatment",2021-05-30,0,6
"w_186504","treatment",2023-02-07,14,9
"w_816169","treatment",2023-05-07,2,10
"w_750255","control",2020-10-03,0,11
"w_668594","control",2018-07-02,12,9
"w_894412","treatment",2021-09-09,4,7
"w_830409","control",2020-02-17,4,8
"w_104657","control",2019-10-15,2,4
"w_504387","control",2025-10-16,0,18
"w_426747","treatment",2020-09-07,3,9
"w_658363","control",2021-11-07,8,7
"w_368616","control",2022-12-23,0,7
"w_427166","treatment",2022-11-25,0,10
"w_572119","control",2026-05-04,0,13
"w_738111","control",2020-12-05,0,9
"w_357063","treatment",2019-11-01,0,6
"w_917425","treatment",2025-07-23,12,4
"w_105081","treatment",2020-06-24,0,13
"w_970235","control",2020-07-20,0,10
"w_717756","treatment",2025-06-16,2,10
"w_156947","control",2018-12-30,0,13
"w_492346","treatment",2024-01-11,0,7
"w_107505","control",2026-05-03,4,13
"w_626816","treatment",2024-05-07,0,10
"w_499370","control",2022-07-09,3,6
"w_462901","treatment",2020-05-29,0,14
"w_148295","control",2021-10-27,3,12
"w_594203","treatment",2020-10-09,0,10
"w_306057","control",2021-11-19,14,9
"w_396343","treatment",2022-08-07,2,17
"w_231788","control",2023-02-06,9,15
"w_601618","treatment",2019-06-18,0,11
"w_670452","treatment",2024-01-02,0,13
"w_893823","treatment",2020-05-04,4,11
"w_210240","control",2021-10-23,0,11
"w_455946","control",2022-11-17,4,6
"w_388801","control",2023-10-28,0,13
"w_409352","treatment",2019-06-16,0,6
"w_852784","control",2021-06-05,0,9
"w_353908","control",2021-05-23,3,6
"w_304063","treatment",2022-10-13,0,6
"w_272646","control",2025-05-20,0,11
"w_369935","treatment",2020-03-13,0,10
"w_428745","treatment",2019-09-11,3,9
"w_972855","control",2018-12-17,4,11
"w_803295","control",2024-07-14,1,13
"w_221310","control",2024-05-08,2,10
"w_117801","control",2019-12-01,0,9
"w_235640","treatment",2019-10-18,0,9
"w_335642","control",2018-10-13,0,9
"w_624465","control",2025-05-20,0,12
"w_695603","control",2018-12-16,1,10
"w_686337","control",2021-11-16,0,8
"w_537822","treatment",2023-11-13,3,12
"w_418096","treatment",2024-05-17,4,12
"w_461521","treatment",2024-01-01,0,11
"w_253499","control",2024-09-03,2,10
"w_250919","treatment",2023-10-09,1,11
"w_713175","treatment",2021-02-18,0,6
"w_191313","control",2025-07-31,15,11
"w_199241","treatment",2025-08-30,4,4
"w_421415","control",2026-02-25,0,8
"w_726951","control",2019-11-30,1,8
"w_478221","control",2023-02-01,0,14
"w_151981","treatment",2024-09-13,3,9
"w_198760","treatment",2023-11-15,0,11
"w_584495","control",2020-11-05,2,7
"w_292080","treatment",2018-12-13,0,16
"w_555547","control",2018-10-14,0,9
"w_411306","control",2023-10-27,0,14
"w_521193","treatment",2024-08-27,0,8
"w_329365","control",2020-01-26,0,12
"w_989011","treatment",2020-05-22,0,14
"w_842144","control",2018-10-05,3,8
"w_822674","treatment",2025-06-01,0,10
"w_938500","treatment",2018-10-12,0,10
"w_605401","control",2019-04-22,0,11
"w_215322","treatment",2023-06-29,5,22
"w_533831","treatment",2024-01-30,0,10
"w_550940","control",2025-02-23,0,13
"w_496683","control",2019-06-29,0,9
"w_795188","treatment",2022-06-04,0,4
"w_805451","treatment",2024-03-17,14,4
"w_664142","treatment",2021-09-01,3,15
"w_951770","control",2024-09-30,0,6
"w_952865","treatment",2024-05-10,0,8
"w_497590","control",2020-06-20,0,10
"w_393129","treatment",2023-09-14,8,8
"w_499123","treatment",2026-07-11,0,7
"w_959803","control",2022-09-28,0,5
"w_133927","control",2018-08-25,0,13
"w_664896","control",2019-05-30,0,8
"w_449383","treatment",2020-11-16,47,7
"w_793740","treatment",2022-07-06,33,12
"w_939304","treatment",2026-02-05,6,13
"w_526575","treatment",2021-04-17,0,17
"w_832394","treatment",2019-05-15,0,13
"w_997221","control",2025-11-26,0,9
"w_660128","control",2024-12-17,0,9
"w_437462","control",2025-12-23,0,7
"w_178385","control",2019-04-02,1,6
"w_885015","control",2024-01-12,4,10
"w_783571","treatment",2023-10-05,65,10
"w_366367","control",2020-11-23,0,12
"w_616493","treatment",2025-07-03,0,9
"w_264261","control",2019-08-05,0,12
"w_296607","treatment",2019-09-16,0,10
"w_844157","treatment",2021-05-18,0,6
"w_616815","treatment",2023-12-06,18,7
"w_162511","treatment",2018-08-12,0,4
"w_585580","treatment",2020-02-10,0,9
"w_490333","control",2021-04-07,4,8
"w_229291","control",2021-10-28,1,11
"w_735392","control",2021-01-10,23,13
"w_348473","control",2025-02-26,3,9
"w_824179","control",2019-01-28,0,8
"w_544495","control",2026-02-01,0,10
"w_974758","treatment",2020-10-17,0,11
"w_291083","control",2025-05-01,7,11
"w_978204","control",2020-08-29,0,13
"w_140839","control",2026-03-26,3,10
"w_804580","treatment",2022-05-17,0,9
"w_978809","treatment",2022-02-06,0,11
"w_558806","treatment",2018-11-20,0,13
"w_640589","treatment",2026-07-16,0,11
"w_700078","treatment",2018-09-03,1,15
"w_453293","treatment",2024-05-29,0,7
"w_131776","treatment",2025-08-16,34,9
"w_376374","treatment",2020-06-04,19,13
"w_804823","control",2018-08-02,0,11
"w_172747","treatment",2022-05-06,0,9
"w_114734","control",2020-03-13,0,6
"w_521864","control",2023-12-09,2,6
"w_609822","control",2024-03-14,2,9
"w_987803","treatment",2024-10-05,0,16
"w_443635","treatment",2023-08-19,0,8
"w_138217","treatment",2023-09-27,0,6
"w_377325","treatment",2026-04-11,0,9
"w_502832","control",2020-10-01,0,10
"w_170963","treatment",2026-05-05,0,12
"w_319189","treatment",2019-10-16,2,7
"w_700506","control",2024-02-19,3,8
"w_953171","control",2026-01-06,0,13
"w_194762","control",2022-07-07,0,10
"w_519523","control",2020-08-18,0,11
"w_246311","control",2023-11-19,0,9
"w_453268","control",2024-11-26,2,6
"w_111442","treatment",2025-03-04,0,12
"w_884439","control",2019-07-09,44,11
"w_699377","control",2019-10-28,0,10
"w_936162","control",2025-04-17,16,10
"w_748035","control",2024-10-20,41,4
"w_738905","control",2018-07-05,5,6
"w_984949","control",2026-06-03,2,11
"w_575927","treatment",2026-05-31,0,7
"w_903037","control",2025-09-11,0,6
"w_788142","control",2019-08-19,0,10
"w_658944","treatment",2022-11-10,2,10
"w_568986","control",2025-09-30,0,15
"w_107030","control",2024-06-30,0,11
"w_815789","control",2020-09-09,17,7
"w_721077","treatment",2021-03-03,0,11
"w_788409","treatment",2024-09-25,0,11
"w_606254","treatment",2021-11-15,1,6
"w_156999","treatment",2026-01-15,0,9
"w_336385","treatment",2022-12-13,0,9
"w_743717","control",2023-01-14,3,11
"w_632596","treatment",2025-02-11,1,12
"w_486665","control",2020-01-27,0,16
"w_146944","treatment",2020-04-12,0,13
"w_383240","treatment",2026-02-20,0,12
"w_822401","treatment",2018-06-15,0,6
"w_210594","treatment",2024-04-03,0,8
"w_921307","control",2025-04-13,37,8
"w_794856","control",2024-09-02,0,14
"w_185092","treatment",2022-09-20,15,14
"w_101429","treatment",2021-07-07,0,17
"w_276435","control",2022-09-09,0,6
"w_356354","control",2024-04-09,0,9
"w_950453","treatment",2021-04-23,0,8
"w_273622","control",2018-10-06,3,9
"w_960695","control",2025-02-28,1,11
"w_406178","treatment",2021-08-10,30,6
"w_864095","treatment",2018-08-03,0,10
"w_528438","treatment",2025-11-12,17,11
"w_491006","control",2023-06-20,0,12
"w_989394","treatment",2020-04-06,14,16
"w_471270","control",2024-09-20,8,7
"w_335212","control",2025-12-31,0,11
"w_700549","control",2026-02-21,0,11
"w_739164","control",2022-08-28,5,9
"w_925686","control",2024-03-07,0,10
"w_713885","treatment",2026-02-06,0,5
"w_494009","treatment",2019-04-24,14,15
"w_368776","treatment",2025-04-07,4,9
"w_848004","treatment",2025-03-06,7,8
"w_663314","treatment",2018-06-27,0,11
"w_459911","control",2020-10-21,0,3
"w_306417","control",2022-02-14,4,9
"w_733536","control",2026-07-09,2,14
"w_234793","control",2019-03-23,0,7
"w_468214","treatment",2018-06-24,0,9
"w_948333","treatment",2021-01-25,2,8
"w_816783","control",2022-11-02,0,14
"w_409342","control",2025-03-18,14,5
"w_655495","treatment",2023-05-07,0,12
"w_844641","treatment",2019-08-27,1,11
"w_806225","control",2020-11-23,0,12
"w_360819","treatment",2018-11-16,0,15
"w_432398","treatment",2023-12-24,2,13
"w_950906","control",2024-04-28,0,6
"w_912508","treatment",2018-06-01,4,9
"w_780674","control",2024-12-18,3,6
"w_689095","treatment",2023-04-04,19,9
"w_523176","control",2023-06-13,0,4
"w_998921","control",2025-07-03,3,3
"w_548112","treatment",2022-11-24,0,8
"w_955601","control",2023-05-05,0,8
"w_660643","treatment",2023-09-01,15,11
"w_669500","control",2020-02-08,2,9
"w_621234","control",2020-05-13,7,10
"w_380105","control",2022-12-15,0,11
"w_591483","control",2026-03-22,6,16
"w_237565","treatment",2020-06-12,0,13
"w_386056","treatment",2018-12-30,13,6
"w_826040","control",2023-12-14,0,10
"w_263284","treatment",2023-06-13,3,13
"w_476815","treatment",2021-03-30,1,13
"w_502623","treatment",2019-12-20,0,7
"w_964922","control",2019-10-29,0,10
"w_274981","treatment",2019-01-16,2,9
"w_870019","control",2022-06-25,4,11
"w_599544","control",2025-03-30,0,10
"w_729467","control",2021-03-10,0,13
"w_558320","treatment",2020-02-14,0,9
"w_975030","control",2023-11-16,3,12
"w_370240","control",2020-03-29,0,8
"w_928224","treatment",2025-09-30,0,12
"w_392563","treatment",2022-03-01,0,11
"w_710249","control",2024-10-24,2,14
"w_995906","treatment",2022-08-03,0,6
"w_574269","treatment",2023-03-30,4,8
"w_716321","treatment",2025-07-25,1,11
"w_580344","treatment",2019-10-25,0,11
"w_221581","treatment",2025-05-17,0,11
"w_798138","control",2024-06-05,0,13
"w_896266","treatment",2019-07-02,0,9
"w_584038","control",2022-06-22,4,7
"w_205209","treatment",2024-01-20,0,10
"w_276780","control",2025-10-09,0,12
"w_845307","treatment",2019-02-15,4,8
"w_789317","treatment",2023-05-17,0,9
"w_879859","control",2023-09-11,0,13
"w_703276","control",2019-05-09,0,8
"w_367831","control",2020-06-08,42,10
"w_320011","treatment",2020-07-27,16,11
"w_937978","control",2018-09-03,0,15
"w_263813","treatment",2018-10-01,0,9
"w_338289","control",2020-01-18,2,10
"w_126274","treatment",2018-09-28,0,11
"w_524739","control",2021-03-24,8,10
"w_469554","control",2026-01-15,14,12
"w_157841","control",2019-02-10,17,10
"w_436982","treatment",2021-03-06,0,6
"w_681771","treatment",2021-04-23,0,13
"w_427075","treatment",2023-09-19,0,13
"w_122476","control",2026-06-02,11,6
"w_914594","treatment",2023-06-17,3,13
"w_610996","control",2021-08-26,0,7
"w_798446","treatment",2021-06-27,4,8
"w_955644","control",2019-02-03,2,7
"w_554357","treatment",2023-10-16,0,10
"w_719772","treatment",2025-12-24,1,9
"w_278930","control",2026-02-03,0,11
"w_239214","treatment",2018-12-09,0,13
"w_967503","treatment",2024-08-31,4,8
"w_174341","treatment",2019-11-01,4,9
"w_124524","treatment",2024-12-09,3,10
"w_584384","treatment",2021-09-21,2,15
"w_422769","treatment",2020-08-14,0,12
"w_186159","treatment",2020-01-02,0,4
"w_815699","control",2026-01-04,0,8
"w_429506","control",2023-04-30,4,13
"w_437024","treatment",2025-09-28,8,7
"w_925859","treatment",2018-06-17,4,7
"w_274774","control",2022-01-06,0,8
"w_366867","control",2023-12-10,0,9
"w_690559","control",2020-09-22,5,10
"w_553236","control",2025-05-21,0,9
"w_714430","control",2024-10-17,0,12
"w_617406","control",2025-02-06,1,12
"w_119606","treatment",2022-03-21,0,10
"w_269529","treatment",2018-11-09,10,10
"w_341246","control",2021-12-07,1,19
"w_306007","treatment",2020-06-14,3,14
"w_368495","treatment",2023-06-25,0,14
"w_766984","control",2018-10-18,0,7
"w_225784","treatment",2023-08-30,0,11
"w_570230","treatment",2021-06-04,0,10
"w_141511","control",2024-02-26,2,4
"w_797366","control",2021-03-17,18,5
"w_667548","control",2022-10-13,0,7
"w_930851","control",2022-10-05,18,15
"w_397869","treatment",2026-01-24,16,9
"w_198204","control",2023-04-21,2,16
"w_284602","control",2021-06-06,4,11
"w_774247","control",2023-04-18,0,14
"w_693610","treatment",2022-09-03,5,6
"w_103358","control",2019-06-18,45,6
"w_413402","control",2022-11-21,1,8
"w_733988","treatment",2023-05-19,13,5
"w_572488","treatment",2024-02-20,0,5
"w_559274","control",2022-10-31,0,4
"w_123781","treatment",2023-05-24,0,8
"w_868653","control",2021-02-21,4,13
"w_422751","treatment",2019-04-11,6,9
"w_761893","treatment",2023-12-28,2,8
"w_599524","control",2025-09-05,0,14
"w_964613","control",2025-12-05,23,14
"w_348950","treatment",2020-09-03,3,5
"w_948767","control",2023-10-03,0,12
"w_752207","control",2024-12-20,3,12
"w_333937","control",2018-06-21,0,10
"w_794517","control",2024-07-12,0,10
"w_229108","control",2025-07-06,3,8
"w_851145","control",2018-07-18,55,8
"w_428819","treatment",2020-01-08,3,7
"w_938527","control",2023-11-27,3,7
"w_683886","treatment",2024-06-10,11,12
"w_360730","control",2024-09-07,10,16
"w_282073","treatment",2022-10-29,0,10
"w_826786","control",2019-12-03,0,8
"w_741835","treatment",2026-01-10,4,8
"w_625573","treatment",2024-10-11,0,9
"w_994302","control",2018-09-21,0,8
"w_712738","control",2020-08-22,4,13
"w_425225","control",2019-03-13,0,11
"w_603967","treatment",2018-08-09,1,9
"w_898138","control",2025-12-09,4,13
"w_650110","treatment",2019-07-15,2,10
"w_839658","control",2025-11-24,0,10
"w_121660","control",2022-04-21,0,13
"w_391358","treatment",2020-09-15,0,12
"w_624689","control",2021-05-09,0,10
"w_687641","treatment",2024-07-28,1,8
"w_705360","treatment",2023-09-10,0,7
"w_437055","control",2021-05-10,11,18
"w_446273","control",2026-03-08,9,12
"w_529602","treatment",2023-03-26,0,8
"w_276952","control",2019-11-26,0,11
"w_662049","treatment",2026-01-09,0,10
"w_924795","treatment",2024-01-28,0,11
"w_431471","treatment",2020-04-23,0,10
"w_771159","control",2025-04-18,20,8
"w_543886","control",2018-08-21,4,10
"w_251415","control",2018-11-24,0,13
"w_923610","control",2022-05-06,4,7
"w_404151","treatment",2021-09-24,13,6
"w_371458","treatment",2019-06-04,10,12
"w_271450","control",2022-10-29,12,11
"w_532777","control",2024-10-11,3,4
"w_649802","control",2022-09-09,0,9
"w_512346","control",2025-11-21,1,9
"w_964673","treatment",2019-07-20,1,10
"w_347692","treatment",2019-05-04,4,8
"w_630870","control",2020-10-08,0,6
"w_197285","control",2022-05-21,0,14
"w_281955","control",2020-11-15,0,5
"w_509373","control",2022-08-01,2,8
"w_409295","treatment",2020-09-03,0,12
"w_371812","control",2023-01-05,50,2
"w_247800","treatment",2019-11-06,18,9
"w_961014","treatment",2023-06-18,3,10
"w_409217","treatment",2023-06-27,0,13
"w_907944","control",2023-01-17,1,8
"w_320552","treatment",2025-03-01,0,9
"w_711930","treatment",2019-11-17,0,12
"w_264835","control",2026-02-26,0,10
"w_731990","treatment",2023-10-23,0,8
"w_864522","treatment",2024-07-06,0,6
"w_231479","treatment",2023-03-13,17,9
"w_487690","treatment",2020-02-15,0,13
"w_223295","treatment",2020-09-23,0,10
"w_229717","treatment",2023-02-27,1,10
"w_523531","treatment",2019-03-26,4,16
"w_807600","treatment",2019-04-11,4,11
"w_856600","treatment",2022-07-29,0,15
"w_343212","treatment",2020-08-17,1,9
"w_454727","control",2025-03-30,0,16
"w_986747","treatment",2025-01-12,4,10
"w_717013","control",2022-08-14,0,11
"w_969957","control",2020-04-25,0,11
"w_366248","treatment",2021-09-27,0,12
"w_186505","treatment",2018-07-31,0,11
"w_698472","control",2024-10-28,0,15
"w_753534","control",2018-07-05,0,16
"w_502293","control",2022-10-10,9,8
"w_329808","control",2022-09-03,6,9
"w_243736","control",2025-03-08,0,6
"w_993462","treatment",2022-11-28,0,9
"w_828102","treatment",2026-03-21,0,13
"w_740819","treatment",2024-03-06,0,14
"w_434948","treatment",2026-05-18,0,7
"w_850401","treatment",2019-10-08,0,9
"w_993963","control",2022-08-05,2,7
"w_774796","control",2018-10-29,0,8
"w_825652","control",2023-01-08,0,11
"w_553548","treatment",2021-05-13,0,8
"w_695957","treatment",2026-02-08,1,4
"w_821606","treatment",2020-12-13,0,6
"w_643077","treatment",2026-06-29,0,6
"w_229844","treatment",2023-11-30,0,10
"w_927058","treatment",2024-09-01,0,9
"w_903019","control",2018-08-23,4,9
"w_531114","treatment",2021-05-08,12,13
"w_401409","control",2018-08-10,0,8
"w_223206","control",2022-04-05,0,9
"w_301262","control",2026-03-08,16,8
"w_822756","treatment",2019-12-22,1,10
"w_217607","treatment",2022-05-17,0,12
"w_594331","treatment",2024-12-27,0,10
"w_327798","treatment",2024-03-07,4,8
"w_799821","control",2023-01-15,8,11
"w_948622","control",2022-09-13,0,9
"w_473673","control",2023-12-04,2,12
"w_261227","treatment",2024-07-19,0,8
"w_133815","control",2023-01-09,1,13
"w_337717","treatment",2022-11-30,15,7
"w_996621","control",2018-07-15,0,8
"w_571057","treatment",2025-12-04,0,5
"w_822478","treatment",2019-01-21,0,9
"w_552985","treatment",2024-03-08,30,17
"w_883380","control",2025-06-13,0,9
"w_223362","control",2019-07-25,0,7
"w_700073","treatment",2023-06-05,0,11
"w_190315","treatment",2021-11-02,3,7
"w_382423","control",2025-04-21,4,12
"w_659942","control",2025-02-25,4,10
"w_996606","control",2022-08-01,0,6
"w_203068","treatment",2024-03-19,0,14
"w_511815","control",2023-09-14,37,11
"w_551651","control",2020-12-23,13,3
"w_303226","control",2026-01-18,12,6
"w_193879","treatment",2025-03-27,0,8
"w_937425","treatment",2021-12-22,0,11
"w_449736","treatment",2024-07-21,0,6
"w_611545","treatment",2026-03-13,19,9
"w_607964","control",2019-08-14,4,16
"w_301776","control",2023-10-03,0,8
"w_780308","control",2023-09-23,0,14
"w_482311","treatment",2024-05-30,0,9
"w_794961","treatment",2023-09-28,0,10
"w_273814","treatment",2024-12-04,0,12
"w_292884","treatment",2021-03-24,0,11
"w_524288","treatment",2020-12-09,0,9
"w_438723","treatment",2021-10-17,10,6
"w_621276","treatment",2020-10-25,19,11
"w_680209","treatment",2020-02-02,36,9
"w_521028","treatment",2021-10-10,8,12
"w_345292","control",2022-06-27,0,13
"w_867624","control",2023-03-19,9,15
"w_841141","treatment",2020-11-14,0,10
"w_409896","treatment",2024-07-26,0,10
"w_511772","treatment",2024-06-15,3,12
"w_339727","treatment",2023-08-03,1,12
"w_129637","control",2018-08-18,4,7
"w_724155","control",2026-02-14,0,13
"w_635990","treatment",2020-01-30,0,12
"w_843432","control",2022-10-12,1,11
"w_392721","treatment",2020-05-30,0,10
"w_944773","treatment",2020-08-13,3,8
"w_586745","control",2019-06-17,0,9
"w_578832","treatment",2019-07-08,50,11
"w_857000","control",2025-11-11,4,8
"w_172297","treatment",2025-05-06,16,10
"w_233804","control",2026-03-17,0,9
"w_221182","treatment",2020-10-28,0,2
"w_942820","control",2026-01-18,3,11
"w_126006","control",2023-02-28,5,13
"w_745495","control",2020-10-05,0,11
"w_593099","control",2024-04-07,1,9
"w_171187","treatment",2023-10-30,28,12
"w_684844","treatment",2025-09-18,0,5
"w_610316","treatment",2022-04-26,4,8
"w_983256","control",2022-07-25,0,7
"w_552712","control",2024-01-26,3,10
"w_780369","control",2023-03-23,2,8
"w_881149","treatment",2024-01-29,0,6
"w_523070","control",2025-10-11,1,11
"w_900572","treatment",2022-06-22,19,8
"w_758445","control",2021-01-15,7,8
"w_272854","control",2024-09-23,0,19
"w_643088","control",2025-04-17,2,7
"w_383563","treatment",2023-06-25,0,10
"w_336018","control",2024-05-22,0,7
"w_713328","treatment",2022-10-18,0,11
"w_765684","treatment",2022-10-04,0,8
"w_947106","treatment",2020-10-04,12,11
"w_257228","treatment",2024-03-02,2,13
"w_997404","treatment",2024-10-28,0,14
"w_624302","treatment",2018-11-16,0,15
"w_217855","treatment",2019-08-09,15,11
"w_508115","control",2021-08-14,4,8
"w_931489","control",2022-10-06,19,7
"w_791666","control",2023-05-27,1,8
"w_355958","treatment",2026-04-27,157,9
"w_913557","control",2020-09-20,0,9
"w_614096","treatment",2024-10-18,1,7
"w_873758","treatment",2025-11-06,0,9
"w_842876","treatment",2026-07-06,45,11
"w_265036","treatment",2021-02-13,6,17
"w_583330","control",2024-06-06,0,11
"w_454324","treatment",2025-12-19,55,14
"w_496233","treatment",2026-07-11,0,11
"w_844292","treatment",2023-07-24,0,8
"w_675038","treatment",2025-05-28,1,12
"w_550896","control",2025-06-11,0,4
"w_636366","treatment",2023-12-21,6,14
"w_759766","control",2026-02-05,8,11
"w_918607","control",2024-02-27,0,10
"w_589924","treatment",2019-10-13,14,10
"w_458484","control",2023-04-12,0,10
"w_519372","treatment",2021-02-27,0,4
"w_701946","treatment",2023-06-27,0,9
"w_557766","treatment",2026-02-24,4,7
"w_338179","treatment",2024-01-12,0,6
"w_727455","control",2022-12-23,0,9
"w_173832","control",2020-07-31,8,16
"w_503015","treatment",2021-07-08,0,8
"w_362445","treatment",2020-06-03,0,7
"w_481303","control",2022-07-06,1,12
"w_689174","treatment",2024-09-30,0,10
"w_744802","treatment",2025-04-30,0,12
"w_824293","treatment",2020-11-09,0,13
"w_256809","control",2025-06-20,2,14
"w_269653","control",2026-05-17,3,12
"w_533027","control",2020-12-13,0,12
"w_565788","treatment",2018-09-17,0,11
"w_369825","control",2025-01-17,3,5
"w_887541","treatment",2024-01-17,0,8
"w_831262","control",2024-10-14,0,11
"w_375764","treatment",2021-08-23,1,7
"w_594250","control",2018-09-19,0,9
"w_211040","control",2025-03-01,44,7
"w_666628","treatment",2020-01-17,0,11
"w_283919","treatment",2025-09-13,25,8
"w_707451","control",2021-12-06,0,13
"w_909110","treatment",2021-04-12,4,16
"w_661876","treatment",2025-05-01,4,10
"w_236819","treatment",2023-08-07,1,9
"w_115004","control",2024-10-16,4,11
"w_532405","treatment",2022-05-14,0,12
"w_834113","treatment",2025-05-14,1,11
"w_376395","control",2024-08-21,1,7
"w_946591","control",2024-04-21,0,6
"w_633943","treatment",2023-08-10,0,13
"w_271417","control",2020-10-06,3,7
"w_616380","treatment",2025-05-27,0,7
"w_823771","treatment",2018-07-19,1,10
"w_578247","control",2021-08-28,34,7
"w_849566","control",2026-02-21,1,16
"w_799303","control",2021-06-12,0,15
"w_679578","control",2025-06-28,3,8
"w_613658","treatment",2023-12-19,1,11
"w_741279","treatment",2026-04-19,0,7
"w_863211","treatment",2020-08-24,0,11
"w_725811","control",2023-04-07,0,8
"w_788895","control",2025-09-12,0,9
"w_915353","treatment",2023-05-15,1,8
"w_269058","control",2020-11-12,0,9
"w_409620","treatment",2022-10-05,15,14
"w_795846","treatment",2018-10-14,15,14
"w_818676","treatment",2025-10-14,0,10
"w_829168","control",2019-12-13,0,10
"w_374265","control",2023-03-23,15,11
"w_399426","treatment",2020-10-25,1,5
"w_535680","control",2026-02-11,0,14
"w_219192","treatment",2023-11-15,0,7
"w_868823","control",2020-09-25,0,9
"w_584197","control",2020-01-06,0,11
"w_143429","control",2023-02-23,0,13
"w_331632","control",2023-01-10,0,4
"w_983826","control",2023-03-16,0,6
"w_263431","treatment",2021-12-07,0,9
"w_789948","treatment",2024-10-25,2,13
"w_892658","control",2019-10-15,8,10
"w_864920","control",2020-07-07,8,10
"w_496809","treatment",2019-07-25,0,10
"w_566552","control",2019-12-06,0,6
"w_176946","treatment",2024-01-20,0,3
"w_490556","treatment",2023-08-02,79,5
"w_208619","control",2018-06-28,3,9
"w_771024","control",2021-05-17,0,9
"w_202007","treatment",2021-11-12,16,12
"w_946324","treatment",2022-10-26,0,13
"w_910942","treatment",2021-07-25,2,13
"w_879421","control",2024-03-25,0,12
"w_705840","control",2020-10-04,0,8
"w_505739","control",2024-03-30,0,4
"w_545882","treatment",2026-06-01,4,7
"w_210631","control",2025-11-18,40,5
"w_219801","control",2022-01-04,2,6
"w_802927","control",2020-02-05,4,14
"w_877254","treatment",2019-11-21,0,9
"w_384391","treatment",2023-05-26,0,9
"w_337866","control",2019-08-13,0,6
"w_863308","control",2024-08-10,3,8
"w_345720","treatment",2021-10-27,16,11
"w_302420","control",2024-08-16,0,8
"w_810174","control",2021-08-11,0,13
"w_569955","control",2022-04-16,0,9
"w_666489","control",2025-04-13,12,10
"w_609812","treatment",2025-05-09,0,13
"w_539577","control",2020-01-14,0,12
"w_820737","treatment",2024-09-02,7,5
"w_933488","control",2024-06-13,2,13
"w_839084","control",2026-07-09,0,6
"w_681142","treatment",2026-01-13,0,9
"w_742626","treatment",2024-11-09,3,14
"w_138462","control",2020-03-08,6,10
"w_604424","treatment",2022-06-26,2,16
"w_328485","treatment",2019-08-17,0,16
"w_385682","treatment",2022-08-31,1,2
"w_539985","treatment",2020-02-02,4,9
"w_482644","treatment",2020-08-25,3,10
"w_140079","control",2022-10-23,2,9
"w_812331","treatment",2019-04-21,0,12
"w_264247","control",2024-08-05,0,13
"w_542527","control",2021-02-11,0,10
"w_240062","control",2019-06-05,64,12
"w_750760","treatment",2022-02-18,0,9
"w_845771","control",2022-03-25,11,10
"w_449325","control",2020-03-23,0,15
"w_989953","treatment",2019-07-11,1,13
"w_746982","control",2023-01-13,0,14
"w_220659","treatment",2025-05-28,14,15
"w_759211","treatment",2020-07-02,2,14
"w_451041","treatment",2023-07-09,0,13
"w_127293","control",2019-08-05,0,8
"w_299950","control",2026-01-06,1,11
"w_681341","control",2024-11-17,0,9
"w_366220","treatment",2025-03-06,0,12
"w_725776","treatment",2023-01-08,0,12
"w_782005","treatment",2020-12-15,1,10
"w_435143","treatment",2024-07-24,28,9
"w_579748","control",2019-08-17,2,12
"w_180311","control",2023-11-03,0,8
"w_475498","treatment",2023-03-29,2,12
"w_832728","treatment",2020-09-16,0,8
"w_811819","treatment",2023-07-12,3,9
"w_510045","control",2018-11-28,0,9
"w_221574","treatment",2018-11-21,0,7
"w_668996","control",2022-01-17,0,7
"w_895237","control",2025-07-19,0,15
"w_321065","control",2020-12-08,0,10
"w_307928","treatment",2019-03-11,0,7
"w_723563","control",2026-01-14,0,16
"w_556047","treatment",2022-11-03,0,10
"w_871098","treatment",2021-01-31,0,13
"w_230399","treatment",2025-06-01,0,10
"w_816644","control",2021-02-25,30,9
"w_599213","control",2024-06-26,0,11
"w_793446","treatment",2021-12-12,0,8
"w_790768","treatment",2025-01-11,3,10
"w_438434","control",2020-03-02,3,10
"w_921060","control",2024-10-10,10,7
"w_395551","treatment",2023-02-11,2,17
"w_640860","control",2023-06-05,0,8
"w_967682","control",2019-08-04,4,7
"w_449477","treatment",2025-02-15,0,7
"w_452441","control",2025-03-29,1,9
"w_205836","control",2026-03-27,1,11
"w_818204","treatment",2018-11-06,0,13
"w_996798","treatment",2022-11-01,0,7
"w_857382","treatment",2020-09-12,2,10
"w_889155","treatment",2024-12-04,0,10
"w_534628","treatment",2024-12-13,4,7
"w_481957","control",2021-06-11,15,10
"w_261915","control",2020-04-17,0,5
"w_486853","treatment",2022-01-22,1,11
"w_703330","control",2022-11-04,0,10
"w_725517","treatment",2023-11-03,4,11
"w_216664","treatment",2025-11-05,0,13
"w_199911","control",2025-09-28,7,11
"w_570166","control",2023-06-05,4,11
"w_472192","treatment",2022-11-29,0,9
"w_988740","control",2020-08-17,0,6
"w_295870","control",2021-04-01,15,7
"w_658492","control",2021-02-17,0,8
"w_467477","control",2022-02-06,58,11
"w_167825","control",2021-08-25,0,5
"w_302186","control",2018-08-29,1,4
"w_809976","treatment",2020-05-22,0,14
"w_868817","treatment",2025-10-23,0,8
"w_345278","control",2020-10-11,1,7
"w_841592","treatment",2019-07-19,0,12
"w_271077","control",2023-01-16,3,9
"w_329240","treatment",2022-06-24,0,17
"w_319007","treatment",2020-05-03,0,9
"w_303595","control",2022-04-28,3,7
"w_299044","control",2020-04-17,0,11
"w_484495","control",2023-06-04,0,8
"w_733319","treatment",2023-09-03,0,8
"w_936380","treatment",2019-05-25,0,9
"w_730261","treatment",2021-02-10,0,7
"w_455608","control",2018-10-24,4,9
"w_635838","treatment",2018-10-25,0,12
"w_660224","control",2020-03-07,3,13
"w_879636","treatment",2021-08-18,0,8
"w_623424","control",2022-05-22,1,14
"w_373468","control",2024-08-11,0,8
"w_896869","treatment",2023-03-05,0,4
"w_665836","control",2023-02-10,20,14
"w_358574","treatment",2020-09-14,0,14
"w_127496","treatment",2022-01-04,0,9
"w_587955","treatment",2026-02-08,6,6
"w_412863","treatment",2022-03-08,0,9
"w_492631","treatment",2024-12-04,1,12
"w_661394","treatment",2025-08-22,12,8
"w_968945","control",2026-05-11,0,14
"w_510729","control",2019-07-14,2,7
"w_962399","treatment",2019-12-29,4,13
"w_466299","control",2020-10-20,0,12
"w_235767","control",2019-08-09,0,11
"w_447667","control",2025-01-07,16,14
"w_319185","treatment",2022-06-07,0,9
"w_105200","control",2023-06-20,0,6
"w_569436","control",2018-10-11,18,11
"w_396440","control",2021-09-10,0,12
"w_119875","treatment",2018-07-01,0,12
"w_892953","control",2022-09-05,0,9
"w_349766","control",2025-01-29,0,11
"w_924483","treatment",2023-11-25,1,15
"w_952511","treatment",2025-08-20,0,10
"w_775323","control",2022-08-28,0,7
"w_518288","control",2024-12-20,0,9
"w_920782","control",2023-01-07,3,7
"w_149520","treatment",2024-05-10,0,10
"w_992038","treatment",2024-12-11,5,12
"w_556001","treatment",2025-12-06,4,8
"w_821560","control",2024-05-08,0,6
"w_592438","treatment",2021-08-12,1,6
"w_718780","control",2021-12-05,17,9
"w_147792","treatment",2025-10-27,10,9
"w_870333","control",2025-03-15,0,10
"w_162472","control",2024-07-10,2,5
"w_327538","control",2025-01-23,0,10
"w_414610","treatment",2023-06-26,0,9
"w_280771","control",2023-03-01,0,17
"w_534218","treatment",2021-11-05,14,11
"w_491791","control",2023-03-07,4,16
"w_316050","treatment",2020-01-22,0,6
"w_335451","treatment",2023-05-10,19,7
"w_429714","control",2022-01-22,0,5
"w_586906","treatment",2022-04-28,2,9
"w_642486","treatment",2026-03-15,0,14
"w_125843","control",2024-08-02,0,12
"w_751293","treatment",2020-10-24,0,7
"w_148195","treatment",2023-06-27,10,6
"w_808461","control",2021-11-13,0,4
"w_302350","treatment",2023-12-26,0,12
"w_126423","control",2023-07-30,3,12
"w_842583","treatment",2020-10-13,4,7
"w_519633","control",2021-05-30,4,15
"w_375755","treatment",2025-09-21,1,9
"w_349133","treatment",2019-06-17,0,12
"w_619791","control",2025-03-13,1,10
"w_939042","treatment",2020-03-25,19,9
"w_111801","control",2022-10-11,17,10
"w_177328","control",2023-03-25,11,8
"w_839064","treatment",2022-01-26,4,10
"w_376872","treatment",2024-01-08,0,15
"w_705437","treatment",2026-02-14,0,12
"w_359533","treatment",2021-11-03,0,11
"w_147600","treatment",2023-11-28,16,7
"w_885802","treatment",2024-03-04,0,11
"w_540199","treatment",2020-01-01,4,5
"w_910156","control",2021-01-22,6,7
"w_770872","treatment",2022-04-14,0,6
"w_381553","treatment",2024-05-09,29,15
"w_465089","control",2022-07-15,6,10
"w_571993","control",2023-07-09,0,12
"w_228084","control",2024-10-31,0,7
"w_705825","control",2020-04-11,0,10
"w_736099","control",2023-08-19,19,7
"w_457808","treatment",2019-10-27,0,8
"w_916412","treatment",2024-07-15,13,11
"w_974099","treatment",2025-12-28,7,11
"w_911175","treatment",2025-08-12,4,11
"w_783359","treatment",2023-08-16,19,12
"w_453047","treatment",2026-01-01,0,13
"w_986114","treatment",2023-06-15,10,13
"w_286647","control",2026-07-16,3,6
"w_219791","treatment",2020-05-26,0,9
"w_553956","treatment",2022-12-05,0,11
"w_496232","control",2024-12-27,0,14
"w_571059","treatment",2023-01-13,0,13
"w_721003","control",2024-09-02,0,7
"w_501090","control",2021-09-09,0,11
"w_143744","control",2019-03-12,0,6
"w_130208","treatment",2018-12-20,4,8
"w_433127","treatment",2025-12-27,3,9
"w_420025","control",2026-06-14,0,11
"w_381258","treatment",2022-06-29,0,9
"w_235236","control",2020-10-22,15,13
"w_266753","control",2019-01-07,0,7
"w_966000","control",2025-07-01,0,13
"w_999424","control",2025-06-15,0,11
"w_808560","control",2025-01-21,0,13
"w_695489","control",2022-04-24,0,11
"w_757859","control",2023-01-24,12,10
"w_416821","control",2025-11-05,0,11
"w_383223","treatment",2021-03-27,21,17
"w_205804","treatment",2023-11-18,0,10
"w_434737","treatment",2021-07-30,0,13
"w_906748","control",2023-10-01,0,13
"w_141698","control",2018-07-31,0,8
"w_465474","treatment",2020-11-12,7,14
"w_495538","control",2026-03-22,1,10
"w_849415","control",2026-04-16,32,14
"w_937344","treatment",2019-12-24,2,12
"w_809536","control",2025-12-03,0,14
"w_257210","treatment",2020-08-17,0,8
"w_290436","treatment",2019-01-16,75,5
"w_605184","control",2020-03-26,0,12
"w_950091","control",2025-07-10,1,5
"w_151572","treatment",2026-03-30,0,8
"w_881937","control",2021-05-12,0,6
"w_234626","treatment",2024-04-18,6,6
"w_696203","control",2020-01-28,0,9
"w_784385","treatment",2019-01-20,0,9
"w_502107","control",2018-07-19,0,14
"w_278709","treatment",2022-12-20,18,9
"w_863426","control",2020-07-20,0,11
"w_892922","control",2022-06-08,0,10
"w_435356","treatment",2026-02-26,1,14
"w_478956","treatment",2024-12-13,11,11
"w_254134","treatment",2023-03-18,4,6
"w_405165","treatment",2020-05-21,8,8
"w_505689","control",2026-05-25,0,16
"w_778813","treatment",2019-10-19,2,8
"w_805046","control",2020-12-13,4,8
"w_233308","treatment",2020-03-05,2,8
"w_427316","treatment",2025-07-08,16,9
"w_116185","control",2021-11-11,3,9
"w_990681","treatment",2018-10-10,5,10
"w_357437","treatment",2019-10-31,0,13
"w_361740","control",2026-06-22,5,14
"w_351690","control",2025-02-26,0,13
"w_465347","control",2018-12-06,0,15
"w_270705","treatment",2024-12-18,0,9
"w_441388","treatment",2024-01-31,0,9
"w_510743","control",2018-09-26,4,12
"w_203212","treatment",2024-06-07,3,10
"w_656595","control",2022-12-21,19,13
"w_794305","treatment",2024-04-27,0,5
"w_445518","treatment",2022-04-19,19,10
"w_267808","treatment",2021-02-21,17,8
"w_772049","control",2022-04-30,0,9
"w_203196","control",2023-03-07,12,11
"w_907960","control",2025-06-19,0,17
"w_125863","treatment",2022-05-10,0,12
"w_580205","control",2025-01-24,0,7
"w_376830","control",2020-05-05,0,9
"w_670500","control",2018-10-27,0,3
"w_933458","control",2022-03-01,0,7
"w_428846","control",2022-01-24,1,9
"w_469589","control",2025-10-20,7,11
"w_989373","treatment",2018-06-20,0,8
"w_103335","treatment",2021-04-14,10,10
"w_259181","treatment",2025-08-04,0,10
"w_796853","treatment",2026-03-13,0,13
"w_603217","control",2023-10-21,12,12
"w_977861","control",2021-07-31,3,10
"w_140364","control",2019-04-13,4,10
"w_229275","control",2022-07-21,18,9
"w_300930","control",2024-08-08,42,12
"w_204938","treatment",2022-11-10,8,8
"w_272075","treatment",2019-09-24,0,7
"w_755863","control",2020-09-15,0,9
"w_710134","treatment",2018-12-14,0,9
"w_918919","treatment",2024-06-18,40,15
"w_461766","control",2020-05-27,0,16
"w_538339","control",2022-04-22,2,13
"w_156375","control",2025-05-19,16,8
"w_130794","control",2021-02-19,0,7
"w_327728","control",2019-09-14,0,14
"w_956816","treatment",2026-02-23,0,1
"w_217886","treatment",2019-03-01,3,6
"w_989857","treatment",2024-12-31,0,11
"w_803743","treatment",2023-06-27,29,7
"w_497731","control",2025-02-11,3,10
"w_183272","control",2024-05-16,0,13
"w_522973","treatment",2020-02-29,0,10
"w_891402","treatment",2018-12-15,0,8
"w_659436","control",2022-10-09,50,11
"w_275199","control",2023-11-05,2,7
"w_307045","treatment",2019-12-19,2,7
"w_185197","treatment",2022-01-15,1,8
"w_729858","control",2021-12-17,0,12
"w_260525","control",2025-02-02,0,11
"w_511291","treatment",2026-06-20,35,3
"w_830722","control",2023-03-05,1,10
"w_387902","treatment",2021-06-07,1,11
"w_315544","control",2020-09-02,0,8
"w_801870","control",2020-09-29,3,14
"w_236898","control",2020-07-20,1,8
"w_202779","control",2020-02-13,4,6
"w_651766","treatment",2018-06-23,0,15
"w_132292","treatment",2019-06-30,0,8
"w_484687","control",2025-07-22,0,10
"w_168469","control",2023-07-25,2,9
"w_882178","treatment",2026-06-15,0,13
"w_558267","control",2022-09-12,15,13
"w_966239","control",2023-03-24,1,9
"w_756104","treatment",2021-01-29,4,5
"w_753382","treatment",2021-08-01,3,5
"w_570308","control",2022-10-19,0,9
"w_743265","control",2019-09-22,0,7
"w_526648","control",2024-06-05,12,10
"w_692628","treatment",2021-08-05,0,8
"w_646198","control",2024-03-23,0,13
"w_638408","control",2024-12-21,0,10
"w_820666","treatment",2025-10-28,2,8
"w_894222","treatment",2020-04-18,1,13
"w_991267","treatment",2026-03-25,0,9
"w_498435","treatment",2018-11-10,58,10
"w_232984","treatment",2026-05-01,0,11
"w_144372","treatment",2018-09-14,1,9
"w_149017","treatment",2018-11-17,60,5
"w_992856","control",2024-11-07,0,10
"w_594544","control",2021-04-02,7,9
"w_769917","treatment",2024-11-10,0,8
"w_978141","treatment",2026-07-19,11,12
"w_502053","treatment",2019-08-16,0,11
"w_806602","treatment",2024-07-08,56,13
"w_688066","control",2021-08-21,0,9
"w_592291","control",2026-07-11,0,6
"w_469379","control",2021-01-09,0,7
"w_554214","treatment",2024-06-13,0,9
"w_381827","control",2020-08-09,0,9
"w_337829","control",2021-04-22,4,11
"w_893904","treatment",2026-01-03,0,17
"w_852416","control",2023-12-15,11,12
"w_417350","treatment",2026-05-27,0,10
"w_981410","control",2022-10-05,3,12
"w_581050","control",2026-04-25,12,14
"w_482604","treatment",2021-05-12,3,7
"w_345171","control",2024-10-14,17,13
"w_798978","treatment",2021-03-30,6,7
"w_226195","treatment",2022-01-09,0,10
"w_734182","control",2018-08-11,0,12
"w_870604","treatment",2020-04-15,0,8
"w_783656","control",2021-03-25,3,10
"w_677845","treatment",2022-02-18,4,14
"w_809904","treatment",2024-02-27,0,7
"w_324592","treatment",2024-12-11,0,9
"w_296038","control",2021-07-15,0,12
"w_292313","control",2025-12-10,4,8
"w_774137","control",2021-08-08,0,9
"w_356260","control",2020-08-31,0,7
"w_819247","treatment",2022-11-02,18,13
"w_288105","control",2026-02-27,4,10
"w_593707","control",2019-08-20,0,7
"w_838873","treatment",2026-04-15,0,12
"w_274074","control",2025-09-18,0,10
"w_823826","treatment",2021-06-23,0,6
"w_529924","control",2021-06-15,3,16
"w_320363","control",2023-04-23,1,5
"w_205676","treatment",2024-02-04,0,11
"w_714371","control",2020-03-03,0,8
"w_683713","control",2021-11-20,0,11
"w_324806","control",2020-07-16,0,14
"w_619834","treatment",2020-09-05,4,15
"w_124138","control",2021-01-11,18,10
"w_357900","treatment",2019-02-07,0,6
"w_454677","control",2021-02-17,15,11
"w_275500","control",2022-12-01,0,5
"w_278074","control",2025-10-10,0,11
"w_949622","control",2020-01-18,18,5
"w_628960","treatment",2019-02-28,0,12
"w_355303","control",2019-01-07,0,9
"w_818521","treatment",2020-01-19,2,6
"w_103713","control",2019-05-15,0,7
"w_179489","treatment",2023-05-27,4,14
"w_695026","treatment",2024-04-10,13,13
"w_305849","control",2020-09-17,0,5
"w_103494","control",2025-04-10,0,5
"w_778313","control",2021-01-01,0,10
"w_219241","control",2024-12-30,16,7
"w_260232","control",2026-03-20,4,7
"w_775750","control",2020-09-19,3,11
"w_349530","control",2022-11-12,40,7
"w_837791","control",2026-06-17,0,6
"w_155565","control",2022-06-23,0,10
"w_433873","control",2025-09-16,3,5
"w_637837","control",2025-02-09,5,12
"w_338408","control",2019-07-17,0,10
"w_700251","treatment",2025-03-13,12,10
"w_745002","control",2021-01-22,19,15
"w_431384","treatment",2026-02-12,10,12
"w_692693","control",2025-01-02,0,7
"w_688184","treatment",2024-05-11,4,8
"w_993169","treatment",2025-08-07,0,4
"w_142044","control",2018-06-17,3,5
"w_170478","treatment",2023-03-13,19,7
"w_599273","treatment",2021-05-11,0,9
"w_212418","treatment",2018-08-01,0,11
"w_308914","control",2021-06-01,0,10
"w_496143","control",2022-09-03,0,10
"w_791798","control",2024-05-02,0,11
"w_453815","treatment",2019-02-05,2,14
"w_542237","control",2018-09-16,4,7
"w_112953","control",2025-03-16,4,11
"w_629698","treatment",2020-02-21,0,9
"w_723425","treatment",2020-06-07,0,11
"w_594293","control",2021-11-12,0,10
"w_189089","treatment",2025-05-13,2,9
"w_366425","control",2023-09-16,2,13
"w_933343","treatment",2022-01-07,3,6
"w_414836","treatment",2019-07-06,0,10
"w_486485","treatment",2020-09-27,0,9
"w_645762","treatment",2022-02-17,2,13
"w_393004","control",2019-09-14,4,9
"w_578820","control",2018-11-15,11,9
"w_517723","control",2025-04-14,3,10
"w_520012","treatment",2025-08-05,0,10
"w_253565","treatment",2021-05-13,0,6
"w_484963","treatment",2025-11-27,2,12
"w_717975","treatment",2023-12-21,2,14
"w_353744","control",2021-05-28,0,11
"w_587747","control",2020-04-02,2,11
"w_275811","treatment",2025-06-05,0,12
"w_371398","treatment",2020-07-25,4,7
"w_596662","treatment",2020-05-21,1,11
"w_982159","control",2020-03-31,0,12
"w_198334","control",2026-02-15,0,8
"w_791365","treatment",2023-03-14,3,13
"w_344168","treatment",2020-11-17,0,7
"w_181697","treatment",2020-04-14,0,5
"w_507269","control",2025-10-11,3,7
"w_325013","control",2019-07-14,1,8
"w_121443","control",2018-12-01,1,17
"w_588407","control",2025-11-05,0,8
"w_601696","control",2022-09-24,4,10
"w_112318","control",2021-05-22,0,16
"w_872084","control",2024-04-25,51,8
"w_909577","treatment",2023-08-19,3,9
"w_112044","treatment",2020-07-19,0,14
"w_797460","treatment",2021-08-12,0,12
"w_930377","treatment",2025-06-19,0,4
"w_454307","treatment",2024-06-19,2,10
"w_536927","treatment",2023-03-04,1,10
"w_117906","control",2019-04-08,0,8
"w_124818","control",2020-11-22,0,13
"w_406362","control",2023-08-16,8,6
"w_482506","treatment",2025-11-25,31,6
"w_476009","control",2020-01-01,3,10
"w_173888","control",2023-01-23,34,15
"w_379172","treatment",2018-07-19,14,10
"w_336073","control",2018-08-07,0,13
"w_395045","treatment",2025-11-21,0,14
"w_318071","treatment",2018-07-03,0,8
"w_603916","control",2018-08-28,0,12
"w_475121","treatment",2020-05-25,1,13
"w_983352","treatment",2019-04-08,0,3
"w_334228","control",2022-02-18,0,13
"w_616639","treatment",2019-02-11,4,8
"w_786449","treatment",2026-03-31,0,15
"w_741753","control",2025-06-23,0,10
"w_290203","control",2020-06-03,8,8
"w_930241","treatment",2023-11-16,4,11
"w_433549","control",2026-01-28,0,11
"w_982226","control",2022-03-04,0,9
"w_218461","control",2018-12-09,6,7
"w_761756","control",2025-11-06,0,11
"w_384175","control",2021-04-19,0,12
"w_862312","treatment",2020-06-22,0,14
"w_691397","treatment",2021-02-08,17,16
"w_657878","treatment",2021-06-05,4,14
"w_115387","control",2024-01-06,0,14
"w_897782","control",2018-12-14,3,9
"w_589225","control",2022-07-20,0,11
"w_327886","control",2023-12-13,0,11
"w_760580","control",2025-02-12,0,11
"w_629421","control",2019-04-16,0,10
"w_907598","treatment",2025-11-23,0,10
"w_138333","control",2022-12-28,13,9
"w_567046","control",2022-05-10,4,10
"w_395569","control",2023-05-23,0,7
"w_864047","control",2020-07-13,1,9
"w_478593","control",2023-05-19,0,10
"w_748999","treatment",2024-10-16,3,8
"w_766738","control",2025-03-14,0,16
"w_729153","control",2019-08-20,0,5
"w_101412","control",2024-02-16,0,12
"w_628288","treatment",2018-11-04,0,9
"w_607993","treatment",2024-01-28,20,9
"w_437338","control",2025-02-17,0,6
"w_560185","control",2019-11-07,0,10
"w_907696","control",2020-10-22,0,13
"w_133425","control",2021-12-22,4,16
"w_949930","treatment",2020-01-26,0,8
"w_202114","treatment",2024-02-09,0,9
"w_692768","treatment",2020-11-30,12,16
"w_262473","treatment",2018-10-05,2,11
"w_124265","treatment",2021-10-31,0,18
"w_711134","treatment",2022-02-04,12,10
"w_579379","control",2024-03-06,2,11
"w_525878","control",2025-06-01,0,10
"w_194855","treatment",2020-08-09,1,8
"w_815877","control",2020-08-27,4,17
"w_767637","control",2023-02-06,18,3
"w_890578","treatment",2020-04-07,14,10
"w_638805","treatment",2022-02-22,0,11
"w_974973","control",2020-02-21,0,10
"w_652615","control",2020-10-29,0,7
"w_609807","treatment",2024-10-09,0,13
"w_471487","control",2018-09-05,0,11
"w_397741","control",2020-02-12,0,5
"w_479058","treatment",2025-12-13,0,15
"w_651928","control",2019-10-07,0,8
"w_767209","control",2021-09-07,23,12
"w_794561","control",2022-12-19,0,8
"w_222347","treatment",2020-11-15,0,16
"w_109342","control",2022-11-05,0,10
"w_653602","treatment",2021-02-02,0,9
"w_984214","treatment",2023-09-12,6,9
"w_876909","treatment",2023-12-25,2,9
"w_208913","control",2023-04-11,2,5
"w_475906","treatment",2025-09-08,3,7
"w_911430","control",2023-09-21,0,11
"w_748748","treatment",2018-08-06,0,8
"w_508714","control",2024-12-10,0,5
"w_227644","control",2026-06-18,0,13
"w_467729","control",2020-12-06,0,9
"w_371208","treatment",2024-08-07,6,13
"w_236011","treatment",2018-07-10,0,7
"w_252081","control",2025-01-01,2,13
"w_115111","control",2021-02-15,0,8
"w_241290","control",2018-06-22,0,9
"w_161763","control",2020-06-30,0,14
"w_239172","treatment",2025-11-10,0,17
"w_782525","treatment",2025-04-09,2,14
"w_944702","control",2020-09-30,0,7
"w_291195","treatment",2023-01-11,0,7
"w_303053","treatment",2025-12-18,0,12
"w_524752","control",2020-12-08,4,10
"w_688964","control",2019-10-09,0,13
"w_239773","control",2018-12-16,0,7
"w_381452","control",2023-06-01,3,10
"w_332871","control",2025-06-24,1,9
"w_878153","control",2021-11-01,0,9
"w_160761","treatment",2021-12-07,0,18
"w_393859","treatment",2026-05-16,1,12
"w_577245","control",2022-07-26,0,10
"w_834447","control",2021-03-09,0,7
"w_252578","treatment",2020-08-07,0,10
"w_488787","treatment",2019-06-22,0,15
"w_492961","treatment",2019-11-21,9,10
"w_317190","control",2019-06-17,21,9
"w_669530","control",2021-06-28,0,13
"w_324528","control",2021-04-23,3,9
"w_214364","treatment",2021-02-27,0,7
"w_767527","treatment",2025-06-08,11,12
"w_950182","control",2024-01-18,0,9
"w_608104","treatment",2021-03-01,0,9
"w_989495","control",2022-11-04,14,12
"w_673764","treatment",2022-04-08,0,12
"w_871815","treatment",2023-07-15,0,7
"w_802644","treatment",2023-09-21,0,11
"w_697661","control",2023-02-18,0,14
"w_877830","treatment",2023-09-28,0,12
"w_470651","control",2023-06-28,0,6
"w_526197","treatment",2026-06-18,16,7
"w_806173","control",2019-06-17,19,12
"w_975211","control",2018-11-26,0,9
"w_881326","treatment",2022-07-11,26,11
"w_519626","treatment",2024-05-17,10,18
"w_194114","treatment",2024-02-05,0,14
"w_718224","control",2019-02-22,35,9
"w_816791","control",2022-12-15,3,9
"w_742500","treatment",2021-07-06,0,10
"w_899680","treatment",2025-11-21,1,7
"w_329194","control",2026-04-09,0,15
"w_499776","treatment",2023-03-10,1,11
"w_932632","control",2021-08-19,2,12
"w_967579","treatment",2026-02-28,2,8
"w_123696","treatment",2020-02-28,33,16
"w_282194","control",2024-07-11,1,7
"w_879112","control",2025-07-21,0,8
"w_208006","control",2019-04-29,3,12
"w_350211","treatment",2020-03-27,2,9
"w_436565","control",2022-09-06,3,15
"w_786343","control",2024-09-30,0,10
"w_650055","control",2020-11-04,8,7
"w_144450","control",2026-05-27,0,8
"w_253622","treatment",2026-03-09,0,7
"w_230295","control",2019-02-15,0,11
"w_981757","control",2021-02-11,11,8
"w_548772","control",2019-06-15,27,6
"w_884067","control",2024-09-12,0,6
"w_857157","control",2024-08-20,0,13
"w_190413","control",2025-06-06,2,10
"w_633131","control",2023-03-07,2,7
"w_231760","treatment",2018-10-11,1,12
"w_801629","treatment",2025-05-31,0,11
"w_352910","control",2021-02-10,4,7
"w_301673","control",2024-02-16,1,14
"w_473445","control",2022-03-13,0,3
"w_872796","treatment",2025-05-03,0,5
"w_415653","control",2026-03-05,0,11
"w_142303","control",2019-12-02,17,11
"w_985916","control",2021-09-17,0,10
"w_201885","control",2022-06-26,0,4
"w_785296","control",2025-05-12,0,9
"w_517536","control",2018-10-12,0,10
"w_121188","treatment",2024-10-09,27,10
"w_646934","control",2021-06-14,30,5
"w_460920","control",2018-08-14,0,11
"w_973457","treatment",2021-10-08,0,11
"w_604874","control",2021-07-21,4,12
"w_313026","control",2025-10-12,0,10
"w_385851","control",2025-07-03,7,9
"w_452053","control",2022-09-25,2,10
"w_116984","treatment",2025-03-11,0,12
"w_559360","control",2023-08-04,0,10
"w_757455","treatment",2021-02-26,0,12
"w_698179","treatment",2024-01-24,17,8
"w_925010","control",2024-04-29,0,9
"w_238760","treatment",2020-05-07,0,5
"w_510507","control",2018-10-01,1,10
"w_247180","control",2024-10-18,0,9
"w_880921","treatment",2026-04-13,5,8
"w_552241","treatment",2019-09-18,5,7
"w_490325","treatment",2023-07-15,0,12
"w_806959","control",2023-05-15,17,18
"w_991796","treatment",2019-10-12,2,7
"w_380659","treatment",2023-04-17,4,10
"w_853791","control",2022-04-13,4,7
"w_949498","control",2023-01-05,0,14
"w_348117","control",2024-11-10,6,12
"w_268863","control",2024-05-30,0,16
"w_116655","control",2022-03-30,9,9
"w_800749","treatment",2022-08-23,0,10
"w_924668","treatment",2021-09-08,6,6
"w_238677","treatment",2021-11-22,0,12
"w_497407","treatment",2019-11-10,0,7
"w_605201","control",2024-04-06,0,12
"w_360663","treatment",2025-08-11,0,8
"w_491695","control",2020-12-31,7,10
"w_921370","control",2024-01-31,1,7
"w_900736","control",2024-11-09,0,17
"w_857080","treatment",2020-09-27,3,7
"w_498862","treatment",2020-08-10,4,8
"w_174979","control",2026-01-14,0,12
"w_518444","treatment",2024-10-12,24,10
"w_581090","treatment",2019-09-04,10,7
"w_389385","control",2025-03-26,3,7
"w_609043","control",2023-09-24,0,9
"w_953339","control",2020-12-13,0,11
"w_990804","treatment",2023-09-24,0,17
"w_390668","treatment",2022-04-16,0,7
"w_798758","treatment",2018-07-16,0,9
"w_893514","treatment",2021-09-27,4,14
"w_329184","treatment",2018-07-06,0,10
"w_667606","control",2025-11-14,0,17
"w_693245","control",2019-03-04,0,13
"w_377705","treatment",2024-03-15,0,11
"w_767175","treatment",2020-11-12,1,8
"w_164470","control",2018-12-19,0,12
"w_882035","treatment",2020-06-15,0,10
"w_515696","control",2019-03-24,1,4
"w_984097","treatment",2023-10-10,0,13
"w_905452","treatment",2019-12-03,1,19
"w_794144","control",2025-05-12,0,12
"w_780754","treatment",2018-12-17,4,10
"w_506505","control",2019-06-26,19,14
"w_738937","treatment",2021-12-18,4,7
"w_762021","treatment",2019-05-01,0,18
"w_647112","control",2020-07-08,0,10
"w_237845","control",2021-05-31,4,13
"w_911024","control",2023-12-01,0,15
"w_428768","control",2021-04-14,3,11
"w_918459","treatment",2024-06-19,14,10
"w_887196","control",2024-10-30,4,13
"w_689087","treatment",2025-01-12,17,8
"w_845350","treatment",2023-01-14,2,10
"w_450965","control",2018-06-02,0,12
"w_897940","treatment",2025-07-30,0,12
"w_522347","control",2020-12-27,3,9
"w_440989","treatment",2022-08-12,0,8
"w_831024","control",2023-11-07,0,9
"w_751888","control",2025-04-29,0,13
"w_380914","treatment",2019-10-26,0,10
"w_902238","control",2022-07-03,2,11
"w_666608","control",2024-03-19,4,9
"w_299828","treatment",2025-10-03,18,10
"w_473205","control",2020-09-27,0,10
"w_582411","control",2022-01-24,0,9
"w_683018","control",2019-10-11,0,7
"w_168598","control",2022-07-24,0,12
"w_312064","control",2023-10-22,2,11
"w_211452","control",2024-01-02,5,13
"w_953409","treatment",2023-09-15,3,6
"w_590837","treatment",2023-03-16,0,7
"w_854130","control",2022-04-29,0,9
"w_724032","control",2024-12-10,0,9
"w_214258","control",2019-11-29,9,13
"w_219305","treatment",2025-06-05,0,9
"w_202405","control",2021-12-08,4,12
"w_241307","control",2024-06-08,0,12
"w_183587","control",2019-10-27,0,10
"w_649455","treatment",2024-12-12,0,4
"w_412895","control",2024-04-08,5,7
"w_166902","control",2021-02-22,0,10
"w_810370","treatment",2021-10-23,4,8
"w_161036","control",2019-05-17,0,8
"w_103084","treatment",2024-03-17,0,10
"w_351011","control",2024-06-13,0,9
"w_122699","treatment",2023-01-04,1,7
"w_154620","treatment",2020-06-02,0,11
"w_545148","control",2022-04-15,0,8
"w_885848","treatment",2025-02-08,2,11
"w_340844","control",2022-02-25,15,6
"w_128254","control",2024-01-02,0,8
"w_378895","control",2025-07-08,0,14
"w_873807","treatment",2021-11-10,0,9
"w_504724","control",2023-05-18,0,5
"w_388992","treatment",2022-02-04,0,9
"w_968494","control",2022-09-14,0,8
"w_791801","treatment",2026-04-03,12,10
"w_142657","treatment",2024-08-09,0,14
"w_199686","treatment",2022-05-05,6,9
"w_118224","treatment",2023-07-28,0,12
"w_270375","control",2022-01-04,0,9
"w_643721","treatment",2025-07-24,0,10
"w_540264","treatment",2019-08-18,0,9
"w_603647","control",2018-08-26,4,14
"w_266083","control",2021-10-03,5,12
"w_329880","control",2018-07-16,3,8
"w_698240","control",2023-11-19,0,11
"w_628729","treatment",2022-10-30,1,12
"w_473100","treatment",2018-07-16,13,17
"w_841598","treatment",2024-08-16,0,9
"w_923844","control",2021-05-11,4,6
"w_646547","control",2023-04-14,0,8
"w_163856","control",2022-07-05,1,13
"w_308833","control",2018-11-22,3,7
"w_983609","control",2021-11-10,7,11
"w_801646","treatment",2021-04-02,1,12
"w_276490","treatment",2021-12-22,0,12
"w_565264","treatment",2024-07-11,0,6
"w_718814","treatment",2023-02-15,10,11
"w_839677","control",2019-12-31,2,7
"w_753426","control",2026-03-26,0,14
"w_848623","treatment",2026-06-11,5,6
"w_576268","control",2026-03-02,0,6
"w_520250","treatment",2019-08-03,2,11
"w_380193","control",2022-05-27,0,11
"w_626740","treatment",2021-08-03,1,6
"w_267416","treatment",2025-11-02,0,14
"w_444076","treatment",2024-03-21,0,10
"w_882391","treatment",2023-12-12,0,11
"w_111653","control",2023-02-26,1,11
"w_503404","treatment",2021-01-02,0,12
"w_207491","control",2023-02-05,0,15
"w_981603","treatment",2020-02-04,4,13
"w_787057","treatment",2026-05-02,13,7
"w_684180","control",2026-02-06,0,8
"w_704530","control",2025-11-16,0,9
"w_844928","control",2022-11-23,5,12
"w_838860","treatment",2020-02-11,0,11
"w_396848","control",2019-06-07,0,9
"w_243025","control",2021-01-13,4,10
"w_507154","treatment",2022-12-19,0,10
"w_626836","treatment",2018-12-27,0,10
"w_140979","treatment",2021-12-14,0,12
"w_825359","treatment",2025-08-16,5,4
"w_483234","treatment",2021-06-02,0,11
"w_844512","control",2023-05-10,0,11
"w_752473","control",2021-10-09,0,11
"w_784294","control",2025-03-17,0,7
"w_333857","treatment",2025-08-13,0,11
"w_913702","treatment",2025-11-16,25,14
"w_453088","treatment",2026-01-03,0,10
"w_843750","treatment",2023-06-02,17,11
"w_614137","control",2024-07-12,0,6
"w_448078","treatment",2021-10-12,4,12
"w_866760","treatment",2020-10-03,2,15
"w_976293","treatment",2019-03-29,0,8
"w_507122","control",2021-04-26,0,8
"w_604153","treatment",2020-02-24,2,12
"w_807084","treatment",2023-11-09,0,12
"w_530909","treatment",2025-05-12,1,12
"w_336548","treatment",2019-01-06,0,7
"w_969809","control",2024-10-19,0,9
"w_159764","treatment",2023-07-21,0,10
"w_134117","treatment",2019-10-12,0,4
"w_100852","treatment",2019-12-29,0,12
"w_615795","treatment",2021-02-19,0,9
"w_674467","control",2026-02-23,0,9
"w_553222","treatment",2025-11-06,0,9
"w_371065","control",2025-02-27,8,9
"w_606419","treatment",2023-11-03,0,11
"w_907979","control",2023-05-10,2,15
"w_659632","treatment",2019-12-17,10,10
"w_266655","treatment",2025-08-17,0,11
"w_239497","treatment",2023-07-20,3,7
"w_872211","treatment",2018-11-15,6,9
"w_620194","control",2025-09-07,2,7
"w_983701","control",2021-02-26,7,7
"w_510660","control",2023-11-22,0,11
"w_253841","control",2024-12-19,0,8
"w_498123","control",2023-07-14,0,6
"w_785405","treatment",2023-02-20,0,9
"w_572148","control",2023-08-31,0,9
"w_264815","treatment",2024-05-23,0,12
"w_454987","control",2020-10-11,11,5
"w_411299","control",2021-04-23,0,12
"w_440869","treatment",2019-03-08,0,11
"w_708681","treatment",2020-02-13,0,8
"w_413248","treatment",2022-07-22,0,11
"w_753459","control",2019-11-02,16,13
"w_249786","control",2020-08-14,142,6
"w_521723","treatment",2026-01-08,26,13
"w_475057","control",2019-04-19,0,15
"w_435676","treatment",2022-12-14,0,5
"w_844460","control",2019-08-29,13,14
"w_816434","treatment",2018-11-08,0,10
"w_219476","control",2018-10-29,3,7
"w_656945","treatment",2024-10-01,8,14
"w_797860","control",2026-03-01,3,10
"w_644635","control",2020-01-30,0,8
"w_881320","treatment",2025-12-01,13,6
"w_424671","treatment",2023-01-19,0,14
"w_220203","treatment",2018-07-19,2,8
"w_669605","control",2023-06-15,1,12
"w_587553","treatment",2021-12-07,9,11
"w_688239","treatment",2024-07-10,9,9
"w_763998","treatment",2021-11-19,0,7
"w_569653","treatment",2026-03-08,19,12
"w_358758","treatment",2020-03-21,3,7
"w_296612","treatment",2023-06-14,0,10
"w_188109","control",2020-08-15,2,6
"w_545213","treatment",2019-01-30,2,13
"w_976762","control",2023-09-21,5,17
"w_299561","control",2023-03-25,0,10
"w_210085","control",2023-03-27,3,10
"w_456841","control",2023-10-25,3,5
"w_171527","treatment",2020-06-18,0,6
"w_337878","control",2025-02-26,0,7
"w_818949","treatment",2020-06-01,0,10
"w_212283","control",2020-05-25,11,8
"w_269172","control",2018-07-08,0,9
"w_618688","treatment",2022-09-18,0,8
"w_510934","control",2023-10-18,0,8
"w_912318","treatment",2022-12-31,2,13
"w_995415","treatment",2020-09-19,0,15
"w_186822","control",2021-08-14,0,12
"w_580581","control",2026-04-27,0,5
"w_129403","treatment",2024-05-16,0,10
"w_422254","treatment",2021-08-29,0,16
"w_416884","treatment",2024-07-04,0,12
"w_575342","control",2026-01-21,3,11
"w_534207","treatment",2024-06-27,10,13
"w_512076","control",2019-03-06,0,10
"w_593824","control",2024-09-25,2,11
"w_522126","treatment",2021-10-27,0,9
"w_986017","control",2024-07-21,2,4
"w_993220","control",2026-06-08,0,10
"w_108870","control",2021-05-25,49,13
"w_964812","control",2022-12-27,0,7
"w_252722","treatment",2022-12-20,3,9
"w_315038","control",2018-07-13,2,6
"w_700487","treatment",2026-05-07,6,9
"w_673397","treatment",2022-12-13,3,14
"w_738590","treatment",2021-05-27,0,5
"w_262120","treatment",2025-03-22,4,13
"w_575214","control",2024-08-10,0,6
"w_373304","control",2025-03-09,0,11
"w_902695","control",2018-06-22,0,13
"w_215847","treatment",2024-07-17,0,14
"w_140672","treatment",2021-05-11,0,7
"w_557457","treatment",2019-12-27,12,8
"w_495957","control",2023-09-07,0,8
"w_970395","treatment",2023-02-18,2,8
"w_449297","control",2022-01-25,0,11
"w_637510","treatment",2022-10-26,0,12
"w_705082","treatment",2019-07-23,0,14
"w_582858","control",2024-08-04,0,21
"w_126551","treatment",2023-10-18,1,8
"w_616968","control",2021-06-30,4,11
"w_580391","control",2021-07-06,14,6
"w_225045","treatment",2018-08-21,10,13
"w_815758","control",2021-10-16,0,6
"w_684547","control",2024-08-13,9,15
"w_719525","control",2018-09-29,19,9
"w_449802","treatment",2026-06-25,2,5
"w_531228","treatment",2019-10-10,0,13
"w_648688","treatment",2020-04-29,7,9
"w_534457","control",2018-06-01,0,15
"w_442110","treatment",2025-07-28,0,8
"w_841384","control",2025-12-27,2,11
"w_445020","treatment",2020-05-28,0,10
"w_624098","treatment",2026-01-16,0,5
"w_671553","control",2024-10-18,0,14
"w_920278","treatment",2025-10-09,0,14
"w_338778","control",2021-11-07,0,10
"w_606715","control",2022-05-03,0,6
"w_722500","control",2024-05-10,1,7
"w_447248","treatment",2023-12-31,1,14
"w_887247","control",2023-11-15,3,9
"w_198006","control",2020-12-11,0,10
"w_177040","treatment",2023-01-06,2,7
"w_542546","treatment",2026-06-16,6,13
"w_555750","control",2026-03-07,9,9
"w_467185","treatment",2026-02-22,0,9
"w_883703","control",2026-02-25,0,6
"w_205497","treatment",2023-01-28,29,6
"w_229822","treatment",2021-06-17,2,13
"w_573573","control",2024-02-18,0,19
"w_429283","treatment",2024-06-25,2,8
"w_212738","control",2021-05-19,2,9
"w_104718","control",2020-11-21,6,8
"w_413314","control",2018-09-06,4,6
"w_331019","treatment",2023-06-30,0,12
"w_976646","treatment",2022-09-08,0,11
"w_503153","control",2018-11-25,0,9
"w_690797","treatment",2025-10-26,0,9
"w_443928","control",2025-11-14,3,8
"w_650489","control",2023-03-23,0,9
"w_773078","treatment",2018-10-09,0,15
"w_393860","treatment",2024-01-11,0,7
"w_262593","treatment",2025-08-26,43,12
"w_389474","treatment",2018-09-25,0,6
"w_749349","control",2021-04-14,4,12
"w_295451","control",2025-03-21,0,10
"w_661389","treatment",2019-11-27,0,12
"w_755278","control",2018-10-29,3,5
"w_138057","treatment",2024-09-23,0,9
"w_330714","treatment",2018-06-06,30,8
"w_915673","control",2025-03-05,0,11
"w_462692","treatment",2020-07-14,0,12
"w_908097","treatment",2020-07-26,0,20
"w_651168","treatment",2024-02-20,2,7
"w_247808","control",2020-04-25,2,12
"w_890412","treatment",2020-03-21,3,15
"w_496427","treatment",2019-08-07,2,11
"w_666829","control",2024-06-25,0,12
"w_630724","control",2021-10-04,0,8
"w_629540","control",2022-07-16,0,12
"w_488025","treatment",2021-04-27,18,7
"w_261955","treatment",2020-07-25,0,13
"w_370896","control",2021-04-24,11,10
"w_598349","treatment",2021-04-22,24,15
"w_789158","treatment",2023-02-07,10,10
"w_183065","treatment",2024-01-03,0,12
"w_434544","control",2022-03-07,0,7
"w_356088","control",2025-03-14,0,10
"w_685317","treatment",2019-09-27,3,10
"w_440615","treatment",2023-02-14,0,10
"w_122583","control",2019-04-19,0,9
"w_900110","control",2021-02-05,0,13
"w_371152","control",2020-04-10,0,9
"w_854353","control",2024-08-20,0,6
"w_409089","control",2025-09-21,0,6
"w_680083","treatment",2018-09-17,0,16
"w_643171","treatment",2018-06-29,38,8
"w_572995","treatment",2025-06-09,1,11
"w_828577","control",2020-11-22,0,11
"w_529886","treatment",2020-01-18,0,4
"w_501091","treatment",2022-12-21,0,8
"w_344321","control",2020-09-01,0,13
"w_293677","treatment",2021-08-22,0,4
"w_948778","control",2024-10-08,0,12
"w_243565","treatment",2021-01-24,0,9
"w_276623","treatment",2024-03-15,0,16
"w_547378","control",2019-08-08,28,9
"w_500558","treatment",2022-06-06,27,10
"w_704304","control",2023-04-27,0,11
"w_266213","control",2020-06-30,0,6
"w_928708","treatment",2024-01-07,0,9
"w_257049","treatment",2025-12-18,3,8
"w_232870","treatment",2020-03-21,0,8
"w_595503","control",2026-05-04,12,11
"w_976334","treatment",2024-10-06,4,12
"w_261972","treatment",2024-08-08,0,13
"w_114410","treatment",2021-01-28,38,9
"w_148967","control",2019-12-11,0,8
"w_834596","control",2019-06-21,0,12
"w_854507","treatment",2025-03-14,1,13
"w_316299","treatment",2019-07-06,4,16
"w_301766","treatment",2023-09-26,2,7
"w_786316","treatment",2024-11-02,0,10
"w_413227","treatment",2025-05-27,27,10
"w_457159","treatment",2024-11-03,0,8
"w_957186","control",2025-02-11,0,9
"w_409536","treatment",2020-12-30,0,9
"w_293719","control",2025-02-23,17,14
"w_493111","treatment",2020-08-07,0,5
"w_914029","control",2021-02-22,0,11
"w_727219","control",2022-09-12,2,14
"w_831783","treatment",2023-02-10,0,10
"w_866118","treatment",2020-12-31,0,16
"w_306812","control",2023-05-11,2,14
"w_906889","control",2021-01-25,0,5
"w_226479","treatment",2019-05-30,58,11
"w_427706","treatment",2023-08-11,1,8
"w_203924","control",2019-05-15,0,4
"w_422236","treatment",2025-11-15,29,11
"w_515798","control",2025-12-16,18,13
"w_473173","control",2021-05-24,4,4
"w_405879","treatment",2023-04-01,0,18
"w_689972","control",2023-11-23,70,14
"w_155685","control",2025-10-24,33,11
"w_960292","control",2026-02-11,13,8
"w_971341","control",2022-12-22,0,9
"w_430930","treatment",2025-09-17,0,10
"w_170935","treatment",2024-07-29,0,7
"w_131212","treatment",2024-10-25,0,6
"w_529206","control",2018-07-21,0,4
"w_171815","treatment",2025-08-02,0,8
"w_112903","treatment",2022-04-22,1,11
"w_373400","treatment",2019-10-25,10,9
"w_891883","treatment",2021-06-21,9,13
"w_837942","control",2020-08-27,0,14
"w_906218","control",2020-11-29,0,6
"w_720081","control",2023-01-05,0,12
"w_713862","treatment",2026-06-01,0,7
"w_322121","treatment",2022-10-01,0,10
"w_953076","control",2018-11-17,6,13
"w_178645","treatment",2022-05-12,1,12
"w_404599","control",2022-10-27,2,9
"w_881365","control",2022-03-14,0,6
"w_787452","treatment",2020-08-18,16,9
"w_707455","control",2024-04-22,44,8
"w_728306","treatment",2023-05-11,5,9
"w_112228","treatment",2026-02-27,2,6
"w_615472","control",2019-10-30,0,11
"w_230444","treatment",2018-08-07,0,11
"w_942452","control",2019-03-24,25,6
"w_584752","control",2023-06-18,0,12
"w_275726","control",2025-04-16,0,11
"w_970199","treatment",2021-04-25,0,11
"w_407833","control",2026-03-27,0,9
"w_115651","treatment",2022-02-10,0,13
"w_252671","control",2024-02-23,0,11
"w_666563","control",2019-09-17,0,13
"w_665865","treatment",2024-12-05,0,8
"w_357646","treatment",2019-11-28,4,11
"w_701184","treatment",2024-03-15,1,15
"w_186393","control",2024-03-28,3,19
"w_544355","control",2018-09-20,0,9
"w_669395","control",2019-03-01,0,12
"w_444227","control",2021-09-05,2,12
"w_519882","treatment",2019-11-03,2,8
"w_133336","treatment",2022-06-12,0,10
"w_893510","control",2023-08-03,17,12
"w_963668","treatment",2024-03-20,5,7
"w_113795","treatment",2018-06-22,2,9
"w_673637","treatment",2024-04-20,0,11
"w_635744","control",2024-01-30,19,9
"w_753566","control",2020-09-11,0,12
"w_936666","control",2021-03-20,1,12
"w_124344","treatment",2019-04-06,0,13
"w_176958","treatment",2021-04-16,0,14
"w_825410","control",2022-04-08,0,15
"w_216146","treatment",2022-12-18,3,9
"w_320625","control",2023-01-24,20,15
"w_233763","treatment",2020-12-04,0,4
"w_614629","control",2025-11-14,0,10
"w_495019","treatment",2024-10-09,4,11
"w_111985","control",2018-10-10,0,11
"w_680834","treatment",2023-02-02,0,5
"w_102844","treatment",2023-02-07,0,7
"w_369131","control",2022-12-03,1,9
"w_179368","control",2018-12-11,5,8
"w_856859","treatment",2024-06-12,0,9
"w_748046","treatment",2020-08-20,1,7
"w_990044","treatment",2024-03-23,0,9
"w_229445","control",2021-02-17,4,12
"w_391393","control",2019-09-15,0,7
"w_504617","treatment",2022-05-13,3,11
"w_840010","treatment",2019-10-29,0,10
"w_911710","treatment",2024-10-23,0,10
"w_732485","treatment",2019-03-23,12,12
"w_607477","control",2023-05-22,14,11
"w_996999","control",2025-05-13,0,6
"w_906817","treatment",2023-08-17,0,5
"w_755159","treatment",2023-08-24,3,12
"w_897032","control",2022-04-14,0,12
"w_784082","control",2025-03-18,4,11
"w_789188","control",2026-07-12,0,10
"w_227042","treatment",2024-01-18,4,9
"w_498534","treatment",2024-08-23,0,14
"w_246863","control",2023-10-21,0,10
"w_775505","treatment",2020-06-11,0,13
"w_278752","control",2025-03-11,0,13
"w_821469","control",2020-04-04,14,7
"w_684763","treatment",2022-11-21,0,12
"w_249144","treatment",2022-08-09,11,11
"w_110303","treatment",2023-03-24,4,8
"w_177563","treatment",2026-05-07,2,4
"w_764647","control",2020-06-20,0,6
"w_824139","control",2023-08-13,0,9
"w_197570","treatment",2025-03-21,10,8
"w_333760","control",2021-10-06,4,15
"w_104147","treatment",2025-09-23,0,9
"w_515594","treatment",2022-09-02,3,8
"w_550993","treatment",2020-11-24,1,5
"w_661773","treatment",2019-05-09,2,5
"w_528590","control",2020-05-17,44,10
"w_666458","control",2022-09-10,0,14
"w_989219","control",2019-01-07,9,8
"w_105043","control",2022-12-18,0,6
"w_798508","treatment",2019-08-19,0,14
"w_598701","treatment",2018-12-20,0,6
"w_205030","control",2022-09-20,3,11
"w_526852","control",2024-07-07,0,11
"w_855203","control",2025-07-31,0,6
"w_113060","control",2021-12-19,1,11
"w_811755","control",2023-05-18,0,8
"w_580965","treatment",2023-04-03,3,9
"w_143551","control",2026-07-07,3,16
"w_692695","treatment",2018-06-22,0,10
"w_914839","treatment",2025-06-13,10,7
"w_719798","control",2020-04-22,1,7
"w_832438","treatment",2023-08-24,8,7
"w_499029","control",2018-11-29,44,14
"w_355267","control",2025-06-02,2,8
"w_458667","control",2019-12-19,0,6
"w_111972","control",2022-02-01,3,10
"w_662754","treatment",2025-04-03,4,5
"w_138977","control",2022-06-17,0,15
"w_635010","treatment",2026-04-16,9,6
"w_156952","treatment",2023-07-04,9,6
"w_885606","treatment",2022-06-27,2,8
"w_775007","control",2024-10-03,0,17
"w_671160","treatment",2024-09-29,3,10
"w_767169","control",2024-12-17,11,10
"w_615249","control",2023-01-30,1,12
"w_505767","control",2022-01-31,0,14
"w_774721","treatment",2021-01-26,2,4
"w_396863","treatment",2023-08-11,0,10
"w_478892","treatment",2025-06-26,0,13
"w_516872","treatment",2025-08-09,14,11
"w_392285","control",2022-03-21,3,11
"w_692305","control",2020-02-24,16,8
"w_587229","treatment",2020-12-14,23,11
"w_730576","treatment",2019-04-24,8,10
"w_860699","treatment",2022-11-25,17,6
"w_460957","treatment",2022-01-01,4,11
"w_723829","control",2019-12-09,0,13
"w_762402","treatment",2024-08-06,3,12
"w_529166","control",2020-07-18,21,14
"w_167672","control",2024-09-28,0,15
"w_114720","control",2019-04-29,19,11
"w_618760","control",2025-09-06,2,11
"w_801799","treatment",2022-11-11,21,6
"w_323406","control",2023-08-31,0,10
"w_876196","control",2020-09-16,0,6
"w_178339","control",2018-06-02,0,10
"w_349277","control",2022-02-27,0,9
"w_883896","control",2021-12-24,2,13
"w_287350","treatment",2022-12-12,4,7
"w_894876","treatment",2024-12-06,0,13
"w_185813","treatment",2021-12-27,0,9
"w_776805","treatment",2025-08-08,0,9
"w_959896","control",2025-09-03,0,5
"w_504250","treatment",2019-12-18,2,16
"w_792663","control",2020-03-07,2,10
"w_907789","control",2025-11-22,0,12
"w_657728","control",2024-06-07,3,8
"w_530104","treatment",2019-09-25,0,10
"w_620102","treatment",2024-10-18,0,8
"w_526549","treatment",2020-02-01,0,13
"w_689638","treatment",2020-04-29,2,10
"w_938176","treatment",2021-06-11,0,13
"w_983349","control",2018-12-28,0,12
"w_775374","control",2018-12-12,0,8
"w_528197","treatment",2021-06-01,0,11
"w_654566","treatment",2018-08-10,0,11
"w_420399","treatment",2023-10-24,0,6
"w_535731","control",2025-05-07,4,15
"w_965464","treatment",2019-12-28,13,7
"w_257767","treatment",2019-04-12,0,13
"w_937283","control",2022-11-19,120,10
"w_806372","treatment",2025-08-21,0,7
"w_650268","control",2025-08-13,0,10
"w_397924","control",2019-03-02,0,13
"w_500781","treatment",2021-03-20,3,8
"w_332640","control",2021-01-28,0,8
"w_237994","control",2021-05-19,0,15
"w_547159","control",2021-09-04,2,7
"w_420330","control",2019-09-20,0,15
"w_269428","control",2025-02-15,0,9
"w_218732","treatment",2025-03-11,0,9
"w_303275","treatment",2025-07-22,1,8
"w_502726","control",2021-08-31,1,10
"w_893275","control",2019-12-12,0,11
"w_439391","control",2021-01-31,3,13
"w_666576","control",2024-01-29,0,14
"w_344351","treatment",2020-10-22,0,8
"w_548887","control",2021-01-09,0,9
"w_652614","treatment",2025-09-12,0,9
"w_956412","control",2023-06-07,0,8
"w_327877","treatment",2020-04-21,16,8
"w_375916","treatment",2024-03-20,4,7
"w_789241","control",2025-04-07,19,9
"w_319927","control",2025-08-10,2,13
"w_341295","treatment",2020-05-18,9,14
"w_101933","treatment",2018-12-08,0,7
"w_789784","treatment",2020-06-05,4,12
"w_220308","treatment",2023-10-25,19,6
"w_637390","control",2019-01-18,21,15
"w_547416","control",2020-02-25,0,10
"w_897092","control",2019-01-24,0,7
"w_719728","treatment",2019-02-22,0,8
"w_538208","treatment",2023-02-07,2,9
"w_719786","treatment",2021-01-01,3,8
"w_526298","treatment",2024-03-07,13,14
"w_885880","control",2021-04-10,0,14
"w_554802","control",2024-11-01,1,9
"w_280409","control",2020-06-07,4,6
"w_772580","control",2022-05-21,7,10
"w_769283","control",2024-05-18,0,7
"w_732762","control",2020-11-20,0,8
"w_530609","control",2020-01-13,1,13
"w_879195","control",2024-10-01,2,9
"w_872451","treatment",2022-09-21,0,7
"w_116802","treatment",2024-05-20,0,7
"w_420019","control",2024-05-09,4,14
"w_380435","control",2020-07-01,0,5
"w_794234","control",2025-05-14,0,10
"w_867759","treatment",2026-01-12,1,9
"w_227387","treatment",2023-03-15,0,12
"w_528320","control",2026-04-17,0,9
"w_958042","treatment",2022-05-08,4,7
"w_445364","treatment",2024-05-04,0,9
"w_690004","control",2023-06-18,0,12
"w_729891","control",2023-01-10,18,9
"w_867654","control",2023-04-30,2,7
"w_315426","control",2019-11-11,3,12
"w_891523","control",2022-05-02,0,7
"w_630175","control",2021-03-18,2,11
"w_266784","treatment",2021-10-11,4,6
"w_346100","treatment",2023-09-08,0,10
"w_634058","control",2019-07-25,0,10
"w_579936","control",2020-02-14,1,12
"w_329679","treatment",2022-04-30,0,13
"w_651097","treatment",2023-03-23,0,7
"w_656736","treatment",2019-03-17,7,9
"w_195384","control",2026-03-06,5,17
"w_974769","control",2023-01-10,0,5
"w_199369","control",2025-12-23,0,8
"w_534258","control",2020-07-27,0,8
"w_690261","control",2025-02-27,1,9
"w_387785","treatment",2025-12-04,1,11
"w_150124","control",2024-07-27,2,9
"w_659870","treatment",2021-04-20,0,16
"w_111553","treatment",2018-10-06,1,13
"w_165968","treatment",2023-10-22,0,10
"w_315098","treatment",2022-11-17,9,4
"w_285482","control",2025-09-22,0,8
"w_751116","control",2025-01-29,2,10
"w_318896","control",2023-12-09,45,10
"w_387050","treatment",2019-01-08,7,13
"w_931279","treatment",2020-12-20,14,12
"w_629497","control",2023-12-24,0,13
"w_913763","treatment",2025-02-24,2,9
"w_131329","treatment",2026-02-14,28,10
"w_383746","control",2025-07-11,4,11
"w_527615","treatment",2020-05-24,4,13
"w_402923","control",2022-04-08,5,19
"w_563546","control",2020-11-25,0,8
"w_673988","treatment",2020-10-28,1,12
"w_419482","treatment",2023-02-02,13,9
"w_266423","control",2019-10-07,6,15
"w_280963","control",2021-03-25,0,11
"w_587073","control",2023-11-12,0,10
"w_714465","treatment",2021-07-07,0,13
"w_619697","control",2023-07-14,1,11
"w_378939","control",2022-03-08,0,14
"w_874920","treatment",2021-08-27,0,14
"w_553557","treatment",2018-08-21,0,8
"w_368078","treatment",2026-02-23,0,13
"w_361532","treatment",2018-09-04,3,10
"w_432165","control",2022-07-29,0,10
"w_367586","treatment",2025-09-01,0,5
"w_414408","treatment",2018-07-09,4,16
"w_606379","control",2024-07-03,0,9
"w_699607","control",2021-12-08,0,10
"w_254916","control",2023-10-22,1,9
"w_555579","control",2021-04-11,0,11
"w_275141","control",2022-04-26,0,9
"w_539448","treatment",2020-10-29,4,9
"w_947257","treatment",2022-10-22,3,10
"w_203999","control",2021-10-01,5,16
"w_338483","treatment",2021-09-10,0,16
"w_346200","treatment",2020-12-21,0,17
"w_297261","treatment",2019-05-13,13,9
"w_529475","control",2025-08-27,0,9
"w_790814","treatment",2022-12-10,0,12
"w_438827","treatment",2022-06-04,2,5
"w_537799","treatment",2021-10-30,4,5
"w_668046","control",2025-01-03,2,12
"w_394403","control",2019-07-22,14,13
"w_215812","treatment",2026-06-20,2,11
"w_677695","control",2020-04-11,1,12
"w_907276","control",2021-07-02,8,13
"w_911759","control",2023-12-18,4,9
"w_558769","control",2024-04-21,3,9
"w_805243","control",2024-08-25,0,10
"w_693367","treatment",2018-12-25,12,3
"w_374609","control",2019-07-09,0,7
"w_598873","treatment",2025-11-24,4,9
"w_805941","treatment",2019-06-21,0,15
"w_641389","control",2025-06-14,0,11
"w_773354","control",2024-10-16,1,10
"w_444131","treatment",2024-03-26,56,12
"w_405919","control",2018-09-23,0,16
"w_432496","treatment",2022-10-23,3,5
"w_165743","treatment",2025-09-08,0,13
"w_308789","control",2025-05-28,26,13
"w_979656","treatment",2019-02-12,71,11
"w_876149","treatment",2021-03-31,0,8
"w_661367","treatment",2021-04-01,4,9
"w_367877","treatment",2020-11-17,3,10
"w_212200","control",2023-02-23,0,7
"w_812625","control",2023-07-07,0,9
"w_848228","control",2024-08-06,0,8
"w_520903","treatment",2018-06-07,3,10
"w_339944","control",2026-01-02,13,5
"w_291498","control",2024-02-13,0,12
"w_798659","control",2020-06-14,0,9
"w_354832","treatment",2023-01-25,1,8
"w_337599","treatment",2025-04-27,1,10
"w_405636","control",2024-09-16,0,5
"w_950987","treatment",2026-04-20,26,15
"w_296090","treatment",2023-09-10,0,11
"w_336826","control",2021-04-28,5,10
"w_976594","control",2026-01-27,0,9
"w_424292","treatment",2022-09-19,2,13
"w_852774","control",2022-11-26,0,7
"w_247199","control",2019-05-31,0,12
"w_695348","treatment",2025-05-28,2,18
"w_715582","treatment",2023-01-06,24,13
"w_858871","control",2022-05-03,2,10
"w_182554","treatment",2019-08-30,0,11
"w_657979","treatment",2018-10-25,0,12
"w_211859","control",2021-08-15,0,9
"w_555004","treatment",2020-01-13,4,8
"w_931740","control",2020-04-30,23,14
"w_151570","treatment",2023-01-01,1,12
"w_834240","control",2018-06-22,0,11
"w_947305","treatment",2019-08-02,2,5
"w_804063","control",2023-04-01,30,8
"w_257402","treatment",2024-09-19,1,9
"w_166343","treatment",2026-04-15,0,10
"w_226958","treatment",2025-01-12,12,9
"w_635968","treatment",2018-12-15,0,10
"w_843656","control",2022-12-06,1,8
"w_789350","control",2019-01-23,0,9
"w_116980","control",2023-06-17,12,7
"w_384327","control",2023-01-24,0,14
"w_349970","control",2025-09-01,0,9
"w_205240","control",2025-02-27,12,9
"w_159638","control",2018-11-28,1,10
"w_133810","treatment",2023-11-24,2,11
"w_614772","treatment",2025-09-09,18,16
"w_399654","treatment",2021-06-27,2,10
"w_704625","control",2021-06-12,56,8
"w_813507","control",2025-06-26,0,9
"w_335351","treatment",2020-11-01,0,7
"w_282098","treatment",2020-08-07,0,7
"w_724925","treatment",2026-03-06,12,15
"w_372045","treatment",2020-09-26,2,9
"w_953876","treatment",2025-06-09,0,14
"w_801148","control",2024-04-30,17,8
"w_883658","treatment",2019-06-16,4,19
"w_126603","treatment",2023-03-23,19,11
"w_244458","control",2026-04-13,0,13
"w_577361","control",2018-11-06,0,18
"w_478945","control",2022-11-22,0,10
"w_561583","control",2024-04-01,0,14
"w_706325","treatment",2019-11-30,27,6
"w_431458","treatment",2025-04-10,1,8
"w_341802","control",2022-01-29,4,11
"w_804806","treatment",2025-07-20,3,14
"w_687546","control",2022-07-23,0,14
"w_579946","treatment",2019-03-16,40,8
"w_929165","control",2022-06-14,0,5
"w_548867","treatment",2020-10-25,0,11
"w_448538","control",2018-11-08,3,12
"w_426001","control",2025-11-10,0,9
"w_204049","control",2022-07-25,1,13
"w_683260","treatment",2025-03-22,0,8
"w_235636","control",2019-06-18,0,10
"w_506644","control",2021-02-22,0,10
"w_108120","control",2021-09-08,37,7
"w_671323","control",2020-05-27,0,12
"w_617162","control",2019-12-01,1,6
"w_670247","treatment",2019-09-01,13,8
"w_129675","treatment",2021-02-08,0,9
"w_224142","treatment",2023-08-09,0,10
"w_824009","control",2023-05-25,0,17
"w_597930","treatment",2020-09-02,4,12
"w_996301","treatment",2024-01-24,0,10
"w_451069","control",2024-01-24,0,6
"w_516272","control",2021-01-27,0,12
"w_773793","control",2021-12-24,0,14
"w_140694","treatment",2020-10-26,0,12
"w_120050","control",2019-04-15,23,4
"w_780103","treatment",2019-05-23,9,9
"w_115224","treatment",2024-10-27,0,12
"w_666609","treatment",2018-12-30,0,12
"w_333659","control",2024-10-29,0,11
"w_725500","control",2019-07-22,0,8
"w_122601","control",2025-12-06,40,8
"w_112828","control",2021-03-28,0,7
"w_693392","treatment",2024-09-08,0,8
"w_955766","treatment",2024-01-09,0,8
"w_979579","control",2020-04-21,0,12
"w_228171","treatment",2025-06-11,0,9
"w_185392","treatment",2023-10-09,9,13
"w_475620","treatment",2025-04-14,0,11
"w_997015","treatment",2025-08-06,0,12
"w_594673","treatment",2021-07-24,8,10
"w_585979","control",2023-04-06,12,16
"w_312068","control",2022-07-28,46,11
"w_598493","control",2020-10-03,4,7
"w_292256","treatment",2024-10-20,18,7
"w_810272","treatment",2026-03-11,0,6
"w_274813","treatment",2026-02-26,0,8
"w_645401","control",2025-02-16,0,8
"w_895496","control",2025-04-12,0,11
"w_235155","treatment",2020-09-19,3,7
"w_694300","control",2020-12-13,45,7
"w_304558","treatment",2020-10-16,3,10
"w_522206","control",2024-02-21,3,8
"w_170413","control",2022-07-22,0,12
"w_550855","control",2022-04-21,1,12
"w_560531","treatment",2018-09-09,1,6
"w_498407","control",2019-01-19,0,10
"w_399512","treatment",2019-02-24,4,7
"w_441524","treatment",2025-11-03,0,14
"w_716217","control",2024-08-05,0,8
"w_264472","control",2022-02-13,0,9
"w_128125","control",2021-02-15,4,12
"w_103306","control",2020-09-22,3,14
"w_378018","control",2022-06-03,0,9
"w_650856","treatment",2023-03-01,3,15
"w_800559","treatment",2023-10-31,0,12
"w_455545","control",2025-07-21,0,1
"w_196675","treatment",2026-01-31,0,8
"w_126790","treatment",2022-08-17,5,10
"w_479696","treatment",2021-05-18,1,10
"w_683969","treatment",2024-12-10,0,14
"w_302326","treatment",2019-06-06,0,13
"w_288544","treatment",2020-10-11,16,11
"w_950647","control",2025-08-27,0,6
"w_411442","control",2025-05-15,0,13
"w_835616","control",2025-12-06,0,7
"w_112496","control",2022-04-01,0,10
"w_789529","control",2020-01-27,0,10
"w_607318","treatment",2022-11-07,0,8
"w_284254","treatment",2020-05-11,3,14
"w_399282","treatment",2019-11-14,38,9
"w_770963","control",2020-08-08,3,7
"w_169594","control",2022-11-14,18,7
"w_153658","control",2018-06-20,0,16
"w_612831","treatment",2023-09-17,2,11
"w_877397","control",2022-05-29,43,11
"w_331700","treatment",2020-04-17,1,13
"w_933778","treatment",2024-10-11,0,11
"w_376739","treatment",2023-10-25,1,11
"w_288570","treatment",2019-07-07,17,11
"w_645936","treatment",2024-08-16,0,13
"w_858858","treatment",2025-07-27,0,14
"w_543545","treatment",2022-10-06,0,20
"w_330299","control",2021-12-26,4,11
"w_515045","control",2022-02-11,21,8
"w_719536","control",2022-04-22,0,12
"w_936902","treatment",2024-12-24,3,9
"w_407725","treatment",2020-11-01,3,11
"w_369665","treatment",2019-07-05,1,13
"w_389104","control",2019-05-13,19,13
"w_621819","treatment",2021-12-23,1,10
"w_151316","control",2024-11-08,0,4
"w_155930","treatment",2023-06-18,0,12
"w_829415","control",2026-05-02,0,8
"w_386180","control",2023-10-08,7,6
"w_893144","treatment",2020-03-12,15,15
"w_977572","control",2025-05-24,0,11
"w_864040","treatment",2021-10-27,0,7
"w_942115","control",2020-09-10,2,8
"w_734902","control",2020-03-29,0,14
"w_531916","control",2024-10-21,10,9
"w_164645","control",2026-06-17,7,10
"w_876071","control",2022-11-17,1,12
"w_522420","control",2021-03-22,0,8
"w_245824","treatment",2022-10-01,2,10
"w_373066","control",2021-08-24,2,11
"w_747412","control",2019-01-13,3,8
"w_592358","control",2023-03-30,0,10
"w_751021","treatment",2022-08-20,0,7
"w_568446","control",2023-12-20,2,16
"w_217996","control",2023-10-12,0,10
"w_860667","control",2018-12-09,0,13
"w_192707","control",2018-10-01,0,8
"w_505990","treatment",2021-11-19,13,10
"w_471701","control",2025-07-17,0,10
"w_922076","treatment",2018-09-20,4,9
"w_521860","treatment",2021-12-12,45,10
"w_241342","control",2023-07-10,0,7
"w_221555","treatment",2020-02-23,9,11
"w_671865","control",2024-06-23,0,12
"w_385334","control",2024-08-28,0,11
"w_683677","treatment",2025-05-11,2,9
"w_911577","control",2024-12-09,0,12
"w_363971","control",2018-11-16,21,7
"w_470122","control",2021-10-01,16,10
"w_294384","control",2021-02-28,54,11
"w_308313","treatment",2022-10-22,0,6
"w_407995","treatment",2025-09-19,0,7
"w_637146","control",2024-06-05,5,11
"w_389239","treatment",2022-12-24,0,5
"w_548685","control",2024-01-21,0,11
"w_476143","treatment",2025-12-11,11,9
"w_624048","control",2018-09-21,0,10
"w_780603","control",2020-07-06,16,14
"w_699644","control",2023-04-29,3,4
"w_102499","treatment",2024-01-13,0,9
"w_293400","control",2025-01-31,2,10
"w_281897","control",2026-07-03,0,12
"w_198335","control",2021-01-30,0,8
"w_765294","control",2019-03-07,4,11
"w_545359","control",2022-12-01,11,8
"w_604301","control",2019-07-18,6,12
"w_213591","treatment",2024-10-29,19,12
"w_911670","treatment",2018-07-24,3,13
"w_648591","treatment",2023-01-19,12,7
"w_841301","control",2025-10-22,0,11
"w_980325","control",2022-08-22,0,5
"w_193325","treatment",2021-11-25,7,9
"w_282741","treatment",2023-12-07,0,10
"w_267986","treatment",2026-01-11,10,7
"w_156639","control",2018-07-07,4,10
"w_543226","treatment",2024-03-20,0,7
"w_829960","treatment",2026-07-06,29,10
"w_605655","treatment",2018-09-19,2,12
"w_994607","treatment",2022-12-09,0,9
"w_871539","treatment",2020-09-16,0,13
"w_197840","treatment",2025-02-18,0,15
"w_340668","control",2023-04-08,7,8
"w_645140","treatment",2025-09-13,43,5
"w_630054","control",2023-01-21,15,16
"w_152852","control",2022-02-10,6,11
"w_520654","treatment",2021-12-17,51,10
"w_318216","treatment",2020-09-09,10,13
"w_523232","control",2023-04-15,0,12
"w_894960","control",2022-03-09,4,9
"w_691430","control",2021-09-03,0,8
"w_192954","control",2023-06-15,2,5
"w_726805","control",2020-08-18,6,10
"w_663255","treatment",2023-09-08,2,10
"w_745932","control",2023-11-09,0,7
"w_671823","treatment",2019-09-30,0,8
"w_845869","treatment",2026-07-06,1,11
"w_932013","treatment",2018-06-04,4,14
"w_608133","treatment",2020-06-04,0,13
"w_655471","treatment",2021-12-19,0,13
"w_378286","treatment",2020-07-07,3,7
"w_347719","control",2020-08-22,54,10
"w_118179","treatment",2020-11-30,31,6
"w_373924","treatment",2022-02-18,4,9
"w_890058","treatment",2022-06-02,0,10
"w_708629","treatment",2025-11-26,0,10
"w_463699","control",2026-05-12,0,11
"w_212125","treatment",2020-05-05,0,12
"w_728670","control",2019-11-24,9,9
"w_759886","treatment",2025-11-30,3,10
"w_814308","treatment",2025-12-03,0,9
"w_134060","control",2025-01-14,0,14
"w_983174","control",2020-11-20,3,12
"w_349090","control",2019-12-01,11,8
"w_842641","treatment",2026-02-06,0,9
"w_579160","treatment",2024-06-22,0,6
"w_526504","treatment",2024-04-22,3,11
"w_426459","treatment",2025-03-26,1,9
"w_997123","control",2025-10-07,2,9
"w_832602","treatment",2025-12-29,0,12
"w_151433","control",2022-02-06,1,9
"w_525949","control",2025-03-05,0,4
"w_556811","control",2022-11-18,15,9
"w_441619","treatment",2025-08-14,0,9
"w_697072","control",2023-07-17,0,6
"w_728405","treatment",2024-08-21,4,11
"w_294511","control",2021-03-16,14,8
"w_976808","control",2020-03-29,0,8
"w_654155","treatment",2022-06-11,3,6
"w_586849","control",2026-01-10,0,8
"w_532627","treatment",2019-06-21,3,7
"w_756135","control",2023-02-20,0,7
"w_132693","treatment",2025-03-19,1,13
"w_508861","treatment",2021-03-30,0,7
"w_397392","control",2024-12-14,0,8
"w_859537","control",2020-08-20,0,13
"w_442077","treatment",2019-05-22,11,15
"w_720815","treatment",2022-01-23,0,8
"w_234976","control",2022-05-05,0,13
"w_626553","treatment",2026-01-01,1,8
"w_247926","treatment",2022-01-12,5,7
"w_298740","treatment",2024-04-30,0,7
"w_855446","treatment",2019-06-29,0,11
"w_914964","treatment",2024-09-06,4,14
"w_909416","treatment",2021-09-10,0,10
"w_916231","control",2020-05-17,0,11
"w_336703","treatment",2025-02-12,3,8
"w_383232","treatment",2019-10-05,2,5
"w_398932","treatment",2026-04-17,2,10
"w_555190","control",2022-09-04,2,10
"w_998443","control",2023-12-28,0,9
"w_241837","treatment",2020-08-28,2,8
"w_722537","control",2021-02-03,0,12
"w_213706","treatment",2019-02-09,3,12
"w_888675","control",2024-02-12,0,12
"w_529183","control",2023-04-09,0,13
"w_311150","treatment",2023-07-04,18,10
"w_494947","treatment",2025-06-19,0,15
"w_775592","control",2024-03-23,0,8
"w_520722","control",2024-08-04,0,8
"w_803826","control",2024-01-09,0,10
"w_107862","treatment",2021-08-29,3,9
"w_636056","treatment",2019-04-26,2,10
"w_933024","treatment",2018-07-08,10,6
"w_167005","control",2019-07-06,0,18
"w_209469","treatment",2019-04-10,3,8
"w_971403","control",2023-12-10,0,10
"w_927081","treatment",2021-12-26,0,13
"w_764067","treatment",2022-05-18,48,7
"w_806232","control",2023-01-21,1,5
"w_547373","treatment",2023-01-16,0,6
"w_502046","control",2023-09-06,0,7
"w_689956","control",2018-09-03,1,7
"w_272570","treatment",2025-04-16,0,12
"w_447089","control",2022-05-27,0,7
"w_477905","treatment",2022-05-03,1,10
"w_701038","treatment",2020-02-25,0,8
"w_741716","treatment",2025-04-03,6,7
"w_421708","control",2021-08-11,0,13
"w_373089","control",2018-11-18,3,15
"w_875779","control",2021-01-03,9,8
"w_307095","control",2019-08-19,0,13
"w_963286","control",2026-03-09,0,7
"w_928472","control",2018-09-10,3,17
"w_600776","treatment",2026-02-10,2,8
"w_658210","control",2024-10-22,0,6
"w_421236","treatment",2021-08-25,0,6
"w_878191","treatment",2024-03-06,1,5
"w_758651","control",2024-10-11,0,10
"w_847663","control",2020-10-08,0,3
"w_465065","control",2021-02-17,0,11
"w_352960","control",2021-05-30,9,13
"w_313138","control",2024-08-24,2,11
"w_113526","treatment",2020-04-10,0,7
"w_490863","treatment",2024-11-10,0,17
"w_519890","control",2024-09-12,3,9
"w_595312","treatment",2018-10-20,1,12
"w_995199","control",2018-08-04,2,10
"w_614828","control",2026-03-02,10,7
"w_971085","treatment",2022-02-23,0,10
"w_480845","control",2023-04-02,0,9
"w_596897","control",2024-01-05,0,8
"w_372276","treatment",2022-10-18,2,12
"w_789912","treatment",2021-07-03,6,4
"w_704073","control",2021-09-03,0,17
"w_246370","treatment",2020-07-24,2,12
"w_561983","treatment",2026-02-12,1,8
"w_166165","treatment",2023-04-10,0,7
"w_440439","treatment",2022-07-28,0,12
"w_569523","control",2019-06-27,0,7
"w_485961","treatment",2018-11-01,0,10
"w_440533","control",2021-09-11,4,6
"w_264996","treatment",2020-08-10,1,11
"w_443585","control",2019-05-22,1,10
"w_302132","treatment",2020-02-06,0,9
"w_680614","control",2025-07-07,0,10
"w_820439","control",2023-03-11,1,11
"w_252302","control",2018-07-12,5,7
"w_190800","treatment",2020-11-17,0,9
"w_650894","control",2021-01-19,0,7
"w_398754","control",2025-10-04,117,13
"w_321538","treatment",2025-07-07,0,14
"w_790651","control",2019-12-01,21,14
"w_756784","treatment",2020-12-13,0,13
"w_219335","control",2020-04-05,13,14
"w_671857","control",2025-10-08,15,15
"w_875075","control",2025-12-06,12,8
"w_424763","treatment",2020-04-17,13,4
"w_687511","treatment",2025-10-13,0,18
"w_751893","control",2020-09-03,0,16
"w_111255","treatment",2022-05-11,0,12
"w_212847","control",2026-06-23,0,8
"w_819548","treatment",2023-12-06,47,11
"w_764845","control",2022-03-09,0,6
"w_653189","treatment",2022-03-12,2,15
"w_189462","control",2025-10-29,0,7
"w_558498","treatment",2026-05-01,2,15
"w_120912","control",2021-09-28,0,7
"w_452993","control",2019-03-30,0,9
"w_410773","treatment",2019-07-04,0,15
"w_144334","control",2021-04-15,0,14
"w_468383","treatment",2023-09-15,1,13
"w_155247","control",2025-05-31,0,6
"w_533047","control",2020-02-09,0,10
"w_383873","control",2024-11-23,1,10
"w_284188","treatment",2018-11-25,2,11
"w_257964","treatment",2022-05-06,0,12
"w_199859","control",2022-09-02,0,10
"w_486872","treatment",2019-10-11,0,9
"w_266306","treatment",2022-03-08,0,9
"w_532499","control",2023-11-05,1,7
"w_666296","control",2022-12-23,11,9
"w_247949","treatment",2026-01-20,0,9
"w_697263","treatment",2018-08-07,0,13
"w_475689","control",2025-02-08,0,9
"w_338870","treatment",2022-11-28,0,6
"w_329581","control",2024-05-04,0,14
"w_811070","control",2025-12-12,0,11
"w_334792","control",2023-05-20,12,7
"w_281880","control",2019-04-21,2,9
"w_362267","treatment",2026-01-05,0,8
"w_138961","treatment",2019-05-08,0,5
"w_616771","treatment",2020-10-15,2,13
"w_817049","control",2020-07-30,2,14
"w_490741","control",2021-11-28,0,7
"w_731659","control",2025-12-02,0,7
"w_842770","treatment",2025-12-10,0,14
"w_916651","treatment",2022-12-25,4,9
"w_592652","control",2025-08-22,6,10
"w_588291","control",2019-07-01,0,12
"w_271741","treatment",2020-12-24,0,15
"w_395244","treatment",2025-12-29,4,10
"w_133136","control",2019-02-23,0,13
"w_178406","control",2019-02-08,0,9
"w_383868","control",2021-07-14,0,14
"w_502522","treatment",2023-06-05,2,10
"w_870786","control",2020-09-11,0,10
"w_693337","treatment",2024-09-24,53,8
"w_455042","treatment",2023-07-17,3,13
"w_266766","treatment",2024-08-11,0,8
"w_510536","control",2018-07-16,7,11
"w_218433","control",2020-04-04,30,12
"w_543934","treatment",2019-01-05,0,15
"w_282567","treatment",2019-01-16,20,9
"w_280484","treatment",2019-02-24,4,10
"w_162224","control",2026-03-13,2,8
"w_394892","control",2022-08-09,0,5
"w_633072","control",2024-10-09,0,12
"w_352088","treatment",2022-06-06,0,11
"w_626348","control",2024-07-07,3,13
"w_111156","treatment",2022-12-29,0,10
"w_921675","control",2024-12-12,0,5
"w_414387","treatment",2025-09-29,5,8
"w_175125","treatment",2021-12-13,5,6
"w_305344","control",2020-11-25,0,6
"w_391384","treatment",2021-09-08,0,12
"w_873586","control",2024-09-10,0,10
"w_372839","treatment",2019-09-10,7,12
"w_599130","treatment",2023-04-23,16,12
"w_694574","control",2024-02-19,0,8
"w_656014","treatment",2022-10-10,4,10
"w_715424","control",2025-01-27,0,12
"w_725870","control",2018-11-17,0,10
"w_236879","control",2025-04-25,0,6
"w_751766","treatment",2020-09-22,3,12
"w_201513","treatment",2021-07-16,0,7
"w_860737","control",2020-04-09,3,15
"w_816807","control",2021-08-23,0,14
"w_568239","control",2025-10-08,0,10
"w_608804","treatment",2025-04-13,0,14
"w_117835","control",2023-01-14,9,14
"w_517697","control",2019-11-06,11,13
"w_563823","control",2020-11-05,22,16
"w_466509","control",2025-03-25,3,10
"w_122437","control",2020-08-24,0,5
"w_726966","control",2019-07-21,0,9
"w_833453","treatment",2022-09-03,0,11
"w_570732","treatment",2025-10-28,4,8
"w_103708","control",2022-03-04,0,8
"w_973587","control",2026-06-08,5,7
"w_675996","control",2020-02-01,0,11
"w_638026","control",2019-03-31,0,8
"w_574988","control",2022-09-07,4,12
"w_527173","treatment",2025-08-28,0,8
"w_903661","control",2022-02-22,4,9
"w_642437","treatment",2024-05-14,0,10
"w_728404","treatment",2020-02-04,0,8
"w_125921","control",2018-10-09,0,15
"w_303247","treatment",2019-11-28,0,9
"w_739992","treatment",2021-02-07,1,12
"w_817803","treatment",2022-11-03,0,6
"w_521983","treatment",2021-01-23,0,9
"w_182765","treatment",2025-05-22,2,16
"w_901464","treatment",2025-09-04,0,9
"w_485752","treatment",2022-05-10,0,7
"w_985098","control",2019-08-10,16,11
"w_516078","control",2025-07-08,0,10
"w_429155","control",2020-06-18,0,8
"w_393515","control",2024-10-06,0,9
"w_268398","control",2022-11-28,0,9
"w_994822","control",2021-01-09,0,5
"w_235197","treatment",2023-05-02,5,6
"w_637097","treatment",2024-08-01,40,8
"w_594029","treatment",2020-06-01,0,13
"w_201984","control",2021-01-03,0,4
"w_365256","treatment",2022-06-30,1,13
"w_946109","treatment",2022-08-08,0,12
"w_878579","control",2026-05-07,0,14
"w_727667","control",2025-03-31,3,10
"w_902614","control",2020-07-27,7,11
"w_769051","control",2019-06-04,6,14
"w_105622","control",2025-09-20,0,9
"w_114583","control",2020-03-22,9,9
"w_664775","treatment",2024-10-31,0,8
"w_222708","control",2024-03-06,4,4
"w_286225","treatment",2023-09-06,0,14
"w_822512","control",2019-03-15,0,12
"w_850998","treatment",2020-08-31,1,11
"w_376655","treatment",2021-03-30,51,7
"w_496063","control",2021-09-06,11,4
"w_208793","treatment",2019-01-31,1,4
"w_638674","treatment",2023-05-05,6,13
"w_389972","treatment",2022-08-26,0,12
"w_225210","control",2021-12-02,2,10
"w_309173","treatment",2024-05-14,2,11
"w_303301","treatment",2018-07-08,1,3
"w_282356","treatment",2025-06-16,8,11
"w_491625","control",2020-09-08,13,11
"w_638922","control",2022-04-10,0,10
"w_745692","control",2022-12-05,3,9
"w_257036","control",2022-09-16,3,11
"w_703185","treatment",2024-04-30,35,12
"w_429285","control",2020-01-02,4,14
"w_241743","control",2019-07-04,0,11
"w_876570","control",2025-09-26,1,9
"w_307814","control",2019-02-21,3,10
"w_506209","treatment",2021-07-08,0,9
"w_814879","control",2025-12-22,0,13
"w_194407","treatment",2018-09-11,0,9
"w_900766","treatment",2020-04-01,5,9
"w_726000","control",2025-04-11,1,9
"w_661744","treatment",2025-03-12,25,11
"w_437788","treatment",2024-10-18,38,8
"w_424683","treatment",2021-01-03,3,19
"w_402244","control",2021-12-07,0,10
"w_674715","control",2018-07-29,0,8
"w_839989","control",2021-04-09,0,14
"w_576942","control",2024-01-28,0,11
"w_925415","control",2021-11-21,1,12
"w_971505","control",2025-06-04,4,10
"w_681653","treatment",2024-10-15,66,7
"w_479355","control",2021-12-22,0,12
"w_564001","treatment",2024-04-24,0,10
"w_456353","treatment",2022-08-18,8,5
"w_609759","control",2020-10-07,0,16
"w_402723","control",2018-12-20,1,8
"w_290144","control",2026-05-22,16,11
"w_812471","control",2024-05-17,0,8
"w_988412","treatment",2018-12-26,2,9
"w_128183","treatment",2024-02-14,4,13
"w_478216","treatment",2021-09-09,1,9
"w_546398","control",2024-06-26,0,11
"w_326191","control",2024-05-07,0,9
"w_123507","treatment",2023-06-17,3,5
"w_980416","treatment",2022-01-11,0,10
"w_796761","treatment",2019-09-03,0,6
"w_442450","treatment",2020-09-03,0,10
"w_569796","treatment",2019-11-09,37,6
"w_708878","treatment",2021-07-05,0,9
"w_496976","control",2020-01-05,0,10
"w_472773","control",2023-07-21,0,7
"w_167101","control",2025-12-31,3,6
"w_627717","control",2021-03-05,19,14
"w_955645","treatment",2024-04-06,0,9
"w_545560","control",2024-04-08,1,5
"w_611006","control",2022-08-22,0,17
"w_198049","treatment",2025-11-09,0,15
"w_805464","control",2022-12-07,0,7
"w_434311","control",2023-08-11,12,12
"w_756000","control",2019-09-22,18,3
"w_774863","control",2023-01-14,98,6
"w_521744","control",2019-10-22,0,9
"w_956031","control",2026-02-10,0,10
"w_894728","treatment",2019-07-25,0,15
"w_754781","control",2023-12-12,0,16
"w_870678","control",2024-11-20,0,11
"w_659960","treatment",2023-09-29,45,8
"w_982048","control",2018-09-08,0,11
"w_227774","control",2025-08-13,1,11
"w_583929","control",2019-03-10,0,13
"w_307741","control",2024-12-27,2,14
"w_786914","control",2023-07-18,22,10
"w_346287","control",2026-03-05,16,12
"w_905194","treatment",2026-05-28,0,13
"w_426273","treatment",2020-11-26,26,8
"w_970867","control",2019-04-09,0,12
"w_954062","control",2020-11-26,0,8
"w_309753","treatment",2018-09-03,0,10
"w_164958","treatment",2018-11-06,0,13
"w_201748","control",2026-01-22,8,5
"w_880904","treatment",2021-03-09,5,12
"w_630894","treatment",2023-01-21,0,11
"w_614825","treatment",2025-07-07,0,6
"w_528756","control",2021-05-19,7,15
"w_570634","control",2025-07-15,1,7
"w_851003","treatment",2022-03-15,0,13
"w_162745","control",2019-02-10,4,9
"w_898805","control",2019-03-02,4,14
"w_250415","treatment",2024-06-17,1,17
"w_903480","control",2022-03-07,2,6
"w_846930","treatment",2025-07-20,3,7
"w_195806","treatment",2019-08-08,0,9
"w_559635","control",2026-03-31,0,8
"w_522571","control",2026-04-07,0,7
"w_674935","control",2020-06-26,11,10
"w_209800","treatment",2020-06-11,1,6
"w_637976","control",2021-01-30,0,16
"w_729308","control",2021-04-19,61,11
"w_896949","treatment",2022-09-25,14,10
"w_220906","control",2021-11-06,0,11
"w_441358","control",2020-04-11,1,7
"w_624300","treatment",2020-09-18,3,6
"w_180201","control",2020-02-29,4,7
"w_860604","control",2025-08-29,0,14
"w_121952","control",2024-12-13,0,6
"w_860242","control",2018-11-30,0,10
"w_980855","treatment",2026-01-11,3,10
"w_575154","treatment",2023-05-31,0,10
"w_909386","treatment",2018-11-24,1,11
"w_129638","control",2021-06-27,12,9
"w_750294","control",2021-08-04,0,4
"w_438626","control",2025-05-02,0,15
"w_732575","treatment",2021-09-22,0,15
"w_306149","control",2025-01-24,3,6
"w_795438","control",2026-01-23,0,13
"w_445222","control",2023-02-15,3,14
"w_939590","control",2018-09-29,0,8
"w_335387","control",2021-01-23,1,8
"w_958054","control",2026-01-06,0,14
"w_634247","treatment",2024-01-22,3,7
"w_162544","treatment",2024-09-11,0,6
"w_736210","treatment",2023-09-04,0,14
"w_738260","control",2023-09-17,2,9
"w_608008","control",2023-03-17,0,12
"w_553781","treatment",2022-08-10,0,9
"w_358483","control",2022-01-05,3,11
"w_457720","treatment",2024-10-15,0,7
"w_467069","control",2021-07-15,0,10
"w_573883","control",2024-06-20,0,13
"w_832342","control",2019-02-21,0,10
"w_261644","treatment",2023-06-09,0,18
"w_145970","treatment",2019-04-16,7,10
"w_925735","treatment",2020-07-07,4,11
"w_281325","control",2019-09-01,0,7
"w_819719","treatment",2023-06-10,12,14
"w_715622","treatment",2022-12-06,4,8
"w_731882","treatment",2022-12-31,2,9
"w_722089","treatment",2023-01-29,0,14
"w_211175","treatment",2018-09-05,2,14
"w_970639","treatment",2021-04-09,0,7
"w_805675","treatment",2025-10-01,0,7
"w_124502","control",2019-08-02,0,7
"w_844378","control",2022-06-15,9,5
"w_780776","treatment",2019-08-23,0,15
"w_483949","control",2018-08-13,2,9
"w_175701","control",2026-04-07,0,15
"w_761569","control",2020-12-15,0,8
"w_833870","treatment",2021-01-08,0,9
"w_694304","treatment",2020-08-17,41,14
"w_619618","control",2018-08-27,0,16
"w_396183","treatment",2022-02-01,0,19
"w_761282","treatment",2024-04-23,0,12
"w_312863","treatment",2025-03-31,0,12
"w_166399","control",2026-03-08,32,7
"w_243635","treatment",2026-01-21,8,8
"w_630146","treatment",2018-11-11,3,7
"w_166485","treatment",2020-08-10,0,7
"w_510394","control",2019-12-15,0,14
"w_281627","treatment",2025-04-07,0,16
"w_290964","treatment",2022-11-18,0,8
"w_342122","control",2020-10-11,0,11
"w_561124","control",2022-07-14,0,12
"w_868997","control",2026-01-24,0,5
"w_233433","control",2024-07-20,0,9
"w_826658","treatment",2021-06-09,0,13
"w_502877","control",2021-09-29,0,9
"w_210192","treatment",2025-04-22,69,14
"w_732320","control",2020-08-18,0,9
"w_782196","control",2019-02-21,0,9
"w_507846","control",2023-06-01,8,10
"w_398828","treatment",2026-06-09,3,14
"w_447312","treatment",2020-03-02,0,12
"w_172844","control",2021-03-04,0,9
"w_181176","control",2023-06-13,0,9
"w_552452","treatment",2024-11-30,0,8
"w_181573","treatment",2022-05-02,0,10
"w_625110","treatment",2021-03-15,19,13
"w_890772","treatment",2023-05-13,0,9
"w_621063","control",2022-04-06,2,8
"w_793060","treatment",2018-08-29,0,10
"w_661837","control",2026-03-28,0,11
"w_434500","treatment",2023-07-13,0,9
"w_350780","treatment",2018-08-24,19,10
"w_103144","treatment",2022-02-03,3,9
"w_188442","control",2019-02-10,1,23
"w_708767","control",2019-04-07,0,8
"w_880126","control",2025-06-01,0,6
"w_816448","treatment",2019-12-27,0,11
"w_502342","control",2026-04-29,2,5
"w_380558","treatment",2018-11-03,0,10
"w_491030","control",2021-12-31,0,11
"w_682268","treatment",2024-09-05,0,12
"w_228798","treatment",2019-06-10,0,4
"w_166944","control",2023-02-11,17,10
"w_782058","treatment",2020-03-25,0,11
"w_780858","control",2022-11-06,5,10
"w_178154","treatment",2024-02-18,3,8
"w_878612","control",2020-10-23,4,8
"w_551928","treatment",2021-12-28,1,8
"w_697306","treatment",2022-03-31,0,12
"w_663851","treatment",2023-12-12,0,5
"w_468560","treatment",2019-05-24,0,10
"w_384345","control",2024-03-11,18,9
"w_137934","control",2025-11-22,0,11
"w_324646","control",2020-08-22,0,6
"w_310336","control",2020-07-06,0,10
"w_367469","treatment",2023-05-26,0,9
"w_380709","treatment",2019-08-02,4,17
"w_544945","treatment",2023-07-26,0,6
"w_680765","control",2024-11-26,0,13
"w_322146","treatment",2020-11-09,30,9
"w_880078","control",2022-12-29,0,9
"w_165464","control",2023-03-13,11,7
"w_948082","treatment",2023-05-20,0,14
"w_710310","treatment",2023-04-26,0,9
"w_973086","treatment",2023-09-30,0,11
"w_693286","control",2020-06-09,4,10
"w_543280","treatment",2022-01-08,0,7
"w_944787","treatment",2019-12-20,25,6
"w_706126","control",2026-06-26,0,8
"w_605643","treatment",2025-08-28,15,11
"w_743071","control",2022-10-28,0,9
"w_372198","treatment",2021-01-10,3,11
"w_886536","control",2023-12-08,3,11
"w_245375","control",2020-12-20,0,8
"w_895304","treatment",2018-12-08,10,10
"w_428839","treatment",2020-03-19,0,10
"w_956663","treatment",2023-11-11,3,12
"w_625728","treatment",2023-03-02,13,10
"w_356497","control",2022-03-29,21,9
"w_764301","treatment",2021-12-11,1,13
"w_493285","control",2024-02-22,26,10
"w_646549","treatment",2024-02-21,0,6
"w_799467","control",2022-07-25,0,19
"w_792331","control",2020-07-28,17,13
"w_800300","treatment",2021-06-08,0,11
"w_898525","treatment",2020-09-21,0,8
"w_497509","control",2019-10-26,2,12
"w_877892","control",2022-08-21,8,14
"w_228733","treatment",2025-05-31,0,14
"w_417222","treatment",2018-09-17,0,11
"w_924050","control",2023-04-21,0,7
"w_332360","treatment",2025-05-01,0,8
"w_737125","treatment",2021-08-22,0,9
"w_416096","control",2023-01-14,4,10
"w_610813","control",2025-04-13,47,13
"w_262722","treatment",2025-01-21,0,7
"w_985854","treatment",2018-11-29,0,9
"w_398371","control",2024-05-14,1,13
"w_199531","control",2020-07-26,0,11
"w_413712","treatment",2024-01-15,0,11
"w_478225","control",2020-02-10,0,6
"w_123446","treatment",2020-11-03,69,11
"w_819870","control",2023-07-26,7,12
"w_822712","control",2022-04-18,0,13
"w_127657","treatment",2025-01-02,0,9
"w_585970","treatment",2025-12-28,0,14
"w_979115","treatment",2022-10-29,0,10
"w_755677","treatment",2022-03-24,9,6
"w_357771","treatment",2025-07-08,1,6
"w_750295","treatment",2024-11-25,0,12
"w_234654","treatment",2019-01-09,0,12
"w_366912","treatment",2024-01-06,0,12
"w_495560","control",2026-03-10,0,5
"w_627655","treatment",2019-04-13,0,6
"w_276437","treatment",2023-09-18,0,13
"w_400868","control",2022-06-09,1,9
"w_460396","control",2023-06-18,0,9
"w_627001","treatment",2024-06-06,0,6
"w_724709","treatment",2022-11-18,8,11
"w_258062","control",2025-04-26,0,10
"w_656978","control",2020-08-25,0,9
"w_388281","control",2018-11-01,14,17
"w_114107","treatment",2021-09-19,2,8
"w_118642","treatment",2018-09-27,0,8
"w_362770","treatment",2024-07-30,0,9
"w_302438","treatment",2024-06-10,0,9
"w_657858","control",2024-11-03,4,7
"w_853517","treatment",2020-09-06,5,8
"w_996600","treatment",2025-03-17,3,12
"w_944007","treatment",2025-04-25,0,7
"w_894907","control",2021-03-18,2,9
"w_385840","treatment",2018-10-08,2,8
"w_148784","control",2024-08-29,11,11
"w_288813","control",2026-06-07,0,9
"w_484007","treatment",2023-05-31,0,6
"w_338267","treatment",2020-04-15,0,9
"w_518764","treatment",2024-06-23,0,9
"w_391200","treatment",2021-11-12,0,9
"w_104192","treatment",2022-12-29,0,9
"w_281306","control",2021-04-28,0,9
"w_884639","control",2020-06-30,14,7
"w_802597","control",2023-12-04,0,12
"w_160376","treatment",2022-03-26,0,8
"w_986076","treatment",2019-08-19,0,10
"w_174395","treatment",2021-02-26,4,14
"w_898507","control",2023-02-17,0,7
"w_781890","control",2022-09-27,4,9
"w_807115","treatment",2024-05-12,12,9
"w_311720","control",2019-09-23,0,8
"w_480817","control",2021-03-19,0,3
"w_860736","control",2023-06-24,0,8
"w_706848","treatment",2019-12-19,4,11
"w_914088","control",2020-11-09,0,10
"w_201505","treatment",2025-10-01,0,8
"w_814020","treatment",2020-04-21,19,14
"w_312973","control",2018-09-11,4,13
"w_465852","control",2020-12-15,0,12
"w_467850","control",2024-10-16,3,13
"w_568619","control",2020-11-30,2,13
"w_405322","treatment",2025-05-03,11,11
"w_858236","control",2024-02-06,0,9
"w_996529","control",2019-05-17,4,10
"w_140167","treatment",2019-07-18,0,10
"w_271536","treatment",2024-03-20,0,9
"w_851495","treatment",2023-06-16,3,11
"w_284673","treatment",2025-07-04,2,6
"w_112788","control",2019-04-14,0,11
"w_568582","treatment",2022-07-15,4,7
"w_577883","control",2022-08-21,2,8
"w_486611","treatment",2022-12-24,0,5
"w_861712","treatment",2025-08-04,7,21
"w_922309","treatment",2022-01-08,2,8
"w_103922","treatment",2021-02-06,3,10
"w_427954","treatment",2025-04-25,10,10
"w_693319","treatment",2021-12-08,2,9
"w_305265","treatment",2022-12-18,25,10
"w_381109","control",2026-01-13,0,8
"w_157947","control",2018-06-23,0,14
"w_610967","treatment",2018-10-24,0,7
"w_559223","control",2022-07-10,0,9
"w_612210","treatment",2020-06-29,4,10
"w_757532","treatment",2021-09-09,0,11
"w_956576","treatment",2019-03-19,0,11
"w_811034","treatment",2023-02-22,0,16
"w_900931","control",2025-11-15,0,7
"w_963025","control",2024-06-09,0,13
"w_330222","treatment",2022-12-15,3,13
"w_281359","control",2024-11-02,0,13
"w_352397","treatment",2021-11-06,1,12
"w_170143","treatment",2024-10-13,14,12
"w_986587","treatment",2019-05-18,0,12
"w_859249","control",2020-09-16,0,8
"w_348702","control",2021-08-26,0,15
"w_329281","treatment",2025-03-26,0,9
"w_918990","control",2023-12-19,1,14
"w_858198","treatment",2025-04-08,0,12
"w_918012","treatment",2018-12-09,0,12
"w_599535","treatment",2024-04-21,14,9
"w_326354","treatment",2019-07-23,4,15
"w_496765","control",2026-03-04,0,9
"w_781627","treatment",2019-03-05,0,7
"w_194726","control",2025-01-15,1,9
"w_908288","treatment",2021-05-05,0,7
"w_474892","treatment",2022-07-20,0,16
"w_438995","control",2024-06-16,0,9
"w_951439","treatment",2026-01-26,0,7
"w_204615","control",2020-05-07,0,8
"w_454924","treatment",2020-06-23,0,6
"w_593338","control",2023-11-25,0,11
"w_909042","control",2018-07-21,0,11
"w_925482","treatment",2022-11-04,0,14
"w_656011","treatment",2019-08-14,3,8
"w_118048","control",2021-05-01,0,11
"w_849733","control",2022-03-15,0,11
"w_158949","treatment",2022-05-07,3,10
"w_712264","control",2023-09-14,16,15
"w_649927","treatment",2019-08-13,0,16
"w_967411","control",2020-10-31,4,16
"w_562811","treatment",2020-03-23,0,10
"w_958130","treatment",2021-06-04,0,11
"w_450781","control",2021-09-29,0,14
"w_716656","treatment",2018-07-23,0,7
"w_783001","treatment",2026-06-30,4,8
"w_745128","treatment",2023-11-06,0,7
"w_920873","control",2019-06-19,0,8
"w_919607","control",2023-01-04,3,11
"w_478447","treatment",2026-01-20,4,9
"w_651306","control",2021-09-09,0,21
"w_701032","control",2022-02-13,4,6
"w_993274","control",2021-04-10,10,7
"w_695751","treatment",2022-06-17,0,10
"w_108406","treatment",2021-07-01,0,14
"w_824871","control",2019-11-20,0,11
"w_487560","treatment",2022-11-03,0,13
"w_951223","control",2025-12-01,0,10
"w_207515","treatment",2022-03-02,13,11
"w_750617","control",2021-06-01,0,12
"w_987484","control",2026-02-27,10,14
"w_476602","treatment",2018-12-29,0,7
"w_122392","control",2018-08-17,1,15
"w_576893","treatment",2021-12-27,0,13
"w_570795","treatment",2022-03-10,0,8
"w_511680","treatment",2026-04-22,17,11
"w_587958","control",2021-12-14,0,10
"w_461561","control",2025-10-12,2,9
"w_229020","control",2020-04-18,0,9
"w_245368","control",2023-03-27,3,10
"w_495989","treatment",2025-02-23,8,6
"w_850075","control",2020-11-30,0,6
"w_125513","treatment",2020-09-10,2,10
"w_812498","treatment",2019-05-01,0,17
"w_180052","treatment",2022-05-09,0,8
"w_414991","control",2018-09-02,0,12
"w_568569","control",2023-11-18,71,9
"w_970999","treatment",2023-11-27,0,9
"w_493555","control",2024-06-20,0,13
"w_432577","control",2021-12-24,0,8
"w_551732","treatment",2022-09-19,3,7
"w_862116","treatment",2024-10-28,0,8
"w_176185","treatment",2024-06-13,0,6
"w_545572","treatment",2022-12-20,0,11
"w_357435","control",2022-09-12,1,11
"w_629518","treatment",2023-06-11,0,9
"w_873965","treatment",2021-05-01,40,6
"w_593018","treatment",2026-01-07,0,12
"w_490970","control",2025-01-05,0,10
"w_573958","treatment",2025-09-23,37,14
"w_391569","control",2022-07-21,0,14
"w_854463","control",2022-02-21,1,9
"w_835626","treatment",2023-07-31,18,10
"w_455231","control",2022-08-27,19,7
"w_310094","treatment",2018-06-17,0,13
"w_345526","treatment",2025-03-23,0,6
"w_486316","control",2024-05-23,0,14
"w_962533","control",2023-09-26,14,6
"w_270095","control",2025-01-01,0,10
"w_651084","control",2022-05-27,1,8
"w_178161","control",2022-09-21,4,13
"w_188080","treatment",2024-03-10,3,4
"w_524442","control",2022-11-19,4,14
"w_190659","control",2019-10-10,3,10
"w_912174","control",2021-09-30,4,15
"w_980753","treatment",2022-03-28,0,9
"w_118536","control",2026-06-14,0,8
"w_249579","treatment",2026-07-13,0,13
"w_749698","control",2024-01-31,4,6
"w_189822","control",2021-04-20,2,13
"w_266684","treatment",2020-10-01,2,11
"w_630759","control",2022-03-09,50,10
"w_511701","control",2019-09-09,0,8
"w_345709","control",2020-01-20,0,14
"w_796538","control",2021-12-04,0,11
"w_167793","treatment",2024-06-26,14,6
"w_786808","treatment",2023-12-23,2,13
"w_951303","control",2022-05-18,1,11
"w_405052","treatment",2019-09-24,0,11
"w_779494","control",2023-01-06,0,15
"w_851691","control",2023-12-01,4,4
"w_395157","control",2022-07-12,5,16
"w_179659","control",2022-04-10,0,11
"w_704132","control",2020-02-24,0,14
"w_708919","control",2025-06-02,13,11
"w_966541","treatment",2018-12-17,0,9
"w_424702","control",2019-10-20,0,11
"w_253045","treatment",2020-09-24,0,5
"w_441722","control",2025-02-06,8,6
"w_434498","control",2022-09-19,13,12
"w_562383","control",2025-03-07,2,14
"w_615852","control",2021-05-14,0,9
"w_616630","control",2021-03-31,0,12
"w_172726","treatment",2024-08-19,0,9
"w_987403","control",2018-06-19,0,10
"w_138813","treatment",2019-03-16,16,11
"w_890938","treatment",2026-01-06,32,12
"w_992439","treatment",2023-08-15,0,9
"w_736529","control",2022-12-18,3,12
"w_547167","treatment",2025-05-27,0,12
"w_328415","treatment",2026-07-11,47,5
"w_443482","treatment",2023-06-25,1,11
"w_556616","control",2023-10-04,0,6
"w_503797","control",2023-02-06,2,5
"w_726277","control",2019-01-31,0,11
"w_466613","control",2023-07-14,0,9
"w_512321","control",2025-04-08,0,10
"w_470595","control",2024-07-16,0,9
"w_296796","control",2022-12-07,0,13
"w_532002","treatment",2019-12-13,0,7
"w_411455","control",2025-03-04,0,9
"w_998620","control",2025-10-05,0,12
"w_970685","treatment",2018-10-18,0,10
"w_313117","control",2025-02-07,75,12
"w_235024","control",2023-12-15,0,13
"w_407812","control",2026-04-18,8,11
"w_880375","control",2025-11-20,15,7
"w_178302","treatment",2022-05-06,22,6
"w_540369","control",2019-12-28,0,9
"w_509226","treatment",2022-12-23,19,15
"w_944610","control",2023-04-11,0,10
"w_481841","control",2021-12-19,2,10
"w_878595","control",2018-09-29,4,8
"w_569599","control",2018-11-27,0,11
"w_510899","control",2024-01-23,0,12
"w_282081","control",2019-09-14,1,11
"w_691624","control",2019-02-25,8,6
"w_797633","treatment",2022-11-13,0,8
"w_932504","control",2021-01-18,0,13
"w_882055","control",2020-10-24,0,12
"w_298417","control",2018-11-06,0,9
"w_584787","control",2026-06-12,19,9
"w_363778","treatment",2023-08-08,0,7
"w_438718","treatment",2020-01-07,25,12
"w_275447","treatment",2026-05-07,5,12
"w_942733","control",2023-12-09,3,10
"w_339046","treatment",2022-06-03,0,9
"w_522149","control",2024-09-15,0,8
"w_468603","treatment",2023-11-03,19,16
"w_423347","control",2019-04-15,0,9
"w_999473","treatment",2026-03-23,0,12
"w_455158","control",2024-07-24,0,8
"w_304931","control",2019-06-28,0,10
"w_535156","control",2023-09-07,0,16
"w_732693","treatment",2021-03-21,3,11
"w_535035","control",2020-02-26,1,14
"w_118261","treatment",2025-11-05,7,7
"w_543281","treatment",2019-04-18,0,10
"w_244175","treatment",2024-12-16,1,12
"w_506584","treatment",2024-03-24,0,14
"w_460185","control",2022-04-26,0,13
"w_529282","control",2019-10-18,2,9
"w_720234","control",2023-08-10,5,8
"w_329038","treatment",2025-11-25,4,13
"w_905367","treatment",2025-05-04,0,12
"w_666440","control",2023-12-25,0,13
"w_983317","treatment",2021-11-03,0,7
"w_879701","treatment",2023-09-21,0,9
"w_637725","treatment",2021-05-14,3,13
"w_699471","control",2022-02-11,14,18
"w_489545","control",2025-07-11,0,7
"w_663919","control",2019-10-07,0,10
"w_624349","control",2026-01-12,0,12
"w_171597","control",2023-12-01,0,17
"w_633123","treatment",2020-01-12,0,12
"w_255830","treatment",2018-08-18,0,9
"w_483060","control",2026-05-15,1,11
"w_948317","treatment",2025-03-01,0,6
"w_298644","treatment",2018-12-29,0,12
"w_624530","treatment",2021-02-21,17,13
"w_956264","control",2022-07-23,0,13
"w_920481","treatment",2021-01-26,10,15
"w_695805","treatment",2019-02-19,1,6
"w_152309","treatment",2020-05-28,0,13
"w_810761","control",2022-09-15,0,15
"w_117699","control",2024-06-28,0,10
"w_924005","control",2023-02-08,0,8
"w_829560","control",2019-01-29,2,12
"w_621139","treatment",2026-01-31,4,5
"w_603787","treatment",2020-05-21,0,10
"w_998724","control",2020-11-21,4,11
"w_843035","control",2025-10-20,3,18
"w_829933","control",2021-11-02,0,7
"w_877300","treatment",2021-07-20,12,11
"w_171230","treatment",2022-12-21,4,11
"w_507696","control",2023-04-03,0,9
"w_422371","control",2026-01-01,1,11
"w_729268","control",2019-12-02,19,10
"w_645649","control",2025-02-22,2,9
"w_469297","treatment",2021-09-03,0,11
"w_926834","control",2025-08-04,0,12
"w_596969","treatment",2022-01-19,3,6
"w_265779","treatment",2022-06-25,0,8
"w_619913","control",2024-12-07,2,10
"w_644697","treatment",2021-11-15,0,19
"w_643680","control",2020-01-12,3,9
"w_301639","control",2020-01-11,0,6
"w_439941","treatment",2023-04-14,3,10
"w_668767","control",2022-04-21,0,10
"w_706185","control",2021-05-06,61,13
"w_190073","treatment",2021-03-08,19,14
"w_737840","treatment",2020-06-01,3,14
"w_449930","treatment",2022-11-04,13,13
"w_470713","control",2024-12-27,4,11
"w_813330","treatment",2025-01-26,0,10
"w_936379","treatment",2020-10-30,18,6
"w_418058","control",2024-05-16,0,11
"w_146054","treatment",2019-09-19,2,14
"w_618708","control",2022-04-12,11,12
"w_159606","control",2024-06-28,18,6
"w_604165","treatment",2020-08-01,0,12
"w_243142","treatment",2018-06-11,0,16
"w_738864","treatment",2020-02-05,0,14
"w_207858","treatment",2021-08-09,0,10
"w_321260","treatment",2025-02-26,0,11
"w_562495","control",2020-09-03,0,10
"w_323200","treatment",2020-05-09,0,8
"w_576055","control",2023-07-31,0,8
"w_286994","treatment",2020-05-02,0,13
"w_876689","treatment",2023-10-22,1,6
"w_799549","treatment",2022-02-07,4,9
"w_652009","treatment",2023-02-12,0,12
"w_244241","treatment",2022-10-14,0,7
"w_778259","treatment",2019-01-28,0,20
"w_265581","treatment",2019-01-27,10,16
"w_223809","control",2021-05-10,2,13
"w_489923","control",2022-09-07,0,9
"w_993987","treatment",2019-09-14,7,9
"w_161603","treatment",2022-12-19,14,6
"w_298799","control",2025-11-26,0,6
"w_543435","control",2026-03-03,0,11
"w_272113","control",2025-10-05,0,13
"w_707663","control",2019-03-31,0,8
"w_935847","treatment",2025-07-24,37,9
"w_709065","control",2019-04-25,2,6
"w_890469","control",2026-04-08,19,5
"w_827934","treatment",2023-10-10,0,7
"w_274839","control",2018-11-03,5,9
"w_863059","treatment",2023-07-17,0,8
"w_764824","control",2023-10-17,0,7
"w_174782","control",2025-01-24,0,13
"w_258803","control",2019-08-25,128,11
"w_766765","control",2019-04-20,0,13
"w_130789","control",2018-11-13,0,6
"w_879622","control",2018-10-09,0,9
"w_242998","control",2025-04-12,29,8
"w_148840","treatment",2019-10-08,0,14
"w_509189","control",2019-04-06,55,7
"w_706471","treatment",2024-05-31,0,10
"w_627930","treatment",2021-03-16,11,10
"w_439360","control",2023-04-04,0,16
"w_722775","control",2023-02-21,0,10
"w_157013","treatment",2019-11-17,1,9
"w_961482","treatment",2020-11-07,3,11
"w_365508","treatment",2019-10-02,0,5
"w_961825","treatment",2024-01-22,4,16
"w_210766","control",2022-09-21,1,8
"w_117578","treatment",2018-08-24,1,10
"w_335874","control",2021-07-16,0,7
"w_292352","treatment",2021-08-13,0,11
"w_717594","treatment",2022-05-18,6,8
"w_414071","treatment",2020-10-29,3,8
"w_316450","control",2023-03-14,0,10
"w_566376","control",2023-03-26,13,16
"w_599146","treatment",2021-06-26,55,13
"w_482462","treatment",2021-05-12,4,8
"w_499728","treatment",2023-03-22,0,11
"w_249402","control",2022-01-04,16,8
"w_195060","treatment",2021-04-23,0,9
"w_741409","control",2019-02-04,3,8
"w_426337","treatment",2022-09-01,0,11
"w_270450","treatment",2018-11-13,9,6
"w_592478","control",2020-08-26,0,10
"w_932344","treatment",2022-04-12,2,9
"w_744435","treatment",2020-07-15,0,16
"w_722239","treatment",2024-07-11,0,8
"w_204307","control",2025-12-14,0,8
"w_233157","control",2021-07-07,0,11
"w_576676","treatment",2026-05-27,3,5
"w_191673","treatment",2022-06-12,0,12
"w_877264","treatment",2025-04-29,0,7
"w_562992","control",2020-08-30,0,10
"w_463218","control",2026-01-22,14,8
"w_172837","treatment",2025-12-27,0,15
"w_664774","treatment",2021-03-01,0,14
"w_822829","control",2019-08-19,12,9
"w_860575","treatment",2022-11-09,0,12
"w_674129","treatment",2019-03-13,0,8
"w_258784","control",2019-11-10,1,11
"w_915888","control",2020-10-02,3,18
"w_957423","treatment",2025-10-15,29,11
"w_262793","treatment",2024-09-12,0,13
"w_186616","treatment",2023-11-07,0,10
"w_761263","treatment",2026-05-20,0,13
"w_277077","control",2020-07-01,0,9
"w_932790","control",2023-02-13,0,11
"w_102237","treatment",2019-11-10,0,9
"w_764665","treatment",2020-04-18,4,9
"w_738253","control",2019-09-03,0,8
"w_767611","treatment",2026-06-27,4,12
"w_596413","control",2019-03-14,0,10
"w_998048","treatment",2020-06-10,2,9
"w_734910","control",2020-11-08,3,9
"w_104562","control",2021-02-05,0,3
"w_168145","control",2025-06-22,0,12
"w_240335","treatment",2019-06-22,0,11
"w_141373","treatment",2023-03-20,0,15
"w_271155","treatment",2026-05-01,1,5
"w_742650","control",2022-12-03,33,11
"w_701997","control",2020-10-14,0,14
"w_278098","treatment",2020-04-08,15,12
"w_995830","control",2022-06-26,0,8
"w_296836","control",2019-07-09,0,12
"w_831382","treatment",2020-03-07,0,13
"w_143316","treatment",2018-09-05,3,11
"w_240464","treatment",2025-09-09,0,15
"w_356270","control",2020-06-07,0,14
"w_162575","control",2022-08-09,125,8
"w_978502","treatment",2023-07-27,13,10
"w_535277","treatment",2024-11-16,3,6
"w_480126","control",2023-07-16,19,13
"w_749501","control",2024-11-30,3,6
"w_189520","control",2022-07-11,0,9
"w_904561","treatment",2022-07-06,0,9
"w_681326","treatment",2020-12-27,0,5
"w_700076","treatment",2025-01-18,0,10
"w_724938","control",2020-04-02,0,8
"w_238074","treatment",2026-03-02,7,16
"w_174861","control",2025-12-14,0,8
"w_444500","treatment",2020-03-25,1,13
"w_591522","treatment",2019-04-22,3,4
"w_518874","treatment",2024-07-22,0,9
"w_617557","control",2018-09-20,0,11
"w_715436","control",2024-04-04,0,8
"w_121082","treatment",2020-01-11,3,11
"w_687527","control",2020-12-15,7,19
"w_847428","treatment",2021-08-19,0,7
"w_292074","treatment",2018-08-10,0,12
"w_583434","control",2022-05-16,0,5
"w_813284","control",2025-05-22,12,11
"w_126199","control",2022-12-21,0,8
"w_860902","treatment",2025-09-26,0,6
"w_280184","control",2021-09-14,2,12
"w_706824","control",2020-09-28,0,13
"w_268707","control",2019-11-02,0,14
"w_508871","control",2020-12-25,0,19
"w_663824","treatment",2020-02-09,0,8
"w_192410","control",2024-09-10,4,11
"w_814063","treatment",2020-07-15,1,7
"w_217383","treatment",2018-06-12,0,7
"w_661902","treatment",2026-04-30,0,18
"w_249058","treatment",2019-10-09,3,5
"w_956075","control",2021-01-09,0,12
"w_938718","treatment",2022-08-03,0,4
"w_602235","control",2019-06-01,1,8
"w_352361","treatment",2018-08-13,8,12
"w_178038","treatment",2020-02-23,24,6
"w_957097","treatment",2021-04-01,0,10
"w_316387","treatment",2021-06-27,2,11
"w_263433","control",2019-06-09,16,13
"w_125292","control",2021-01-28,0,7
"w_551179","control",2019-03-11,3,7
"w_357656","control",2023-08-03,2,8
"w_217179","treatment",2026-05-05,4,9
"w_331324","treatment",2025-03-17,0,8
"w_561235","treatment",2022-12-19,24,8
"w_523889","treatment",2026-04-01,7,13
"w_993565","control",2019-12-10,2,14
"w_772770","treatment",2020-06-10,0,15
"w_228955","treatment",2021-02-04,3,11
"w_321898","control",2019-05-26,28,12
"w_566932","treatment",2019-07-22,0,10
"w_178325","control",2022-10-27,8,13
"w_763461","control",2020-01-20,0,10
"w_524040","treatment",2024-02-18,0,14
"w_734225","control",2020-05-30,0,13
"w_660539","control",2020-07-24,0,12
"w_434315","control",2021-07-10,0,10
"w_553461","treatment",2020-06-22,3,10
"w_614366","control",2024-07-04,0,9
"w_302935","control",2025-10-14,0,10
"w_708312","treatment",2023-09-18,1,9
"w_361684","treatment",2022-07-31,0,11
"w_663439","control",2022-05-30,0,11
"w_174875","treatment",2024-08-15,4,10
"w_264730","control",2023-03-25,0,9
"w_901498","control",2023-09-04,4,9
"w_274989","treatment",2020-05-08,19,6
"w_495264","control",2022-12-25,1,1
"w_863972","treatment",2019-06-09,9,10
"w_671074","treatment",2024-03-30,0,7
"w_995925","treatment",2023-01-25,1,6
"w_160352","treatment",2024-08-27,5,9
"w_102275","treatment",2024-11-08,0,10
"w_544944","control",2021-04-20,0,8
"w_845205","treatment",2026-05-09,0,14
"w_479743","control",2019-06-11,0,8
"w_595565","treatment",2021-06-13,1,6
"w_189424","control",2020-10-29,0,9
"w_955575","control",2022-07-12,2,7
"w_298723","treatment",2021-05-22,19,14
"w_844162","control",2019-01-06,4,11
"w_745608","treatment",2021-04-06,4,8
"w_696277","treatment",2025-10-07,0,10
"w_347965","control",2021-01-14,1,7
"w_361305","control",2020-05-27,3,9
"w_856715","treatment",2020-05-19,0,9
"w_750207","treatment",2020-06-10,0,5
"w_895190","control",2026-07-08,0,9
"w_288774","control",2024-07-06,0,7
"w_689002","treatment",2024-01-27,0,10
"w_392351","treatment",2022-08-23,0,14
"w_418656","control",2025-02-21,8,12
"w_421037","control",2020-12-22,0,8
"w_842845","control",2019-08-12,0,11
"w_572895","control",2021-05-12,0,11
"w_381101","control",2022-03-13,1,8
"w_970330","control",2024-04-25,0,19
"w_795139","treatment",2020-01-29,2,9
"w_493299","treatment",2020-04-25,4,10
"w_371332","control",2022-04-13,42,14
"w_691045","treatment",2024-05-20,0,10
"w_385977","treatment",2019-03-11,10,6
"w_644947","control",2026-03-14,26,8
"w_437807","control",2019-05-23,0,14
"w_447999","control",2026-02-25,0,10
"w_146379","treatment",2022-04-20,0,15
"w_283919","control",2025-09-13,25,8
"w_490924","control",2026-03-08,0,12
"w_937616","treatment",2023-04-30,2,5
"w_764741","treatment",2019-10-03,0,13
"w_742650","treatment",2022-12-03,33,11
"w_353112","treatment",2018-06-03,6,12
"w_921637","control",2021-07-12,0,8
"w_274767","treatment",2020-09-26,0,6
"w_252311","control",2019-01-05,1,11
"w_205376","treatment",2020-07-29,0,17
"w_672321","control",2020-03-28,0,16
"w_553925","control",2021-09-04,0,6
"w_779410","control",2022-05-01,0,12
"w_766919","control",2022-11-03,0,14
"w_412477","control",2022-03-07,0,6
"w_689827","control",2021-06-15,0,6
"w_563514","treatment",2020-01-04,0,11
"w_686304","control",2024-11-08,0,16
"w_693287","treatment",2020-04-08,0,8
"w_277336","treatment",2019-08-06,9,11
"w_821581","treatment",2025-03-18,14,10
"w_999696","treatment",2021-09-24,0,5
"w_974702","control",2025-09-04,3,11
"w_480529","control",2018-12-19,4,8
"w_372883","control",2025-05-09,0,7
"w_138969","treatment",2019-03-29,0,16
"w_663098","control",2025-12-26,0,9
"w_379808","control",2023-06-20,0,7
"w_155636","treatment",2025-04-05,0,11
"w_806107","control",2018-09-19,0,13
"w_540446","treatment",2024-03-09,3,8
"w_147522","control",2026-04-27,6,6
"w_584686","control",2024-05-24,0,10
"w_296246","treatment",2024-07-02,3,9
"w_117552","treatment",2022-07-19,0,9
"w_218503","treatment",2022-04-08,0,13
"w_727406","control",2023-10-09,3,11
"w_158237","control",2025-05-15,73,11
"w_324582","treatment",2025-02-14,15,9
"w_174478","treatment",2023-01-22,0,7
"w_957788","treatment",2025-09-23,0,12
"w_115251","treatment",2022-03-13,0,13
"w_669422","control",2022-02-20,0,13
"w_221494","treatment",2022-11-23,1,8
"w_452153","control",2021-07-20,0,14
"w_451296","control",2022-05-03,0,9
"w_713978","control",2026-01-10,5,8
"w_328220","treatment",2018-11-14,0,9
"w_670301","control",2018-10-18,0,10
"w_672021","control",2026-06-12,1,13
"w_307831","treatment",2024-02-24,4,16
"w_109708","control",2020-09-28,0,7
"w_417415","treatment",2022-03-09,3,13
"w_682658","control",2025-04-13,7,6
"w_645865","control",2018-06-01,24,6
"w_714979","control",2020-04-19,2,11
"w_564197","treatment",2025-05-22,0,12
"w_719053","control",2023-01-16,0,14
"w_914686","control",2023-04-19,0,16
"w_160061","control",2023-09-10,19,6
"w_555947","treatment",2025-04-06,1,8
"w_578103","control",2023-10-07,1,12
"w_876908","control",2026-03-15,0,13
"w_630609","treatment",2020-06-26,0,12
"w_830082","treatment",2019-07-30,0,11
"w_919606","control",2024-03-13,0,7
"w_156845","control",2020-06-20,0,8
"w_309186","treatment",2022-08-23,2,8
"w_682964","control",2019-03-04,0,7
"w_651980","control",2025-07-31,35,8
"w_279017","treatment",2019-01-05,0,12
"w_655971","treatment",2023-06-26,2,11
"w_129095","control",2021-03-20,1,13
"w_909519","control",2018-09-27,0,6
"w_969988","treatment",2021-12-16,2,14
"w_184841","treatment",2022-07-15,57,7
"w_454328","control",2018-12-04,19,6
"w_684024","treatment",2018-10-13,0,16
"w_438601","control",2023-02-07,4,10
"w_553753","treatment",2026-02-07,12,6
"w_219561","control",2020-07-15,0,16
"w_997197","treatment",2020-03-07,4,9
"w_654662","treatment",2021-07-08,3,9
"w_980257","control",2020-06-13,0,9
"w_990959","treatment",2020-01-04,2,12
"w_863488","control",2021-08-11,0,9
"w_635772","treatment",2019-08-27,0,7
"w_901760","control",2026-05-17,19,10
"w_422439","treatment",2023-05-26,0,10
"w_561389","control",2019-05-29,1,9
"w_288630","treatment",2025-12-06,19,8
"w_801069","control",2023-07-15,0,14
"w_874277","treatment",2026-04-04,0,10
"w_146051","control",2021-06-01,0,14
"w_653388","control",2024-05-29,4,8
"w_506980","treatment",2023-02-16,0,9
"w_207718","treatment",2019-03-05,0,10
"w_501166","treatment",2025-01-24,0,14
"w_854499","control",2025-12-13,4,9
"w_490306","treatment",2026-04-19,0,7
"w_859853","treatment",2020-05-30,0,14
"w_452475","control",2024-12-14,3,11
"w_765699","control",2021-02-25,0,9
"w_707547","control",2025-04-23,3,14
"w_308363","treatment",2022-03-30,0,10
"w_783315","treatment",2025-07-23,0,7
"w_719002","control",2026-02-01,3,11
"w_937650","treatment",2022-06-19,2,12
"w_921518","control",2018-07-07,0,5
"w_103272","control",2022-12-26,4,9
"w_363856","control",2021-06-22,0,5
"w_851076","treatment",2025-07-18,2,10
"w_287627","control",2020-11-25,0,9
"w_492182","treatment",2019-01-09,1,9
"w_530672","control",2026-03-22,0,7
"w_966626","control",2019-08-16,0,11
"w_915835","control",2024-10-17,0,9
"w_461097","control",2025-12-03,0,4
"w_364352","control",2018-07-07,0,7
"w_348192","treatment",2026-01-14,0,9
"w_819204","treatment",2025-02-24,10,10
"w_251732","control",2022-06-19,0,8
"w_490170","control",2021-11-06,0,13
"w_669535","treatment",2019-01-11,16,8
"w_454668","control",2019-04-29,23,12
"w_220509","treatment",2022-06-24,2,10
"w_658790","treatment",2018-06-10,0,8
"w_634563","treatment",2023-07-28,4,9
"w_183522","control",2018-09-26,0,13
"w_995791","treatment",2024-11-24,56,8
"w_939638","control",2023-11-28,3,10
"w_601463","control",2025-04-17,7,12
"w_310701","control",2020-06-28,0,9
"w_410575","treatment",2025-03-26,0,11
"w_584302","control",2021-03-15,6,10
"w_490913","control",2025-05-14,4,6
"w_516458","control",2019-11-04,0,12
"w_155742","treatment",2019-12-29,12,6
"w_321700","control",2023-02-23,0,10
"w_239865","control",2020-02-22,3,10
"w_419272","control",2026-06-13,2,3
"w_451639","control",2025-01-04,0,7
"w_660636","control",2024-01-11,10,10
"w_251851","control",2026-06-23,16,14
"w_466345","control",2025-05-20,0,11
"w_439633","control",2023-08-30,2,12
"w_141293","control",2020-01-21,0,14
"w_393673","treatment",2023-11-16,0,11
"w_526428","control",2020-11-23,15,8
"w_389548","treatment",2019-07-31,3,11
"w_865769","control",2022-04-02,0,4
"w_121151","treatment",2023-05-06,2,6
"w_676638","control",2022-02-27,4,11
"w_336891","control",2021-08-28,0,8
"w_879739","treatment",2024-01-11,1,8
"w_928182","control",2025-02-04,0,5
"w_242923","control",2021-07-31,12,9
"w_844731","treatment",2023-12-03,10,11
"w_709526","control",2025-02-04,18,5
"w_778866","treatment",2023-01-02,100,14
"w_799986","treatment",2024-07-08,1,13
"w_682034","control",2022-06-11,0,10
"w_632378","treatment",2021-12-30,0,6
"w_261693","treatment",2020-02-11,0,10
"w_171779","control",2025-04-27,2,9
"w_264778","control",2023-05-24,1,13
"w_827753","treatment",2021-04-11,2,7
"w_917968","treatment",2024-03-02,0,7
"w_691256","treatment",2021-10-28,10,13
"w_129661","treatment",2020-11-22,2,11
"w_678792","treatment",2021-04-03,0,6
"w_125031","control",2023-08-31,16,9
"w_985998","treatment",2023-04-04,2,8
"w_856280","treatment",2024-12-06,0,6
"w_787106","treatment",2025-12-17,18,16
"w_221638","treatment",2019-10-14,0,9
"w_931977","treatment",2025-03-09,0,10
"w_762762","treatment",2023-05-23,0,7
"w_183366","control",2024-04-14,0,11
"w_199367","treatment",2020-01-09,0,8
"w_522662","control",2022-01-05,0,8
"w_313964","control",2020-03-03,0,14
"w_687976","control",2019-01-15,4,13
"w_157215","treatment",2022-04-02,0,10
"w_862651","control",2019-06-14,0,7
"w_332339","treatment",2025-11-29,0,17
"w_398503","treatment",2025-04-07,0,12
"w_445805","control",2021-03-17,0,17
"w_164033","treatment",2024-01-28,4,4
"w_855991","control",2024-06-04,0,14
"w_724850","treatment",2022-08-05,2,9
"w_779449","treatment",2023-08-10,13,12
"w_394068","treatment",2022-11-20,8,12
"w_373621","treatment",2018-12-11,0,10
"w_816905","treatment",2022-07-01,41,7
"w_588882","treatment",2025-05-04,0,7
"w_207683","treatment",2026-07-15,6,11
"w_799898","control",2023-01-17,0,3
"w_939870","control",2020-06-14,1,8
"w_102072","control",2020-08-05,0,7
"w_923889","control",2023-12-11,0,12
"w_707354","control",2025-03-14,0,11
"w_560682","control",2021-04-07,0,8
"w_609684","control",2022-05-21,1,13
"w_248475","treatment",2022-08-21,0,10
"w_343789","control",2019-12-11,0,11
"w_728287","treatment",2026-01-24,0,9
"w_273222","treatment",2019-01-29,2,12
"w_264438","treatment",2024-09-07,0,7
"w_178344","control",2023-10-28,0,7
"w_431460","control",2019-05-04,18,7
"w_251053","control",2025-05-04,3,12
"w_136354","treatment",2023-10-27,16,12
"w_755515","treatment",2025-07-21,17,11
"w_890056","control",2018-11-18,8,8
"w_302932","control",2026-04-03,13,7
"w_724180","control",2022-03-31,0,9
"w_210854","treatment",2024-09-27,0,10
"w_139830","treatment",2023-06-01,18,11
"w_790397","control",2022-06-10,3,9
"w_373049","treatment",2022-06-01,3,7
"w_202133","treatment",2024-04-10,0,10
"w_571460","control",2024-04-02,0,12
"w_677079","control",2022-06-08,2,13
"w_853113","treatment",2018-10-19,0,7
"w_776215","treatment",2024-10-18,0,7
"w_520738","control",2022-08-22,34,5
"w_260196","control",2024-05-02,0,9
"w_103741","control",2018-07-07,0,4
"w_644106","control",2024-02-12,16,8
"w_100783","control",2025-11-03,0,7
"w_935943","control",2024-01-26,14,9
"w_251046","control",2020-06-05,2,9
"w_759857","control",2020-12-29,2,14
"w_859377","treatment",2021-02-26,0,15
"w_603866","control",2021-10-25,0,12
"w_791021","control",2021-11-30,0,10
"w_106885","treatment",2025-09-17,10,9
"w_798195","treatment",2019-08-30,0,6
"w_759621","control",2026-05-23,2,10
"w_463676","treatment",2024-07-05,0,8
"w_743613","treatment",2025-02-20,4,12
"w_448258","treatment",2021-02-10,0,5
"w_662506","treatment",2022-01-13,0,13
"w_587065","control",2020-05-29,0,13
"w_111458","treatment",2022-09-24,1,12
"w_446883","control",2025-08-10,0,6
"w_693395","treatment",2019-06-29,34,8
"w_649413","control",2022-03-01,0,12
"w_452749","control",2023-04-13,18,6
"w_862647","control",2021-12-27,4,8
"w_592287","treatment",2021-05-24,0,12
"w_930463","treatment",2022-10-10,2,12
"w_341900","control",2022-10-20,0,6
"w_287472","control",2022-11-18,1,10
"w_254365","treatment",2023-07-28,3,13
"w_371713","treatment",2020-11-04,0,7
"w_225753","control",2023-01-01,1,9
"w_910222","control",2025-03-06,10,10
"w_915303","control",2020-01-16,12,10
"w_324531","treatment",2023-05-13,0,2
"w_277785","treatment",2024-03-01,0,9
"w_572908","control",2019-05-30,0,10
"w_313284","control",2022-05-19,4,13
"w_476084","treatment",2023-12-01,1,10
"w_864338","control",2022-02-24,3,12
"w_932968","treatment",2019-03-24,1,12
"w_554369","control",2023-10-18,1,5
"w_644947","treatment",2026-03-14,26,8
"w_298521","control",2024-03-25,4,8
"w_710621","treatment",2023-05-29,1,9
"w_332318","treatment",2020-08-15,18,11
"w_110040","treatment",2026-07-11,2,14
"w_231135","control",2019-01-19,0,10
"w_740851","treatment",2021-01-15,0,5
"w_440118","control",2024-01-23,0,6
"w_653579","treatment",2019-10-20,0,9
"w_747165","control",2022-07-04,0,13
"w_242428","treatment",2026-07-17,0,8
"w_110235","treatment",2022-01-10,3,6
"w_846049","treatment",2025-10-02,0,10
"w_391900","control",2019-11-24,0,11
"w_142336","control",2025-06-03,0,7
"w_767202","treatment",2025-08-23,2,12
"w_299945","control",2022-11-28,4,10
"w_201857","treatment",2019-05-18,0,11
"w_756757","control",2023-03-01,0,10
"w_373899","control",2025-03-13,3,7
"w_482063","control",2022-04-12,6,8
"w_454842","control",2019-04-25,0,9
"w_311909","treatment",2025-07-25,1,10
"w_537358","control",2022-08-13,4,10
"w_296357","control",2025-03-23,0,11
"w_585191","treatment",2023-03-02,4,10
"w_517240","treatment",2019-12-13,4,6
"w_764327","treatment",2022-04-22,0,5
"w_151544","treatment",2025-05-06,0,9
"w_402832","treatment",2021-09-28,3,8
"w_551966","control",2023-05-03,0,14
"w_507385","treatment",2024-04-25,0,8
"w_580420","treatment",2024-04-26,19,5
"w_175151","treatment",2025-01-20,0,11
"w_668634","control",2019-03-12,0,14
"w_795867","treatment",2021-05-25,4,9
"w_523542","control",2024-09-01,3,10
"w_228767","treatment",2022-06-11,16,7
"w_108729","control",2022-09-23,0,7
"w_351323","control",2021-03-01,0,7
"w_588427","control",2024-08-03,0,4
"w_339728","treatment",2019-12-19,0,14
"w_219668","treatment",2019-09-10,0,10
"w_587621","treatment",2019-10-28,0,15
"w_506171","treatment",2023-05-22,11,10
"w_967803","control",2022-04-18,19,11
"w_719671","control",2026-01-18,3,12
"w_790035","control",2021-03-29,5,8
"w_621437","control",2022-08-13,0,8
"w_882355","treatment",2021-05-11,2,16
"w_736597","control",2021-04-22,1,9
"w_140717","control",2020-10-08,0,12
"w_969483","control",2021-06-20,0,10
"w_912536","control",2024-06-22,2,12
"w_779452","treatment",2020-08-27,1,12
"w_536945","control",2021-11-16,0,8
"w_545249","treatment",2026-01-07,0,11
"w_602777","treatment",2022-01-14,18,16
"w_193881","control",2024-11-25,1,10
"w_660559","control",2018-08-02,0,12
"w_116267","control",2020-11-21,7,10
"w_226203","treatment",2020-09-13,0,15
"w_641507","control",2019-01-07,16,12
"w_631535","control",2026-01-09,0,12
"w_474689","control",2018-11-11,0,6
"w_406775","treatment",2022-12-10,2,8
"w_102100","treatment",2023-04-07,0,15
"w_292220","treatment",2021-02-05,0,15
"w_491398","treatment",2024-12-14,0,9
"w_815708","treatment",2024-09-23,0,10
"w_489356","control",2018-08-19,0,11
"w_465184","control",2023-08-05,0,14
"w_320294","treatment",2019-03-26,0,10
"w_491069","control",2021-07-20,3,15
"w_606227","control",2026-02-14,0,11
"w_155286","treatment",2023-03-12,0,14
"w_805375","treatment",2021-09-27,12,9
"w_862814","treatment",2022-05-03,4,7
"w_493384","treatment",2018-09-26,0,11
"w_239669","treatment",2020-04-17,0,7
"w_692064","control",2025-02-28,0,16
"w_801572","control",2018-08-19,0,13
"w_246852","treatment",2020-08-12,0,8
"w_826745","treatment",2021-02-27,0,16
"w_145269","treatment",2020-04-05,5,14
"w_492122","treatment",2026-02-16,0,9
"w_451202","treatment",2018-11-23,0,9
"w_378536","treatment",2018-06-14,4,14
"w_581503","control",2023-09-09,0,9
"w_453480","treatment",2020-09-07,4,15
"w_950328","control",2025-01-12,0,15
"w_872778","control",2022-10-03,0,14
"w_923409","treatment",2018-07-11,0,13
"w_212934","treatment",2024-09-03,0,6
"w_922538","control",2023-07-05,0,19
"w_899762","control",2022-11-15,6,13
"w_609105","control",2023-12-07,0,6
"w_455338","control",2022-10-24,17,7
"w_920744","control",2020-01-19,0,14
"w_874663","treatment",2024-01-18,13,12
"w_886267","control",2025-04-30,2,5
"w_849799","treatment",2023-12-06,2,11
"w_792803","treatment",2020-09-18,0,10
"w_810196","treatment",2022-12-17,16,7
"w_364905","treatment",2024-11-01,0,8
"w_132062","control",2026-04-18,15,12
"w_547338","control",2024-09-08,0,14
"w_533735","control",2019-10-11,0,10
"w_753640","treatment",2022-11-13,0,7
"w_331976","treatment",2026-06-01,0,13
"w_201479","treatment",2024-08-18,0,8
"w_206518","control",2025-05-14,2,7
"w_921429","control",2025-02-24,2,9
"w_110369","control",2024-03-27,0,8
"w_143470","treatment",2021-03-14,0,4
"w_835291","control",2022-07-10,0,10
"w_672592","treatment",2021-04-08,4,10
"w_810030","control",2022-03-22,1,14
"w_882718","control",2019-09-24,2,11
"w_582691","control",2021-10-14,1,9
"w_489377","treatment",2023-01-16,0,11
"w_691385","control",2025-03-22,4,11
"w_235842","control",2023-10-03,2,8
"w_205931","treatment",2026-06-15,10,8
"w_457424","treatment",2019-12-26,6,7
"w_863477","control",2024-04-17,0,7
"w_276079","treatment",2020-09-02,0,13
"w_859242","treatment",2021-04-23,0,12
"w_515781","treatment",2024-01-27,0,11
"w_248196","treatment",2018-10-02,3,9
"w_698010","treatment",2023-02-26,0,13
"w_451436","control",2024-02-04,0,16
"w_745291","treatment",2026-01-19,0,8
"w_412346","treatment",2026-03-06,0,14
"w_337485","treatment",2019-09-09,0,12
"w_897654","treatment",2024-08-15,17,10
"w_920589","treatment",2022-11-16,3,10
"w_429980","control",2022-02-22,0,12
"w_233458","control",2022-03-04,0,9
"w_400006","treatment",2023-01-06,0,11
"w_847979","control",2020-10-26,0,5
"w_229025","control",2021-12-25,0,9
"w_371521","control",2019-03-22,3,11
"w_561578","control",2019-08-05,0,12
"w_736518","control",2023-08-15,0,12
"w_108287","treatment",2023-06-24,0,6
"w_175227","control",2025-10-25,0,3
"w_260912","treatment",2021-07-18,0,8
"w_975024","treatment",2026-02-25,1,8
"w_943156","control",2019-04-22,0,9
"w_801282","control",2021-07-27,2,5
"w_848755","control",2018-10-02,0,8
"w_957491","treatment",2023-01-25,27,12
"w_798464","treatment",2026-03-27,2,10
"w_128024","treatment",2024-06-16,4,9
"w_201975","control",2022-02-20,0,9
"w_720643","treatment",2024-12-24,0,6
"w_788289","treatment",2019-11-17,3,13
"w_661445","control",2019-10-18,0,8
"w_109637","control",2023-08-01,3,10
"w_852749","treatment",2019-01-02,9,15
"w_484576","treatment",2021-11-23,0,8
"w_267579","treatment",2019-01-03,0,12
"w_585724","treatment",2018-07-01,0,6
"w_181653","treatment",2020-05-26,0,14
"w_209017","control",2020-10-24,55,8
"w_855573","control",2025-12-24,1,10
"w_628775","control",2025-06-28,0,10
"w_506181","control",2020-05-15,0,14
"w_480970","control",2026-05-28,1,11
"w_488757","control",2025-06-07,0,6
"w_535456","treatment",2025-08-28,0,7
"w_372346","control",2025-06-14,2,9
"w_330150","treatment",2019-11-14,9,12
"w_469076","treatment",2022-09-09,0,9
"w_542902","control",2026-07-08,3,15
"w_396981","control",2024-10-10,0,6
"w_517660","treatment",2023-12-24,8,19
"w_293531","control",2021-07-22,0,10
"w_443730","control",2023-01-08,1,14
"w_451411","treatment",2026-06-02,12,8
"w_782933","treatment",2019-10-23,0,7
"w_716287","treatment",2026-05-07,0,11
"w_619863","treatment",2021-03-23,3,14
"w_612426","treatment",2022-01-24,0,9
"w_143968","treatment",2018-10-16,0,13
"w_717841","control",2022-08-01,0,13
"w_945793","control",2021-08-10,0,10
"w_816098","treatment",2022-06-04,0,4
"w_611343","treatment",2020-11-23,1,16
"w_596555","control",2024-09-19,0,7
"w_719982","control",2020-08-16,9,7
"w_234972","control",2025-05-06,0,9
"w_808923","control",2021-09-25,10,9
"w_221947","control",2020-09-11,10,9
"w_660708","treatment",2023-12-17,0,6
"w_241569","treatment",2020-01-08,0,10
"w_172973","treatment",2023-06-14,0,8
"w_970682","control",2024-08-28,0,8
"w_846120","treatment",2024-06-03,0,11
"w_600882","control",2021-02-15,1,9
"w_627316","treatment",2024-08-20,1,8
"w_445129","control",2023-09-22,0,13
"w_121682","treatment",2023-01-17,0,16
"w_863242","treatment",2022-05-26,9,18
"w_574491","treatment",2021-02-15,0,10
"w_685963","control",2025-06-04,0,11
"w_852566","control",2019-12-31,0,12
"w_870028","treatment",2026-06-08,0,18
"w_955832","treatment",2019-12-23,0,9
"w_467954","control",2025-06-21,2,8
"w_598515","treatment",2022-11-05,3,10
"w_444336","control",2020-01-03,4,12
"w_165927","treatment",2020-01-04,9,11
"w_278892","treatment",2018-08-05,0,3
"w_388304","treatment",2020-05-23,88,12
"w_342645","control",2021-10-26,1,8
"w_918033","treatment",2019-12-02,18,9
"w_769106","treatment",2020-01-21,0,9
"w_857205","treatment",2021-04-08,12,11
"w_342046","treatment",2026-07-08,1,21
"w_434066","control",2025-01-22,0,13
"w_443809","treatment",2025-12-02,0,6
"w_774810","control",2025-09-03,0,7
"w_770829","treatment",2022-01-22,16,14
"w_510105","treatment",2023-07-24,1,10
"w_265484","control",2025-07-06,2,7
"w_602021","control",2019-03-09,20,13
"w_478195","treatment",2021-08-14,0,12
"w_341139","treatment",2025-09-07,2,9
"w_186879","control",2021-01-27,7,6
"w_803789","treatment",2023-10-29,0,12
"w_703414","control",2026-07-08,29,8
"w_199314","treatment",2019-06-04,0,7
"w_948263","control",2024-05-30,0,11
"w_460523","treatment",2021-11-22,0,8
"w_391503","treatment",2025-11-06,8,12
"w_812198","treatment",2025-10-04,4,9
"w_384891","treatment",2022-08-20,2,12
"w_759042","treatment",2019-03-15,1,8
"w_634439","treatment",2024-12-31,4,13
"w_768804","control",2022-02-02,0,12
"w_748881","treatment",2023-05-19,6,9
"w_724869","treatment",2020-04-11,0,8
"w_658092","control",2025-04-08,1,6
"w_989302","treatment",2018-11-25,0,11
"w_989989","control",2018-11-16,1,14
"w_219346","treatment",2024-07-17,0,12
"w_377565","control",2021-10-31,23,10
"w_999398","treatment",2023-06-19,0,9
"w_733159","treatment",2020-04-28,7,13
"w_124494","control",2026-01-02,2,14
"w_797406","control",2018-09-26,0,6
"w_654504","treatment",2021-07-18,0,7
"w_749883","control",2025-02-17,0,11
"w_667037","treatment",2019-12-31,0,9
"w_595208","control",2025-12-23,2,9
"w_533364","treatment",2019-07-13,4,9
"w_349936","treatment",2018-08-25,2,9
"w_625025","treatment",2023-02-14,4,6
"w_723176","treatment",2019-04-04,3,11
"w_996843","control",2025-03-06,9,13
"w_438908","control",2021-08-22,0,10
"w_889943","treatment",2025-09-10,4,5
"w_899047","treatment",2025-04-12,0,6
"w_799100","control",2022-12-11,5,4
"w_222631","control",2023-09-22,0,8
"w_427359","control",2019-12-18,0,12
"w_790047","treatment",2021-01-11,4,13
"w_511467","control",2018-09-02,0,10
"w_568285","treatment",2019-07-05,7,6
"w_926176","treatment",2023-12-16,2,12
"w_669614","treatment",2019-05-22,0,10
"w_515975","control",2019-06-06,11,8
"w_730183","treatment",2018-07-17,0,9
"w_993465","control",2019-02-12,3,6
"w_465643","control",2023-11-01,0,3
"w_281655","treatment",2025-10-07,2,11
"w_932439","treatment",2023-07-11,0,15
"w_564324","treatment",2021-10-09,0,12
"w_956112","control",2024-03-01,0,5
"w_587633","control",2024-11-27,0,10
"w_248944","treatment",2023-12-01,0,10
"w_163500","treatment",2022-07-06,0,8
"w_875808","treatment",2018-10-31,4,11
"w_116263","control",2021-12-25,16,13
"w_689175","treatment",2023-07-17,0,13
"w_643343","treatment",2023-04-23,0,11
"w_694548","control",2024-08-03,2,5
"w_142961","control",2023-05-03,12,7
"w_786114","control",2025-12-19,2,8
"w_295162","control",2024-05-30,33,10
"w_914884","treatment",2024-09-18,14,11
"w_133451","control",2025-08-29,72,6
"w_147606","treatment",2025-01-24,0,5
"w_575206","control",2026-04-02,0,12
"w_732071","treatment",2022-05-13,2,14
"w_373048","control",2020-11-19,4,13
"w_923914","control",2020-07-30,18,8
"w_421201","treatment",2023-12-28,9,12
"w_848876","treatment",2019-10-15,47,6
"w_376809","treatment",2019-03-28,0,6
"w_826061","treatment",2020-04-02,0,13
"w_657748","treatment",2025-09-17,0,12
"w_417020","treatment",2021-07-21,0,7
"w_991394","control",2022-09-16,2,9
"w_300311","control",2026-02-22,3,5
"w_526801","treatment",2023-02-13,0,11
"w_604441","control",2020-02-03,0,9
"w_330573","control",2023-06-05,0,5
"w_402500","control",2025-02-01,4,10
"w_316374","treatment",2018-07-13,0,8
"w_476657","treatment",2022-05-19,0,7
"w_367970","control",2020-02-25,0,7
"w_914929","treatment",2026-07-12,0,8
"w_519443","control",2019-01-13,28,3
"w_880313","control",2024-12-29,0,10
"w_446040","treatment",2018-08-03,0,7
"w_345154","control",2023-01-08,0,7
"w_610651","control",2020-08-26,1,9
"w_181402","treatment",2024-12-10,0,8
"w_507608","treatment",2018-06-12,5,12
"w_469784","control",2022-10-22,1,9
"w_453550","control",2021-03-24,0,16
"w_822603","treatment",2019-12-24,17,6
"w_274689","treatment",2020-09-10,21,12
"w_116554","treatment",2025-06-17,0,14
"w_627111","control",2020-12-12,4,16
"w_696891","control",2023-09-24,10,11
"w_889955","treatment",2021-11-23,4,7
"w_137623","treatment",2020-05-25,4,4
"w_459781","control",2021-08-10,0,7
"w_106237","control",2024-01-26,0,11
"w_415320","control",2019-05-05,0,13
"w_174427","control",2019-02-09,0,11
"w_784996","treatment",2019-07-18,0,11
"w_966842","control",2022-11-15,11,13
"w_466381","treatment",2025-03-31,4,11
"w_216319","treatment",2022-11-23,0,9
"w_787244","control",2020-05-16,0,9
"w_801180","control",2021-12-21,1,11
"w_730754","control",2018-06-20,3,10
"w_531733","control",2023-06-24,2,7
"w_685097","control",2024-05-31,2,13
"w_380648","control",2021-07-22,15,13
"w_581454","treatment",2023-11-14,2,11
"w_881312","control",2020-11-13,2,13
"w_329936","treatment",2022-05-08,1,9
"w_447644","control",2018-06-04,3,13
"w_866472","control",2020-09-12,0,12
"w_519224","control",2020-04-21,0,8
"w_756782","control",2019-06-12,11,10
"w_487201","control",2019-11-07,0,9
"w_984016","control",2018-07-26,2,9
"w_246287","treatment",2019-07-16,27,12
"w_466445","treatment",2023-10-24,0,14
"w_471937","control",2019-08-02,0,8
"w_438305","treatment",2025-12-21,0,12
"w_186615","control",2020-07-09,0,11
"w_937514","treatment",2019-03-03,0,18
"w_866942","treatment",2019-09-16,4,9
"w_413232","treatment",2023-12-21,15,14
"w_933569","control",2024-10-23,0,11
"w_878085","control",2018-10-27,13,7
"w_403899","control",2021-03-28,0,11
"w_501753","treatment",2026-06-26,31,13
"w_744350","treatment",2021-11-11,2,7
"w_712495","treatment",2025-10-10,0,11
"w_228043","treatment",2025-10-30,0,12
"w_672780","treatment",2025-12-24,0,12
"w_236351","control",2020-06-05,3,12
"w_212218","treatment",2023-03-11,16,10
"w_167708","treatment",2021-04-14,0,12
"w_704726","control",2019-05-07,1,5
"w_888371","treatment",2020-10-14,2,9
"w_521372","control",2025-02-24,16,13
"w_602146","control",2020-01-10,4,15
"w_870337","control",2021-11-10,0,15
"w_702653","treatment",2020-12-30,11,7
"w_711670","control",2019-07-17,0,12
"w_740168","control",2026-07-03,0,14
"w_189821","treatment",2025-03-10,15,9
"w_584524","treatment",2020-01-01,0,6
"w_453655","treatment",2020-03-11,0,5
"w_730528","control",2026-05-20,2,9
"w_865629","treatment",2021-07-01,0,10
"w_140607","control",2022-05-12,9,12
"w_720415","control",2023-06-13,0,10
"w_478895","control",2022-05-02,17,12
"w_366192","treatment",2025-12-19,15,10
"w_731063","treatment",2021-04-23,0,12
"w_277777","control",2024-10-03,0,9
"w_378495","treatment",2023-10-22,4,10
"w_236591","treatment",2020-10-29,2,13
"w_496953","control",2018-07-06,4,9
"w_620193","control",2023-12-04,0,12
"w_109067","control",2023-11-23,0,8
"w_923097","treatment",2024-01-10,0,9
"w_979992","control",2022-09-22,2,14
"w_237550","treatment",2019-02-04,0,6
"w_292928","control",2025-07-03,0,12
"w_636360","control",2019-10-13,0,12
"w_121208","treatment",2019-11-26,3,11
"w_466774","control",2022-06-05,2,12
"w_183356","treatment",2020-08-20,38,11
"w_854813","treatment",2025-10-03,3,15
"w_420728","treatment",2024-09-25,10,9
"w_140219","control",2024-04-25,0,9
"w_827091","control",2022-12-01,0,5
"w_846360","control",2022-08-09,0,9
"w_358164","control",2019-11-20,0,16
"w_323243","treatment",2020-01-07,0,10
"w_216695","treatment",2019-02-06,0,17
"w_502775","control",2022-10-11,12,11
"w_684390","treatment",2019-03-14,10,12
"w_227261","treatment",2022-05-10,4,14
"w_479183","treatment",2023-01-28,0,9
"w_154152","treatment",2021-11-01,18,11
"w_592882","control",2019-06-27,0,4
"w_346995","treatment",2022-12-21,0,4
"w_536040","treatment",2026-04-16,10,14
"w_113354","control",2022-05-13,3,11
"w_450970","treatment",2025-07-23,0,15
"w_373296","treatment",2022-06-01,0,9
"w_744551","treatment",2022-01-29,2,10
"w_694915","treatment",2021-03-26,2,11
"w_781367","treatment",2024-02-02,18,5
"w_215052","treatment",2019-09-08,0,7
"w_971507","control",2021-07-15,1,7
"w_657886","treatment",2024-12-19,0,15
"w_878915","control",2021-01-28,0,9
"w_740404","treatment",2025-07-17,4,7
"w_787379","treatment",2022-02-03,0,10
"w_764856","treatment",2020-09-09,0,12
"w_625875","control",2023-10-10,0,11
"w_528941","control",2026-07-05,2,9
"w_918087","control",2021-10-10,0,6
"w_895173","treatment",2022-07-15,9,6
"w_401265","control",2020-08-11,4,6
"w_833579","treatment",2021-04-24,0,5
"w_233629","control",2019-06-09,0,12
"w_165600","treatment",2025-03-10,0,15
"w_239339","control",2021-09-21,1,5
"w_651907","control",2023-09-14,3,11
"w_855751","treatment",2021-12-26,17,4
"w_499189","treatment",2020-12-30,13,7
"w_562098","treatment",2019-01-24,0,8
"w_749603","control",2023-01-17,0,10
"w_619842","treatment",2023-02-08,18,13
"w_523147","control",2019-12-23,0,9
"w_692023","treatment",2025-03-31,0,7
"w_455848","treatment",2023-08-31,0,10
"w_237474","treatment",2021-10-27,0,16
"w_888319","treatment",2023-01-03,1,17
"w_290873","treatment",2018-11-03,0,9
"w_143379","control",2020-06-27,0,11
"w_161746","control",2020-04-24,18,11
"w_471799","treatment",2024-04-06,0,14
"w_809785","treatment",2020-09-02,0,14
"w_557856","treatment",2019-03-27,0,10
"w_201363","control",2023-02-20,3,14
"w_713431","treatment",2021-03-11,0,13
"w_136575","treatment",2020-04-17,14,10
"w_489170","control",2019-02-14,14,6
"w_644817","control",2019-04-02,0,10
"w_576903","control",2019-11-30,4,11
"w_559578","treatment",2025-01-30,0,12
"w_560836","control",2023-12-31,2,9
"w_456056","treatment",2026-03-15,0,6
"w_517789","control",2021-05-11,21,15
"w_570391","control",2021-09-27,0,11
"w_358530","control",2021-03-26,0,14
"w_719587","control",2019-05-09,0,8
"w_956624","control",2018-07-17,2,10
"w_949764","control",2023-05-01,19,7
"w_196555","control",2020-11-21,0,8
"w_256852","treatment",2021-10-23,0,10
"w_888353","control",2023-07-10,2,7
"w_139038","treatment",2022-09-21,0,9
"w_460326","treatment",2019-04-22,9,9
"w_756536","treatment",2024-06-17,0,13
"w_947723","control",2022-11-20,0,8
"w_394631","control",2025-03-08,0,12
"w_623179","treatment",2021-06-24,2,11
"w_570965","treatment",2022-07-22,0,8
"w_477837","treatment",2024-08-27,0,11
"w_378260","treatment",2023-10-09,20,11
"w_155199","control",2022-12-27,2,10
"w_347407","treatment",2019-04-28,3,7
"w_469077","treatment",2018-12-09,0,13
"w_947572","control",2025-01-18,0,10
"w_227278","treatment",2022-09-11,13,8
"w_529554","control",2023-04-15,1,11
"w_823044","control",2022-12-07,0,9
"w_279750","control",2022-05-18,0,9
"w_550199","control",2020-12-02,0,6
"w_118285","control",2021-02-16,0,8
"w_193512","treatment",2019-03-23,0,7
"w_714328","treatment",2020-08-14,0,12
"w_558329","treatment",2020-11-22,0,10
"w_839549","control",2023-01-29,0,9
"w_499962","control",2022-10-08,15,8
"w_215750","control",2018-08-28,0,9
"w_263449","treatment",2026-02-13,21,8
"w_273242","control",2019-09-02,4,4
"w_276328","treatment",2020-03-19,4,9
"w_780813","control",2022-11-18,0,9
"w_479477","treatment",2018-10-13,8,10
"w_828201","treatment",2023-12-12,0,13
"w_521389","control",2021-01-21,0,10
"w_294279","treatment",2023-11-26,7,12
"w_470599","treatment",2021-08-05,4,9
"w_591628","treatment",2023-07-11,4,14
"w_943575","treatment",2025-05-04,4,18
"w_765853","treatment",2025-12-05,17,9
"w_391238","treatment",2024-04-08,0,18
"w_148602","control",2020-10-20,3,9
"w_397476","control",2025-10-30,2,10
"w_989915","control",2019-05-24,0,19
"w_111903","treatment",2020-12-27,3,6
"w_280426","control",2018-08-22,2,8
"w_656376","treatment",2023-04-18,0,9
"w_663415","control",2021-03-11,1,6
"w_209304","control",2021-11-23,0,12
"w_758363","control",2024-11-08,0,8
"w_715625","treatment",2025-05-30,7,10
"w_302759","treatment",2021-10-11,0,6
"w_889011","control",2018-10-12,1,13
"w_231170","control",2023-10-30,0,13
"w_807029","control",2022-02-06,0,11
"w_564957","treatment",2023-06-25,4,11
"w_814790","treatment",2021-09-08,0,10
"w_601006","treatment",2021-01-24,0,11
"w_507613","control",2026-01-16,0,11
"w_757058","control",2025-10-08,3,15
"w_612117","control",2025-10-30,15,11
"w_229521","treatment",2025-07-19,2,14
"w_393625","control",2024-11-04,0,16
"w_173239","treatment",2018-07-12,0,7
"w_460681","treatment",2023-04-03,4,12
"w_592666","control",2020-10-03,4,9
"w_265542","control",2018-10-05,0,12
"w_160075","control",2025-03-24,0,13
"w_820818","control",2023-03-20,4,9
"w_932778","treatment",2018-06-13,0,12
"w_578177","control",2023-03-01,0,7
"w_239792","treatment",2018-12-26,45,6
"w_807164","control",2024-01-06,0,12
"w_926533","control",2019-06-22,0,9
"w_715758","control",2021-03-23,0,8
"w_605877","treatment",2026-06-26,13,11
"w_575595","treatment",2021-06-30,19,12
"w_436129","treatment",2025-12-26,10,10
"w_256569","treatment",2024-09-10,0,10
"w_169281","treatment",2022-01-14,6,10
"w_910646","treatment",2023-10-25,0,5
"w_317402","control",2019-08-14,20,11
"w_275644","treatment",2025-10-27,1,10
"w_489275","control",2021-10-04,4,14
"w_450823","control",2019-09-07,0,11
"w_861985","treatment",2020-10-24,2,8
"w_854739","treatment",2025-01-26,0,12
"w_908601","treatment",2019-02-26,3,7
"w_569747","treatment",2021-03-27,0,13
"w_961588","control",2019-02-12,1,8
"w_410452","treatment",2018-07-17,3,12
"w_189531","control",2022-07-03,0,10
"w_760279","treatment",2022-01-20,0,12
"w_301740","treatment",2022-01-17,1,11
"w_314286","treatment",2020-04-11,5,10
"w_866443","control",2018-08-19,0,9
"w_633810","control",2023-04-30,4,13
"w_324403","control",2019-04-25,0,12
"w_481612","control",2025-10-19,0,13
"w_491472","control",2025-01-17,2,11
"w_778793","control",2018-08-23,3,10
"w_796938","treatment",2024-07-20,4,9
"w_430412","control",2020-02-20,0,6
"w_213440","treatment",2021-03-29,0,9
"w_506377","control",2020-06-09,2,8
"w_196407","control",2026-01-09,0,12
"w_996032","treatment",2018-10-05,23,13
"w_528906","control",2025-01-31,37,7
"w_741506","treatment",2018-08-12,19,6
"w_876250","treatment",2021-10-13,1,13
"w_183834","treatment",2019-05-09,0,8
"w_878089","treatment",2024-11-20,4,10
"w_299883","treatment",2021-07-21,19,9
"w_476950","treatment",2020-11-23,0,7
"w_447642","control",2023-07-03,4,11
"w_859925","control",2025-01-31,18,17
"w_516818","control",2020-01-30,0,13
"w_664039","treatment",2026-05-14,3,7
"w_658024","control",2024-03-03,0,8
"w_988606","treatment",2022-10-09,61,8
"w_849998","treatment",2019-07-19,0,10
"w_188729","treatment",2026-06-25,1,8
"w_959978","treatment",2024-12-28,24,15
"w_518805","control",2020-11-28,24,17
"w_225598","control",2020-10-06,1,5
"w_745634","treatment",2020-01-18,0,9
"w_155533","treatment",2020-04-07,15,11
"w_100741","control",2024-09-28,0,19
"w_775059","treatment",2020-10-24,0,7
"w_126264","treatment",2022-12-12,0,10
"w_654268","treatment",2018-12-14,1,10
"w_210200","treatment",2025-02-13,3,14
"w_185530","control",2023-07-23,0,3
"w_384448","treatment",2025-01-27,4,7
"w_598036","treatment",2019-04-20,2,16
"w_896254","treatment",2025-06-16,2,10
"w_910207","control",2024-05-16,3,14
"w_553802","control",2024-04-17,57,10
"w_375021","control",2024-05-26,68,10
"w_913122","treatment",2020-05-15,1,14
"w_408456","treatment",2022-03-09,0,10
"w_105007","treatment",2023-05-13,0,7
"w_537225","treatment",2019-08-20,3,10
"w_450948","control",2018-08-07,0,9
"w_732605","treatment",2020-04-10,0,6
"w_286169","treatment",2021-07-03,18,7
"w_167504","treatment",2024-09-22,0,5
"w_836400","treatment",2024-04-21,0,10
"w_419724","control",2025-03-20,0,10
"w_980256","control",2019-01-18,17,12
"w_224330","treatment",2022-04-26,0,12
"w_573895","control",2024-01-28,4,11
"w_321263","treatment",2024-11-05,0,11
"w_269743","control",2018-12-30,0,6
"w_320561","treatment",2023-11-19,15,10
"w_584238","control",2022-09-30,0,10
"w_194345","treatment",2020-01-02,26,6
"w_116721","control",2021-11-05,3,9
"w_247759","treatment",2018-09-16,13,8
"w_954734","treatment",2023-03-01,1,12
"w_927194","treatment",2024-01-31,0,10
"w_615312","treatment",2025-05-26,0,11
"w_606206","treatment",2019-11-09,19,15
"w_686915","control",2019-07-21,0,8
"w_101205","treatment",2018-09-26,0,2
"w_183248","control",2019-08-13,2,9
"w_862356","treatment",2020-11-22,1,10
"w_174542","treatment",2021-09-16,0,6
"w_461180","control",2021-03-02,1,15
"w_528403","control",2025-12-16,0,8
"w_770389","treatment",2021-12-31,0,10
"w_734079","treatment",2020-12-04,29,11
"w_632918","control",2018-10-25,2,8
"w_708248","control",2020-06-23,3,8
"w_516240","control",2019-10-15,107,7
"w_580350","treatment",2023-10-26,17,7
"w_412181","treatment",2020-05-25,0,8
"w_372589","treatment",2026-04-25,0,11
"w_226346","treatment",2023-05-11,17,10
"w_119420","control",2020-09-07,0,10
"w_914679","control",2023-12-29,0,12
"w_687364","control",2021-03-25,1,12
"w_180274","treatment",2022-09-05,0,12
"w_377840","control",2023-12-14,0,11
"w_901292","treatment",2023-10-31,0,13
"w_201603","treatment",2023-07-01,0,12
"w_816174","treatment",2020-10-14,0,8
"w_234231","control",2026-03-23,2,9
"w_731739","treatment",2020-03-11,0,8
"w_994494","control",2019-08-31,0,7
"w_895829","control",2024-05-04,0,15
"w_674940","control",2022-10-02,43,9
"w_506793","treatment",2021-12-04,0,9
"w_185276","control",2022-04-16,0,12
"w_192276","treatment",2020-02-02,23,13
"w_514903","treatment",2026-02-20,0,10
"w_452191","control",2019-02-18,4,7
"w_409388","control",2021-07-14,0,8
"w_693434","control",2024-04-14,0,6
"w_275510","control",2025-10-20,0,11
"w_371138","control",2025-10-10,0,10
"w_576352","treatment",2021-06-09,1,13
"w_658773","treatment",2024-03-01,5,11
"w_134997","treatment",2020-04-11,13,8
"w_662012","control",2022-10-04,0,6
"w_557245","control",2020-08-24,1,5
"w_448480","control",2020-12-03,0,15
"w_333054","control",2025-12-16,0,13
"w_241056","control",2024-11-17,38,10
"w_834606","treatment",2020-09-20,1,8
"w_378145","control",2020-04-04,0,7
"w_639538","control",2023-11-22,1,6
"w_202238","treatment",2024-08-17,0,21
"w_307787","control",2019-12-18,0,13
"w_630452","control",2025-02-27,4,11
"w_544272","control",2019-10-19,0,9
"w_514923","treatment",2020-03-23,0,11
"w_228221","control",2024-02-03,16,10
"w_127778","treatment",2022-06-14,0,9
"w_444116","treatment",2020-05-12,0,14
"w_925320","treatment",2025-04-11,0,7
"w_299417","control",2023-11-30,0,8
"w_687156","control",2018-12-18,17,7
"w_958737","treatment",2020-07-02,4,4
"w_362012","control",2025-11-20,20,10
"w_161778","control",2019-03-23,0,14
"w_449163","control",2021-12-16,0,9
"w_691478","treatment",2020-06-21,2,15
"w_537495","treatment",2026-05-10,16,12
"w_573084","treatment",2025-08-13,0,7
"w_320394","control",2025-04-11,0,13
"w_688213","treatment",2019-10-18,0,11
"w_605552","control",2022-01-07,0,10
"w_816858","control",2024-01-01,51,8
"w_815185","control",2024-10-08,0,9
"w_684590","control",2023-06-01,0,11
"w_342128","control",2018-10-09,19,12
"w_785131","treatment",2019-02-12,0,7
"w_630641","treatment",2018-10-26,1,11
"w_333647","control",2022-02-04,3,12
"w_664917","treatment",2024-11-20,0,16
"w_950998","control",2020-06-17,0,9
"w_582381","control",2026-01-02,2,9
"w_328131","control",2021-06-12,0,11
"w_594860","treatment",2026-06-24,0,6
"w_592708","control",2019-01-28,7,7
"w_875777","treatment",2019-01-26,0,13
"w_288026","treatment",2024-04-18,2,9
"w_906509","treatment",2023-02-03,0,14
"w_923281","treatment",2022-07-01,15,16
"w_954178","control",2019-11-12,26,15
"w_356585","treatment",2020-06-29,1,7
"w_342515","treatment",2023-08-18,0,10
"w_371400","control",2019-08-04,0,11
"w_596264","treatment",2024-11-04,0,12
"w_741909","control",2021-05-18,0,10
"w_341374","treatment",2018-12-30,0,9
"w_132568","treatment",2025-03-17,0,13
"w_253442","control",2023-09-03,0,8
"w_516519","treatment",2022-01-16,0,5
"w_619107","control",2019-10-31,3,7
"w_826024","treatment",2021-09-17,0,6
"w_914688","control",2021-12-27,3,10
"w_645456","treatment",2023-03-20,0,11
"w_392962","treatment",2024-03-03,6,9
"w_922979","treatment",2022-10-06,52,9
"w_738592","treatment",2019-04-21,0,9
"w_463425","treatment",2024-09-10,4,8
"w_216879","control",2026-04-14,36,9
"w_218816","control",2023-11-13,0,15
"w_333968","control",2019-04-02,4,14
"w_482675","control",2023-09-18,0,13
"w_754293","control",2020-10-30,1,7
"w_944251","control",2018-07-12,8,7
"w_158042","control",2021-10-04,3,6
"w_843923","treatment",2022-12-15,0,8
"w_671220","control",2024-10-06,2,6
"w_332665","control",2023-11-03,18,11
"w_653689","control",2019-10-19,0,12
"w_486305","control",2019-12-16,0,8
"w_212470","treatment",2023-07-14,19,11
"w_439753","treatment",2019-12-08,0,15
"w_678869","control",2020-08-02,4,8
"w_857919","treatment",2022-09-09,4,6
"w_953011","treatment",2019-10-16,0,11
"w_977724","control",2024-09-26,5,14
"w_343076","control",2026-06-19,4,14
"w_416812","treatment",2025-04-17,0,6
"w_418534","treatment",2021-07-14,0,6
"w_634952","treatment",2020-09-03,2,7
"w_342712","control",2022-11-25,0,12
"w_963945","control",2021-08-11,0,11
"w_389129","treatment",2023-04-17,2,13
"w_824349","control",2023-06-06,24,14
"w_347702","treatment",2024-07-10,8,5
"w_815996","control",2024-01-05,43,13
"w_110365","treatment",2019-01-22,0,7
"w_319055","control",2024-05-14,0,11
"w_285971","control",2021-12-28,0,9
"w_791399","control",2020-12-12,0,9
"w_565358","control",2020-07-07,0,10
"w_372386","treatment",2022-12-26,4,16
"w_158122","control",2024-02-20,4,12
"w_222600","control",2021-01-19,1,7
"w_636865","control",2020-01-22,3,13
"w_988597","control",2023-01-26,13,6
"w_524014","control",2024-06-02,0,10
"w_329919","control",2023-12-15,0,9
"w_376273","control",2021-06-11,13,9
"w_323795","treatment",2026-01-11,1,12
"w_969722","control",2018-06-18,0,5
"w_349144","control",2023-04-22,0,7
"w_314670","treatment",2022-11-26,3,9
"w_851941","treatment",2018-07-24,3,9
"w_772636","treatment",2019-12-03,0,9
"w_814079","treatment",2022-09-21,0,5
"w_159003","control",2024-09-03,3,7
"w_974808","treatment",2023-04-13,2,11
"w_122578","treatment",2025-06-15,0,9
"w_643155","control",2025-03-22,21,13
"w_757037","treatment",2023-06-13,0,12
"w_216769","control",2025-07-24,2,7
"w_910817","treatment",2023-03-29,16,9
"w_333186","treatment",2022-08-22,2,12
"w_481669","control",2026-05-31,0,7
"w_792712","treatment",2024-11-08,0,12
"w_128071","treatment",2026-03-27,0,10
"w_831212","control",2022-07-19,3,13
"w_484313","control",2022-08-01,19,11
"w_480155","treatment",2024-02-09,4,9
"w_252193","treatment",2024-03-12,0,7
"w_937387","control",2021-02-21,0,8
"w_137047","treatment",2025-06-04,58,9
"w_538089","treatment",2019-04-28,11,6
"w_631769","control",2021-04-07,0,11
"w_570303","control",2025-01-08,0,14
"w_568635","control",2023-02-17,7,9
"w_517807","control",2022-04-23,2,9
"w_890394","control",2022-12-17,0,13
"w_504949","control",2024-02-29,0,13
"w_166448","treatment",2018-11-26,0,7
"w_130784","control",2024-01-27,0,8
"w_155760","treatment",2023-04-03,0,5
"w_141617","control",2026-03-12,2,13
"w_397033","control",2024-08-14,17,19
"w_529331","treatment",2020-06-04,0,9
"w_768709","treatment",2020-06-30,1,2
"w_358647","treatment",2022-11-10,0,12
"w_113473","treatment",2019-02-22,0,14
"w_712659","treatment",2022-07-08,18,11
"w_506072","treatment",2022-02-13,0,7
"w_277961","control",2019-01-27,0,12
"w_229768","treatment",2025-07-08,0,7
"w_348840","treatment",2021-04-23,0,14
"w_391563","control",2022-01-12,45,11
"w_700950","control",2019-12-03,0,13
"w_517126","control",2022-12-03,0,13
"w_975066","control",2024-09-22,24,9
"w_563382","control",2022-07-19,0,10
"w_622666","treatment",2019-08-05,3,7
"w_732475","control",2026-06-01,0,13
"w_961602","control",2025-12-03,1,10
"w_612991","control",2020-06-21,2,9
"w_413701","control",2024-10-03,0,16
"w_448320","treatment",2023-07-04,0,8
"w_587687","treatment",2026-02-20,73,15
"w_849242","control",2018-10-19,2,5
"w_131071","control",2025-01-21,0,15
"w_259073","control",2021-11-23,4,7
"w_423911","treatment",2018-06-07,58,9
"w_546438","control",2024-01-16,4,9
"w_776703","control",2019-05-20,10,12
"w_928777","control",2024-06-21,4,11
"w_760377","control",2025-12-21,0,11
"w_240241","control",2021-05-17,0,9
"w_627545","control",2020-06-19,0,9
"w_788297","control",2020-10-24,2,12
"w_396673","control",2022-06-17,0,6
"w_837516","treatment",2021-01-04,0,8
"w_132902","treatment",2018-10-29,2,14
"w_284159","control",2025-08-24,0,19
"w_405382","control",2023-12-16,1,10
"w_308972","control",2020-01-22,0,10
"w_805683","treatment",2018-07-21,0,8
"w_270974","treatment",2024-12-19,0,7
"w_871380","treatment",2018-10-24,0,10
"w_142017","control",2018-07-13,15,9
"w_771658","control",2022-06-07,0,7
"w_166821","treatment",2025-06-18,4,10
"w_912827","control",2019-10-23,0,10
"w_157196","control",2023-10-16,15,10
"w_808274","treatment",2020-12-19,5,10
"w_596704","control",2023-08-15,0,10
"w_394619","treatment",2023-03-21,0,10
"w_159072","treatment",2024-10-01,14,15
"w_873744","control",2025-11-01,0,12
"w_838490","treatment",2024-05-27,2,9
"w_162438","treatment",2021-04-04,0,7
"w_477103","control",2020-06-28,0,7
"w_401759","control",2025-06-13,3,9
"w_360268","control",2021-02-20,0,10
"w_767419","treatment",2020-03-24,0,10
"w_671858","treatment",2018-08-03,0,6
"w_788191","control",2022-02-19,12,9
"w_943838","treatment",2022-09-26,0,9
"w_414781","treatment",2023-06-08,0,13
"w_430217","treatment",2025-12-28,0,13
"w_870290","treatment",2023-01-04,3,7
"w_605880","control",2020-02-09,2,11
"w_725505","control",2020-09-11,0,12
"w_255616","treatment",2024-04-27,0,13
"w_727164","control",2025-12-05,1,13
"w_203336","control",2025-04-15,0,7
"w_590825","control",2025-11-20,3,9
"w_474735","treatment",2023-07-06,0,12
"w_892263","control",2026-05-28,1,10
"w_988455","control",2023-07-31,10,14
"w_308232","treatment",2022-04-19,3,8
"w_526316","treatment",2025-02-15,3,10
"w_120655","treatment",2022-07-05,3,9
"w_534232","control",2023-09-26,3,5
"w_571604","treatment",2019-03-27,0,11
"w_631692","control",2024-02-03,3,12
"w_932576","treatment",2021-08-07,0,12
"w_357471","treatment",2018-12-22,4,15
"w_926083","control",2024-05-16,14,8
"w_771013","treatment",2021-02-06,17,15
"w_518211","treatment",2018-12-01,0,14
"w_480677","control",2020-07-31,1,11
"w_851177","treatment",2023-06-16,0,12
"w_188088","treatment",2024-12-28,0,9
"w_337952","control",2020-02-24,0,9
"w_604068","control",2021-01-05,0,9
"w_553302","treatment",2024-08-02,0,7
"w_291825","control",2022-12-01,3,15
"w_296753","control",2021-05-04,1,8
"w_730575","treatment",2018-11-19,3,12
"w_858063","treatment",2024-05-28,0,8
"w_536018","treatment",2026-06-21,0,8
"w_402102","treatment",2022-09-10,0,7
"w_637944","control",2020-02-07,0,8
"w_677109","control",2018-06-28,4,11
"w_603438","treatment",2022-06-17,2,4
"w_618186","control",2024-03-30,0,7
"w_596666","control",2024-09-25,0,11
"w_517020","control",2021-06-20,0,11
"w_787123","treatment",2022-01-30,0,7
"w_438535","control",2022-07-20,28,5
"w_924389","treatment",2021-02-13,0,8
"w_732613","treatment",2021-10-13,4,8
"w_782145","control",2020-05-18,0,8
"w_907207","treatment",2021-02-17,0,7
"w_122326","treatment",2026-02-17,19,7
"w_690437","control",2021-06-07,6,14
"w_297165","control",2018-10-22,17,12
"w_360524","control",2026-04-18,1,9
"w_950275","treatment",2021-11-14,3,12
"w_778600","control",2025-09-30,0,11
"w_480203","control",2021-03-26,4,10
"w_977035","treatment",2024-01-27,2,20
"w_950324","treatment",2024-03-23,0,7
"w_200906","control",2024-12-17,3,15
"w_730848","treatment",2021-08-11,4,10
"w_450018","control",2021-03-19,5,12
"w_267260","treatment",2025-05-27,0,14
"w_752217","treatment",2021-05-14,0,6
"w_564996","control",2021-06-27,4,11
"w_509426","treatment",2023-01-08,9,10
"w_913665","control",2025-01-22,0,9
"w_558687","control",2019-04-16,0,8
"w_268451","treatment",2024-08-28,0,7
"w_632159","treatment",2025-06-02,7,9
"w_142984","control",2025-04-08,0,14
"w_787161","treatment",2025-01-17,0,14
"w_209564","treatment",2022-03-29,0,8
"w_304529","control",2023-09-07,0,9
"w_114036","treatment",2019-06-23,18,8
"w_465806","control",2023-05-08,1,7
"w_610267","control",2023-12-12,77,8
"w_660229","treatment",2022-03-25,0,10
"w_733462","control",2024-09-08,0,11
"w_742515","treatment",2021-07-29,0,13
"w_138055","control",2022-09-09,1,9
"w_601979","treatment",2019-08-03,0,11
"w_741028","treatment",2024-07-15,4,10
"w_218750","control",2021-01-21,18,13
"w_714001","treatment",2019-01-26,0,14
"w_744926","control",2024-05-15,2,17
"w_928277","control",2021-05-30,0,11
"w_945190","control",2025-06-12,4,15
"w_652911","treatment",2022-11-25,2,7
"w_596217","treatment",2022-03-23,0,6
"w_560734","control",2024-02-12,0,12
"w_612446","treatment",2025-04-24,19,7
"w_768098","control",2021-05-25,4,13
"w_887765","treatment",2022-03-01,0,6
"w_394797","control",2024-10-18,0,15
"w_404898","treatment",2020-11-21,0,12
"w_991987","control",2023-08-18,0,7
"w_501278","treatment",2024-09-10,3,16
"w_858572","control",2025-09-04,0,7
"w_650503","control",2019-07-30,1,8
"w_213167","treatment",2023-02-03,0,12
"w_301174","control",2019-03-04,1,7
"w_622117","treatment",2022-04-08,0,9
"w_207391","treatment",2024-12-28,3,11
"w_144210","control",2026-05-17,0,10
"w_129889","treatment",2021-02-04,0,9
"w_439811","control",2025-09-15,12,6
"w_244836","treatment",2024-09-16,0,8
"w_927182","control",2022-09-09,0,6
"w_208491","treatment",2022-07-13,0,16
"w_176994","control",2022-02-21,0,12
"w_240224","treatment",2024-11-11,33,6
"w_105751","treatment",2019-04-23,16,9
"w_288885","control",2021-11-14,0,8
"w_787448","control",2024-07-08,0,16
"w_247463","treatment",2023-10-18,0,10
"w_673334","treatment",2018-11-10,4,7
"w_649565","control",2024-07-03,0,9
"w_542244","control",2019-02-28,0,9
"w_898640","control",2019-09-07,1,9
"w_116772","control",2022-08-04,17,8
"w_700649","control",2023-06-15,0,10
"w_986649","control",2020-05-11,0,9
"w_918681","control",2023-09-28,2,13
"w_389919","treatment",2025-02-05,0,9
"w_493554","treatment",2022-11-11,2,9
"w_856212","treatment",2024-05-24,12,10
"w_606668","control",2025-06-20,0,11
"w_190246","control",2021-06-10,3,9
"w_317013","control",2019-09-19,0,5
"w_917224","treatment",2018-07-06,4,12
"w_405264","treatment",2021-11-13,0,14
"w_830525","control",2023-12-07,0,11
"w_232321","treatment",2018-12-23,0,12
"w_949019","control",2019-01-05,3,12
"w_514891","control",2020-08-21,1,13
"w_569817","control",2021-08-10,0,11
"w_218275","control",2026-04-17,9,5
"w_838691","treatment",2022-08-05,4,12
"w_389814","treatment",2023-08-08,0,13
"w_360422","control",2026-02-13,0,9
"w_572000","control",2024-09-19,0,11
"w_654072","treatment",2026-01-11,15,11
"w_887160","control",2018-06-03,17,14
"w_983703","treatment",2018-08-02,0,9
"w_320822","treatment",2021-02-01,0,13
"w_200183","treatment",2024-09-23,0,10
"w_646433","treatment",2022-07-19,0,9
"w_121948","treatment",2026-02-22,51,3
"w_539132","treatment",2023-09-14,3,10
"w_624708","control",2020-03-07,2,14
"w_849551","control",2025-09-28,12,11
"w_700694","treatment",2020-12-07,0,11
"w_760910","treatment",2023-03-29,0,8
"w_519444","control",2025-04-06,0,13
"w_769119","treatment",2021-12-05,0,14
"w_870699","control",2022-03-18,1,8
"w_321606","control",2025-06-09,0,11
"w_497344","control",2021-07-02,8,8
"w_244275","treatment",2023-04-30,0,9
"w_811782","control",2018-08-02,0,12
"w_750304","treatment",2020-11-22,1,7
"w_981874","treatment",2020-03-13,0,14
"w_890619","control",2019-03-24,0,15
"w_181470","treatment",2025-04-01,7,11
"w_530392","treatment",2023-07-20,12,11
"w_729816","control",2023-09-07,5,7
"w_600704","control",2023-05-19,0,11
"w_512397","treatment",2021-01-20,15,6
"w_890052","control",2023-09-27,30,9
"w_390370","treatment",2026-07-05,0,10
"w_247660","control",2022-09-19,1,10
"w_390319","treatment",2022-09-06,3,12
"w_494595","treatment",2025-01-11,0,7
"w_301724","treatment",2025-12-26,0,14
"w_518173","treatment",2023-03-19,0,9
"w_146447","treatment",2020-03-09,1,11
"w_109633","control",2019-10-11,0,8
"w_226172","control",2024-04-21,0,7
"w_992454","treatment",2023-07-31,7,11
"w_389460","treatment",2018-09-02,4,11
"w_593914","control",2025-08-31,0,10
"w_188353","control",2025-03-05,0,9
"w_913380","treatment",2022-09-26,1,9
"w_974703","control",2026-03-30,11,12
"w_379806","control",2020-02-06,11,8
"w_498009","control",2018-07-12,0,9
"w_343667","control",2023-05-17,0,13
"w_557556","control",2020-11-16,45,14
"w_800915","control",2026-04-10,0,8
"w_689387","control",2020-06-25,2,8
"w_470211","treatment",2018-09-21,11,9
"w_291143","control",2023-11-01,0,12
"w_933321","treatment",2026-03-27,0,10
"w_260183","treatment",2026-03-15,17,11
"w_843925","control",2025-06-12,0,11
"w_170422","control",2021-10-12,0,10
"w_458844","treatment",2023-03-24,0,6
"w_432703","control",2025-08-16,0,9
"w_677630","treatment",2024-07-07,0,15
"w_880871","control",2020-03-13,34,15
"w_968053","control",2024-03-28,0,9
"w_140591","control",2024-11-25,17,14
"w_269325","control",2019-05-11,2,13
"w_373248","control",2020-11-05,0,10
"w_856784","control",2023-08-20,3,13
"w_505559","treatment",2020-11-12,5,7
"w_766454","treatment",2018-10-17,2,12
"w_436063","control",2023-12-24,0,10
"w_125065","control",2021-07-24,0,7
"w_355439","treatment",2020-12-30,0,11
"w_566693","control",2020-12-28,13,6
"w_484299","control",2026-01-11,0,8
"w_361059","treatment",2025-02-11,2,10
"w_604682","control",2025-09-28,0,10
"w_933120","treatment",2024-07-13,3,16
"w_586392","control",2018-06-22,0,9
"w_808421","treatment",2019-03-22,11,12
"w_315015","treatment",2024-08-19,0,10
"w_653186","treatment",2021-02-26,7,11
"w_252965","control",2024-11-03,0,12
"w_529724","control",2024-09-03,1,6
"w_751008","treatment",2021-06-20,4,6
"w_137983","treatment",2018-11-22,22,13
"w_958202","control",2026-01-14,0,10
"w_634150","control",2024-08-24,0,12
"w_856199","treatment",2023-07-31,0,6
"w_664108","control",2024-09-25,16,4
"w_422823","control",2020-08-15,0,13
"w_919445","control",2020-03-20,4,11
"w_430001","treatment",2021-11-01,0,9
"w_872753","treatment",2023-07-05,0,18
"w_163881","treatment",2023-07-30,0,9
"w_916297","treatment",2019-05-17,0,12
"w_900535","treatment",2024-08-29,18,8
"w_130841","treatment",2024-10-14,0,9
"w_278553","control",2022-02-21,0,8
"w_968446","treatment",2023-06-24,13,15
"w_714094","treatment",2019-03-17,0,10
"w_761843","control",2025-01-08,0,19
"w_491643","treatment",2022-09-21,0,7
"w_936510","control",2024-01-31,3,5
"w_336019","control",2026-05-29,0,6
"w_677720","control",2024-09-26,0,9
"w_638156","treatment",2019-09-20,0,9
"w_845746","control",2018-07-02,0,12
"w_531907","treatment",2022-08-28,3,8
"w_353565","treatment",2024-07-17,0,9
"w_348186","control",2024-07-22,0,10
"w_335382","control",2019-11-01,0,9
"w_153594","control",2021-06-17,2,7
"w_729372","control",2024-10-05,4,9
"w_362140","treatment",2020-12-23,0,18
"w_493967","treatment",2022-08-17,0,15
"w_542972","treatment",2022-10-05,16,7
"w_924195","control",2020-08-26,14,11
"w_391054","control",2021-12-10,0,15
"w_814899","treatment",2022-03-20,0,5
"w_987978","treatment",2018-08-06,14,9
"w_772383","treatment",2025-04-20,0,10
"w_658246","treatment",2023-07-28,0,10
"w_387029","control",2025-08-07,0,5
"w_611681","treatment",2025-08-18,0,12
"w_257266","treatment",2020-06-12,4,11
"w_593180","control",2021-10-16,6,9
"w_657897","control",2024-04-16,3,11
"w_353309","control",2021-11-25,7,11
"w_566640","control",2021-03-11,0,15
"w_592163","control",2021-12-07,0,14
"w_427170","control",2021-07-02,4,10
"w_481534","treatment",2020-08-29,0,14
"w_768236","treatment",2022-11-11,0,7
"w_730152","control",2018-11-04,0,12
"w_592454","treatment",2018-09-16,18,9
"w_787446","treatment",2021-05-18,0,8
"w_877664","control",2020-11-08,13,11
"w_169450","treatment",2025-03-29,0,11
"w_547579","treatment",2025-12-05,0,10
"w_250569","treatment",2020-08-02,1,11
"w_922280","treatment",2023-11-21,0,15
"w_471953","control",2018-08-12,0,10
"w_190437","control",2022-11-24,4,12
"w_973140","control",2018-09-19,0,12
"w_410247","control",2022-09-07,0,11
"w_131186","control",2019-11-08,0,10
"w_975212","control",2020-04-18,0,12
"w_420007","treatment",2020-05-19,3,8
"w_334930","control",2020-01-23,4,5
"w_763682","treatment",2019-03-27,3,8
"w_492476","control",2024-01-19,14,8
"w_608172","control",2019-09-28,0,6
"w_646136","control",2025-07-03,0,15
"w_703547","treatment",2022-09-17,0,9
"w_333470","treatment",2024-07-07,24,4
"w_145199","control",2021-03-14,0,13
"w_277505","treatment",2022-02-15,0,9
"w_198653","control",2025-06-27,0,11
"w_540252","treatment",2022-06-15,0,14
"w_986381","treatment",2023-04-12,10,8
"w_348964","treatment",2025-07-04,5,5
"w_387762","treatment",2022-04-21,0,13
"w_529010","control",2020-02-28,0,11
"w_595411","treatment",2018-12-03,0,10
"w_389253","control",2021-05-07,0,11
"w_619138","treatment",2022-07-24,13,15
"w_542908","control",2025-02-16,10,6
"w_251707","control",2020-08-30,0,12
"w_470548","treatment",2020-03-20,0,9
"w_173486","treatment",2022-09-03,1,8
"w_708367","treatment",2020-06-23,0,9
"w_870849","treatment",2022-02-17,4,13
"w_620333","treatment",2019-08-05,1,13
"w_687558","treatment",2025-06-24,0,11
"w_689624","control",2022-04-19,4,10
"w_939224","control",2018-09-22,0,7
"w_301924","treatment",2026-05-28,4,11
"w_977085","treatment",2022-01-03,13,10
"w_484628","control",2024-02-01,0,9
"w_532329","treatment",2021-02-11,0,9
"w_289535","treatment",2024-04-13,0,14
"w_279501","treatment",2021-03-22,0,12
"w_901952","control",2020-12-09,0,8
"w_504121","control",2026-05-13,7,10
"w_622560","treatment",2024-08-31,0,10
"w_553834","control",2022-05-04,4,7
"w_348193","treatment",2019-01-20,0,9
"w_402607","control",2021-02-25,2,6
"w_420772","control",2024-01-26,3,7
"w_670420","treatment",2024-09-13,0,10
"w_363013","treatment",2021-04-23,0,8
"w_658974","control",2018-11-02,0,14
"w_175123","control",2021-02-02,16,9
"w_535109","control",2023-10-13,3,13
"w_546218","treatment",2019-08-07,2,7
"w_354265","treatment",2024-12-18,0,16
"w_542826","control",2025-07-12,3,14
"w_568402","treatment",2022-06-06,36,3
"w_609983","treatment",2021-03-24,0,9
"w_832675","treatment",2023-09-21,0,10
"w_305803","treatment",2024-01-30,0,9
"w_134192","treatment",2019-02-22,0,7
"w_968885","control",2022-08-09,11,7
"w_418387","treatment",2021-10-21,0,10
"w_325233","treatment",2023-05-11,3,11
"w_280360","treatment",2021-07-01,18,12
"w_497436","control",2026-06-04,2,11
"w_621503","control",2023-11-10,2,11
"w_287659","control",2018-06-10,0,10
"w_320342","treatment",2020-08-03,0,11
"w_697011","treatment",2023-09-02,0,9
"w_637858","control",2019-02-08,0,9
"w_742730","control",2018-11-15,0,11
"w_346439","treatment",2026-05-13,0,9
"w_841658","treatment",2022-06-19,0,12
"w_759690","control",2018-11-09,0,9
"w_549450","treatment",2022-01-18,2,9
"w_736585","control",2022-12-25,4,12
"w_766911","treatment",2022-01-23,2,14
"w_499483","treatment",2019-02-17,0,11
"w_131717","control",2022-09-29,22,13
"w_664437","treatment",2022-06-17,0,10
"w_254791","control",2019-05-21,2,9
"w_946698","control",2025-11-19,1,10
"w_964041","control",2024-07-04,0,9
"w_842265","control",2025-12-21,12,7
"w_975406","treatment",2020-03-24,0,10
"w_642770","control",2023-12-28,0,10
"w_543672","control",2024-04-01,0,9
"w_745241","treatment",2020-06-13,14,9
"w_478346","treatment",2022-03-26,2,10
"w_126643","control",2022-07-16,2,11
"w_961025","treatment",2022-01-28,0,9
"w_312767","treatment",2020-01-01,0,5
"w_885504","treatment",2021-07-27,0,12
"w_738886","treatment",2018-12-22,14,9
"w_445810","control",2023-08-01,3,14
"w_500540","treatment",2024-04-15,0,11
"w_685366","control",2022-09-15,4,8
"w_959806","control",2021-01-18,0,17
"w_402881","control",2024-07-01,0,9
"w_495007","treatment",2026-02-13,0,9
"w_394422","control",2025-11-29,0,17
"w_358960","control",2024-02-06,0,13
"w_814371","treatment",2020-03-12,0,7
"w_681174","treatment",2025-01-31,3,8
"w_603958","treatment",2026-03-09,0,9
"w_591574","control",2021-11-14,2,10
"w_450361","control",2019-01-10,0,10
"w_323181","control",2025-04-07,4,11
"w_775161","control",2025-03-27,0,11
"w_259733","treatment",2023-12-07,2,10
"w_278872","control",2018-06-06,0,9
"w_100375","treatment",2024-05-26,0,6
"w_911694","treatment",2018-12-14,0,8
"w_928009","treatment",2021-12-12,4,6
"w_247288","control",2018-06-06,7,10
"w_954786","treatment",2021-09-09,0,11
"w_723304","treatment",2019-05-24,1,12
"w_404438","treatment",2022-12-04,0,6
"w_940584","treatment",2022-01-08,0,12
"w_279379","control",2022-01-17,0,6
"w_892140","control",2026-07-18,0,10
"w_134423","control",2021-06-27,2,8
"w_133443","treatment",2023-10-27,0,5
"w_245229","treatment",2025-09-17,2,9
"w_950319","control",2018-11-12,0,11
"w_325603","treatment",2018-06-23,0,10
"w_129840","treatment",2025-01-28,1,10
"w_985516","control",2020-11-20,12,5
"w_645773","treatment",2021-03-06,0,8
"w_582953","treatment",2019-12-09,0,8
"w_800686","treatment",2024-07-25,0,4
"w_726755","control",2019-05-04,0,12
"w_351122","treatment",2025-06-19,1,5
"w_636002","control",2026-03-08,2,8
"w_346794","treatment",2025-02-06,0,13
"w_538766","treatment",2023-06-05,1,7
"w_538015","control",2020-11-14,0,12
"w_441107","treatment",2024-02-06,1,7
"w_291466","treatment",2026-02-05,0,6
"w_886432","treatment",2024-02-18,0,11
"w_638287","control",2021-04-28,0,12
"w_693730","treatment",2022-06-08,0,4
"w_836836","treatment",2024-06-26,22,8
"w_550682","control",2024-12-08,1,6
"w_493274","control",2022-06-28,0,6
"w_298491","treatment",2020-12-17,2,10
"w_531260","control",2023-12-15,2,10
"w_677501","treatment",2019-09-02,4,9
"w_978582","treatment",2022-06-05,0,7
"w_393648","treatment",2019-10-20,4,10
"w_754400","treatment",2026-07-04,7,8
"w_425542","treatment",2021-10-14,0,7
"w_128814","treatment",2021-01-11,39,9
"w_738088","control",2023-07-17,0,13
"w_187336","control",2025-06-18,13,6
"w_373010","control",2023-12-18,0,5
"w_401855","treatment",2021-06-04,14,8
"w_437916","control",2018-10-08,0,13
"w_915782","control",2022-10-25,0,6
"w_764356","control",2023-03-26,0,13
"w_678353","treatment",2019-06-09,0,14
"w_461125","control",2020-12-16,3,10
"w_364461","treatment",2022-09-03,1,13
"w_373038","control",2023-02-17,16,13
"w_898433","treatment",2018-11-29,0,13
"w_852998","treatment",2018-07-19,0,4
"w_222577","control",2026-07-03,0,14
"w_659847","treatment",2023-09-27,1,12
"w_402965","treatment",2025-01-31,0,8
"w_800662","treatment",2025-05-27,2,7
"w_579679","treatment",2024-10-30,1,9
"w_953045","treatment",2026-07-16,2,11
"w_518306","control",2021-04-17,0,9
"w_258417","treatment",2020-05-01,15,9
"w_224041","control",2025-11-18,8,12
"w_606009","control",2022-05-11,14,9
"w_858924","treatment",2019-06-19,1,10
"w_493293","control",2020-02-04,24,14
"w_909270","control",2023-12-22,2,9
"w_289697","treatment",2024-04-26,0,10
"w_206405","treatment",2024-04-16,10,13
"w_963187","treatment",2026-07-18,1,11
"w_659147","treatment",2021-10-11,2,10
"w_345175","treatment",2024-03-24,0,11
"w_946164","treatment",2022-10-14,56,7
"w_882172","control",2023-02-07,0,10
"w_389408","treatment",2022-01-05,0,11
"w_225128","control",2022-02-21,0,7
"w_388527","treatment",2018-08-02,0,16
"w_373035","treatment",2025-09-21,0,6
"w_858419","control",2025-05-11,0,11
"w_977001","treatment",2020-01-16,1,7
"w_671787","control",2020-05-01,0,9
"w_183005","control",2019-12-04,1,9
"w_535691","control",2022-05-26,0,12
"w_934979","control",2024-08-22,2,9
"w_296159","control",2023-09-25,10,11
"w_589800","control",2025-09-28,0,7
"w_691983","treatment",2020-07-26,4,8
"w_993102","control",2026-07-04,0,20
"w_586862","control",2025-02-03,5,7
"w_312306","control",2019-12-30,0,12
"w_113825","treatment",2018-12-26,7,9
"w_119719","treatment",2019-01-29,0,13
"w_900444","treatment",2019-10-09,0,9
"w_197541","control",2021-04-26,29,13
"w_832866","treatment",2025-01-24,0,7
"w_639531","treatment",2025-09-09,3,13
"w_813380","treatment",2019-03-14,36,14
"w_412003","control",2022-09-20,4,10
"w_488611","control",2023-04-04,0,11
"w_738776","control",2021-12-11,8,9
"w_788333","control",2025-01-16,2,5
"w_266246","treatment",2024-03-03,19,13
"w_115423","control",2023-09-19,2,10
"w_174360","control",2021-11-09,0,6
"w_304456","control",2023-03-24,38,14
"w_685768","control",2024-12-16,2,6
"w_176782","control",2019-08-09,0,9
"w_312786","treatment",2018-09-29,1,9
"w_496762","treatment",2019-08-15,4,12
"w_677102","treatment",2025-11-04,0,10
"w_626069","control",2023-03-20,0,7
"w_483822","treatment",2024-01-03,2,14
"w_626168","control",2024-07-29,0,8
"w_605589","treatment",2019-11-02,0,8
"w_483992","treatment",2020-03-07,0,8
"w_425207","treatment",2022-11-08,0,7
"w_596538","control",2018-12-11,0,13
"w_462706","control",2021-10-04,0,9
"w_515980","control",2019-10-19,0,8
"w_401259","control",2025-03-13,0,10
"w_156143","treatment",2019-09-07,1,10
"w_262370","control",2024-01-06,1,8
"w_267979","treatment",2021-03-21,0,18
"w_544543","control",2023-09-23,4,16
"w_598828","control",2023-09-10,0,9
"w_719780","control",2026-04-01,4,10
"w_920141","control",2022-07-19,7,9
"w_886873","treatment",2025-07-10,3,14
"w_679059","control",2024-04-08,0,15
"w_374327","treatment",2023-11-26,0,12
"w_194278","treatment",2023-07-29,0,10
"w_431223","treatment",2020-08-13,0,9
"w_893251","control",2022-07-26,0,11
"w_614362","treatment",2026-01-28,0,11
"w_494483","treatment",2020-08-10,0,10
"w_931626","control",2023-10-20,1,9
"w_259957","treatment",2025-08-17,0,10
"w_853858","control",2020-07-11,0,9
"w_309058","treatment",2022-03-29,0,8
"w_501115","control",2020-06-15,0,10
"w_923467","treatment",2022-05-29,0,9
"w_679846","treatment",2024-04-12,9,4
"w_417044","control",2022-08-14,0,9
"w_531129","control",2019-08-04,0,9
"w_605906","control",2023-04-28,0,2
"w_693644","treatment",2022-10-08,0,12
"w_433726","control",2022-01-01,0,9
"w_126718","treatment",2023-06-16,13,17
"w_463446","control",2024-07-13,0,6
"w_989449","treatment",2021-11-17,0,10
"w_986116","treatment",2023-12-31,0,11
"w_608379","control",2020-09-01,4,8
"w_791456","treatment",2020-11-29,14,13
"w_180027","control",2019-06-20,4,10
"w_510872","treatment",2020-07-06,0,12
"w_821969","treatment",2020-03-03,2,12
"w_718130","treatment",2026-02-12,0,6
"w_504426","control",2025-12-31,133,9
"w_198433","control",2020-07-17,147,16
"w_967853","treatment",2022-10-13,18,11
"w_415129","control",2025-05-01,19,17
"w_569128","treatment",2024-01-09,7,10
"w_625409","treatment",2023-06-16,0,9
"w_331289","treatment",2021-05-26,0,8
"w_788324","control",2024-02-29,0,9
"w_207866","treatment",2019-12-27,32,11
"w_668998","treatment",2023-12-31,2,9
"w_348526","treatment",2024-10-22,14,12
"w_821106","treatment",2020-05-24,15,13
"w_626233","control",2019-02-19,0,8
"w_907244","treatment",2022-11-05,0,10
"w_394225","treatment",2024-08-18,0,16
"w_355286","treatment",2024-02-09,0,17
"w_583982","treatment",2024-02-06,0,9
"w_505129","control",2022-10-14,3,15
"w_574481","treatment",2023-05-18,0,12
"w_162683","treatment",2018-09-09,0,15
"w_135297","control",2019-06-11,0,16
"w_856077","control",2020-06-01,0,6
"w_351651","control",2026-07-17,1,16
"w_730206","treatment",2018-08-11,0,14
"w_399102","treatment",2022-11-10,3,18
"w_685708","treatment",2026-06-15,43,8
"w_746029","control",2018-08-17,4,13
"w_946423","treatment",2018-12-04,0,10
"w_300987","control",2019-05-12,0,9
"w_169641","control",2025-06-02,2,10
"w_504776","treatment",2022-11-15,3,5
"w_543033","treatment",2025-11-07,0,9
"w_965071","treatment",2019-12-28,0,13
"w_614049","treatment",2021-07-12,0,7
"w_919524","treatment",2025-08-07,0,15
"w_788476","control",2023-06-03,0,11
"w_213631","control",2023-10-24,0,6
"w_468243","control",2022-02-22,10,9
"w_506094","treatment",2023-04-18,14,9
"w_109991","control",2025-04-20,0,13
"w_169309","control",2022-07-21,0,9
"w_552977","treatment",2019-07-05,0,12
"w_226906","control",2025-08-26,0,9
"w_663601","control",2025-11-16,0,9
"w_182877","treatment",2021-07-16,0,11
"w_388370","treatment",2023-06-09,0,11
"w_780169","treatment",2023-04-11,0,10
"w_916109","treatment",2023-04-03,0,14
"w_424679","treatment",2019-10-26,0,13
"w_636449","treatment",2020-06-03,4,13
"w_389329","treatment",2023-05-18,2,8
"w_359392","control",2020-08-10,3,6
"w_328465","treatment",2026-05-06,0,11
"w_387848","control",2018-07-01,0,15
"w_566428","control",2023-11-03,0,5
"w_305722","control",2024-07-09,2,11
"w_765346","control",2025-03-29,0,9
"w_844155","treatment",2021-10-20,4,11
"w_856392","treatment",2020-09-25,9,9
"w_667301","treatment",2024-03-21,47,14
"w_284639","control",2020-08-03,22,7
"w_368230","control",2023-05-23,2,11
"w_168146","control",2024-03-31,13,8
"w_907840","treatment",2026-01-24,0,15
"w_386113","treatment",2023-01-25,0,15
"w_161183","treatment",2025-02-26,2,7
"w_487916","treatment",2021-11-05,16,6
"w_703789","control",2019-03-14,0,11
"w_375291","treatment",2021-05-03,0,6
"w_443822","control",2022-12-05,17,8
"w_186026","control",2020-03-15,2,6
"w_803721","treatment",2023-06-17,4,4
"w_770636","control",2023-10-03,26,9
"w_555469","control",2021-09-23,1,5
"w_561439","treatment",2019-12-27,3,9
"w_963957","control",2023-04-23,0,10
"w_336989","treatment",2023-06-09,2,5
"w_998578","control",2023-04-09,97,6
"w_119086","treatment",2022-08-23,0,17
"w_357556","treatment",2023-07-30,0,9
"w_600247","control",2023-09-02,38,16
"w_786025","treatment",2020-05-28,0,6
"w_419021","treatment",2021-01-31,1,6
"w_801025","treatment",2019-06-11,0,6
"w_382898","control",2024-08-05,0,17
"w_708306","treatment",2026-05-22,0,5
"w_833759","control",2019-06-29,3,9
"w_430367","treatment",2024-08-16,4,17
"w_252669","control",2024-09-14,0,11
"w_818646","control",2019-01-18,0,11
"w_603262","treatment",2018-10-30,9,13
"w_359191","treatment",2025-02-15,10,8
"w_696482","treatment",2026-02-21,0,5
"w_823402","control",2024-03-08,0,8
"w_928116","control",2024-05-22,0,15
"w_252573","treatment",2024-01-07,7,9
"w_342206","treatment",2025-07-30,0,10
"w_374147","treatment",2018-11-21,0,14
"w_177742","treatment",2024-10-03,0,12
"w_281362","control",2021-07-07,0,9
"w_689106","treatment",2023-10-22,0,5
"w_996664","control",2019-11-03,0,8
"w_499576","treatment",2023-08-27,0,12
"w_353240","treatment",2019-05-07,14,8
"w_109332","treatment",2020-05-01,36,7
"w_893260","treatment",2020-03-28,0,10
"w_900758","control",2022-07-04,0,12
"w_244952","treatment",2020-08-11,0,8
"w_779523","treatment",2022-06-09,1,12
"w_116030","treatment",2024-08-09,0,15
"w_736256","control",2025-08-14,0,8
"w_216820","control",2023-12-26,2,11
"w_595872","control",2026-05-13,0,10
"w_889823","treatment",2025-01-24,1,11
"w_480102","control",2025-05-07,2,12
"w_168828","control",2018-07-06,0,9
"w_255000","control",2026-04-09,0,17
"w_107810","control",2019-02-09,0,8
"w_332805","control",2019-07-20,0,14
"w_253205","control",2026-01-08,0,16
"w_549665","treatment",2025-10-26,0,11
"w_753822","control",2018-12-04,0,12
"w_812735","control",2019-10-07,0,6
"w_427889","treatment",2023-07-01,2,10
"w_111033","treatment",2024-07-03,1,13
"w_796233","control",2023-09-21,10,11
"w_867593","control",2019-01-06,0,8
"w_112052","treatment",2026-06-29,3,6
"w_832782","treatment",2025-09-15,0,12
"w_171461","treatment",2024-07-06,0,10
"w_754895","treatment",2025-07-28,0,12
"w_697915","control",2021-06-06,0,14
"w_294993","treatment",2018-07-25,0,10
"w_514008","control",2020-07-31,0,8
"w_346603","treatment",2020-02-29,19,8
"w_405354","treatment",2024-03-08,3,5
"w_598719","treatment",2025-09-16,0,10
"w_223336","control",2026-07-03,0,9
"w_228985","treatment",2024-12-05,0,9
"w_209911","control",2022-07-28,3,11
"w_665714","control",2021-07-10,0,6
"w_688773","control",2023-07-10,0,13
"w_598261","control",2023-02-01,9,12
"w_640275","control",2020-10-30,0,11
"w_137381","treatment",2021-09-01,4,14
"w_977588","control",2023-05-30,0,15
"w_399565","treatment",2018-07-18,0,16
"w_944231","control",2020-09-08,7,6
"w_457637","control",2019-12-26,3,16
"w_208601","control",2024-01-07,4,13
"w_758312","treatment",2023-06-04,2,7
"w_869374","treatment",2025-01-03,3,11
"w_734203","control",2019-10-04,56,11
"w_997474","control",2019-02-15,3,12
"w_663188","control",2025-12-02,0,6
"w_566720","treatment",2025-11-14,0,13
"w_131778","control",2021-07-23,0,9
"w_619376","treatment",2021-07-20,0,14
"w_321907","treatment",2022-06-05,19,11
"w_877799","treatment",2025-11-27,0,14
"w_724043","control",2023-05-03,2,9
"w_572265","treatment",2023-09-09,4,10
"w_226766","treatment",2022-09-15,0,6
"w_644553","control",2020-11-30,0,10
"w_826990","control",2025-07-14,0,11
"w_552462","treatment",2024-12-04,0,12
"w_296257","control",2019-02-22,0,13
"w_918669","control",2019-01-30,11,9
"w_652687","control",2022-08-23,3,5
"w_493243","treatment",2025-03-01,0,9
"w_964234","treatment",2025-05-18,18,6
"w_733009","control",2025-06-11,3,9
"w_952047","treatment",2023-01-19,0,12
"w_978889","control",2024-09-22,12,19
"w_572768","treatment",2021-08-25,0,13
"w_332249","treatment",2019-09-13,0,8
"w_320634","treatment",2022-01-21,6,5
"w_469756","treatment",2021-04-12,1,4
"w_552499","control",2020-08-25,0,10
"w_193384","treatment",2023-02-01,8,12
"w_786432","treatment",2018-11-27,4,8
"w_494521","treatment",2026-01-01,0,12
"w_609891","treatment",2023-09-03,0,18
"w_949341","treatment",2024-04-13,1,8
"w_690240","treatment",2022-04-10,2,11
"w_214092","control",2019-10-11,0,10
"w_435553","control",2019-01-02,2,12
"w_117186","treatment",2019-10-18,13,12
"w_223013","treatment",2025-11-06,38,12
"w_191501","control",2022-05-30,12,7
"w_317985","treatment",2020-04-27,35,9
"w_698257","control",2025-09-21,0,9
"w_850262","treatment",2026-05-30,0,10
"w_686755","treatment",2021-08-16,2,15
"w_145615","control",2023-08-01,0,10
"w_433843","treatment",2018-06-06,12,12
"w_253914","control",2022-05-07,13,18
"w_534846","control",2026-06-20,0,11
"w_493673","control",2020-06-29,0,10
"w_275219","treatment",2025-01-28,2,7
"w_795986","control",2024-04-21,0,9
"w_360308","treatment",2021-06-18,0,9
"w_665519","treatment",2022-08-06,0,6
"w_357219","control",2021-10-09,0,7
"w_560411","control",2021-10-18,1,10
"w_713489","control",2022-07-16,0,5
"w_177314","treatment",2021-10-31,2,13
"w_569180","treatment",2021-02-12,1,6
"w_607709","treatment",2019-10-26,0,7
"w_733074","control",2026-03-29,0,8
"w_512127","control",2026-01-29,0,13
"w_992394","treatment",2023-06-07,0,10
"w_710593","treatment",2022-05-04,0,8
"w_970585","control",2024-07-25,0,10
"w_523494","control",2020-10-15,0,7
"w_932341","treatment",2020-07-08,0,10
"w_817504","control",2018-06-07,0,8
"w_765257","control",2024-07-09,25,9
"w_148297","control",2026-06-19,2,15
"w_834312","treatment",2023-05-16,13,9
"w_902417","control",2019-01-20,0,10
"w_530641","control",2023-05-14,1,9
"w_818282","treatment",2023-12-14,0,10
"w_322777","treatment",2021-06-26,8,14
"w_610965","treatment",2022-06-16,0,11
"w_611797","control",2024-03-02,0,13
"w_107204","treatment",2025-12-22,15,5
"w_336118","control",2023-07-24,0,10
"w_205585","control",2025-03-03,17,15
"w_424473","treatment",2024-08-16,0,9
"w_104315","control",2026-04-11,1,8
"w_132010","treatment",2019-10-15,5,9
"w_424743","treatment",2020-05-05,0,15
"w_933173","treatment",2024-09-09,3,11
"w_690878","control",2023-03-31,0,8
"w_165249","control",2022-10-10,0,9
"w_362569","treatment",2024-08-09,0,12
"w_530878","treatment",2024-04-29,6,6
"w_722444","control",2021-12-31,3,9
"w_250524","treatment",2024-09-02,0,10
"w_253588","control",2018-11-15,0,17
"w_386281","control",2024-08-13,0,10
"w_333439","control",2019-07-23,0,10
"w_390203","control",2019-07-15,0,8
"w_177602","treatment",2024-10-25,57,9
"w_454481","control",2022-02-16,1,4
"w_211543","control",2024-10-25,0,13
"w_665695","treatment",2025-12-05,2,7
"w_232592","treatment",2024-11-06,0,10
"w_252867","control",2026-06-21,11,7
"w_820721","control",2021-11-28,0,9
"w_493429","control",2025-01-23,1,9
"w_924327","control",2021-05-16,0,14
"w_678962","treatment",2022-12-16,0,11
"w_173908","control",2022-06-07,0,7
"w_939155","treatment",2025-06-03,3,8
"w_247790","control",2025-01-31,2,14
"w_201695","treatment",2022-07-12,0,6
"w_817783","treatment",2021-04-29,0,10
"w_244280","control",2025-01-22,0,10
"w_534059","control",2019-04-10,1,5
"w_197877","control",2018-08-16,16,7
"w_485004","treatment",2025-04-02,2,12
"w_941388","control",2023-01-26,17,6
"w_663179","treatment",2021-12-15,0,15
"w_145038","treatment",2025-06-22,12,13
"w_453443","control",2023-02-20,0,8
"w_318240","treatment",2023-07-26,4,12
"w_563292","treatment",2022-10-06,4,10
"w_721256","control",2020-01-13,0,11
"w_871460","control",2020-12-08,3,7
"w_995839","treatment",2021-03-13,0,10
"w_708146","treatment",2023-08-16,0,6
"w_708410","control",2019-10-22,0,16
"w_369168","control",2021-04-09,0,8
"w_681899","treatment",2024-01-17,1,5
"w_477363","control",2026-07-13,0,10
"w_817313","control",2026-03-09,0,10
"w_750238","control",2019-10-15,0,12
"w_824589","control",2026-05-24,1,9
"w_875409","control",2024-04-18,4,7
"w_480039","treatment",2024-07-05,4,6
"w_585473","control",2020-03-05,16,8
"w_289579","control",2024-09-23,0,10
"w_447607","treatment",2020-08-17,19,11
"w_840226","treatment",2019-02-19,16,10
"w_587810","treatment",2022-03-16,17,11
"w_985775","treatment",2023-06-10,17,10
"w_292129","treatment",2025-10-25,2,10
"w_755695","control",2025-06-18,0,8
"w_663647","treatment",2021-07-20,6,13
"w_764610","control",2025-09-30,12,12
"w_106823","control",2024-08-27,0,13
"w_417602","control",2023-03-21,0,5
"w_955824","treatment",2025-03-29,20,13
"w_749402","treatment",2021-05-02,2,12
"w_349767","treatment",2025-08-05,0,10
"w_505932","treatment",2019-03-29,0,14
"w_686903","control",2022-04-18,17,4
"w_597509","treatment",2023-01-28,0,10
"w_244927","control",2022-04-03,18,8
"w_804398","control",2026-04-11,1,10
"w_281859","control",2021-04-11,17,12
"w_242065","control",2020-05-18,6,10
"w_516277","treatment",2025-08-14,21,6
"w_619477","treatment",2022-06-09,66,16
"w_897795","treatment",2019-12-13,0,13
"w_988422","control",2025-05-13,3,7
"w_429935","control",2018-06-04,3,14
"w_433312","control",2024-11-05,2,7
"w_976829","treatment",2021-07-25,3,12
"w_356673","treatment",2019-04-11,14,12
"w_929708","control",2020-03-28,0,11
"w_288462","control",2026-06-04,64,9
"w_308468","treatment",2025-08-31,0,13
"w_209069","treatment",2026-04-02,12,11
"w_144630","control",2021-04-22,8,6
"w_336259","treatment",2023-07-28,0,13
"w_387048","control",2020-08-18,0,10
"w_348466","treatment",2025-06-21,0,7
"w_679814","control",2020-01-14,0,10
"w_690255","control",2021-04-09,9,7
"w_749540","control",2024-07-25,0,13
"w_324393","control",2020-02-03,66,12
"w_151668","control",2020-02-04,28,12
"w_175661","treatment",2023-01-15,8,8
"w_602177","treatment",2024-07-03,2,11
"w_828699","treatment",2022-06-13,0,12
"w_354173","treatment",2024-01-22,0,4
"w_811668","control",2019-09-03,0,10
"w_280463","control",2020-12-16,0,10
"w_187433","control",2020-12-04,0,7
"w_337722","control",2022-10-08,0,13
"w_848278","control",2020-09-08,86,6
"w_935799","treatment",2022-09-03,0,14
"w_374428","treatment",2023-09-14,0,11
"w_919337","control",2024-08-14,23,12
"w_702044","treatment",2025-03-15,12,9
"w_464144","treatment",2023-10-17,3,6
"w_554382","control",2023-10-14,0,9
"w_744242","treatment",2018-12-23,15,8
"w_676463","control",2018-09-01,0,9
"w_177791","treatment",2025-10-05,13,8
"w_837632","control",2026-07-05,0,8
"w_472812","control",2025-05-16,7,13
"w_615690","treatment",2025-01-13,0,9
"w_996643","treatment",2020-06-15,0,6
"w_635996","control",2022-01-27,0,7
"w_308404","treatment",2026-01-15,0,9
"w_387455","treatment",2018-10-25,0,13
"w_110568","treatment",2020-07-06,1,13
"w_231345","treatment",2018-06-26,2,9
"w_738709","treatment",2025-07-04,0,7
"w_926728","control",2021-07-19,0,8
"w_804334","control",2023-11-24,0,10
"w_350637","control",2022-07-04,0,11
"w_154900","control",2023-05-11,0,9
"w_369220","control",2018-09-12,2,9
"w_250292","control",2025-08-20,16,10
"w_802545","control",2022-06-10,4,10
"w_809645","treatment",2021-07-06,0,8
"w_210909","treatment",2025-03-03,0,10
"w_860860","treatment",2020-12-19,2,10
"w_582114","treatment",2024-10-21,0,7
"w_327312","treatment",2025-05-28,0,10
"w_358671","control",2026-06-24,1,12
"w_902802","treatment",2026-01-01,2,12
"w_474407","treatment",2019-01-14,0,7
"w_343262","control",2019-07-05,0,10
"w_648716","control",2021-02-25,3,12
"w_657344","treatment",2025-11-26,10,13
"w_749043","control",2023-08-20,1,9
"w_795788","treatment",2019-04-20,8,10
"w_747390","control",2024-05-18,0,12
"w_113861","treatment",2023-08-25,3,8
"w_244061","treatment",2020-02-26,0,11
"w_821832","control",2023-05-07,2,11
"w_528640","control",2024-10-07,3,10
"w_865541","control",2026-01-14,0,7
"w_797747","control",2018-10-14,0,16
"w_740675","treatment",2022-08-08,4,7
"w_258947","treatment",2021-03-20,0,9
"w_274055","control",2024-04-20,5,12
"w_643571","treatment",2024-10-02,7,13
"w_398808","treatment",2020-09-25,0,12
"w_300609","treatment",2024-01-12,3,8
"w_741207","control",2019-07-11,0,5
"w_358889","treatment",2019-10-01,0,11
"w_570135","control",2025-07-18,16,6
"w_374154","treatment",2025-12-10,4,10
"w_174113","treatment",2024-12-05,1,5
"w_587217","control",2021-08-03,16,13
"w_382085","treatment",2023-07-17,3,14
"w_118751","treatment",2021-01-08,0,5
"w_948697","control",2025-05-22,1,6
"w_232255","control",2021-01-03,3,8
"w_622141","control",2019-11-29,0,15
"w_273900","control",2019-02-20,0,17
"w_655210","treatment",2021-06-29,3,17
"w_256117","treatment",2025-05-15,0,12
"w_484767","control",2020-02-09,0,5
"w_801860","control",2025-05-09,0,8
"w_479423","treatment",2019-12-12,0,19
"w_171736","control",2018-09-16,0,11
"w_978475","treatment",2019-03-13,32,4
"w_621034","treatment",2021-01-14,0,14
"w_397364","control",2022-10-15,13,8
"w_408953","treatment",2020-04-22,2,9
"w_794277","control",2024-03-29,35,12
"w_253277","control",2026-03-02,0,10
"w_672783","control",2020-02-19,0,11
"w_842642","treatment",2019-04-13,0,17
"w_255158","treatment",2021-04-30,0,10
"w_735202","control",2021-09-03,0,8
"w_855414","control",2022-06-28,5,5
"w_978871","treatment",2024-05-23,0,10
"w_839523","treatment",2024-08-23,0,12
"w_282334","treatment",2019-12-31,19,14
"w_476960","treatment",2023-10-23,0,15
"w_113011","control",2021-09-06,3,5
"w_606111","treatment",2020-07-02,0,10
"w_722942","treatment",2018-07-16,0,6
"w_227475","treatment",2025-12-25,11,10
"w_237078","control",2024-12-21,0,10
"w_400850","treatment",2019-04-29,0,12
"w_963704","control",2020-05-10,0,9
"w_322305","control",2020-04-10,4,10
"w_640932","control",2023-10-06,18,19
"w_343429","treatment",2020-11-13,0,11
"w_131785","control",2019-01-07,0,6
"w_736630","control",2020-09-30,0,11
"w_172811","treatment",2025-07-10,0,7
"w_884447","treatment",2022-12-09,0,14
"w_327978","control",2023-11-07,0,11
"w_477824","treatment",2025-03-21,0,6
"w_764738","treatment",2018-11-01,0,5
"w_320136","control",2022-04-19,0,11
"w_993645","control",2019-07-18,1,9
"w_463961","control",2025-08-28,0,13
"w_759606","control",2022-03-17,1,10
"w_805384","treatment",2024-03-19,0,8
"w_754927","control",2024-06-27,0,7
"w_543127","treatment",2022-05-25,66,5
"w_608616","control",2020-07-03,0,9
"w_586055","treatment",2025-03-10,0,14
"w_711368","treatment",2019-07-26,17,9
"w_858370","treatment",2020-07-26,11,6
"w_716441","control",2023-08-04,0,8
"w_248453","treatment",2022-05-06,0,10
"w_915037","treatment",2022-06-29,0,8
"w_531164","treatment",2020-10-16,1,18
"w_644837","treatment",2025-07-03,0,8
"w_252736","control",2024-01-30,0,9
"w_335867","control",2022-08-30,5,11
"w_294193","control",2022-10-01,0,8
"w_714904","treatment",2025-08-26,16,16
"w_305832","control",2026-06-25,0,7
"w_373767","control",2018-09-30,6,9
"w_878738","treatment",2018-12-06,0,11
"w_143377","control",2026-02-28,0,9
"w_976136","control",2020-04-29,0,11
"w_320595","control",2018-10-28,0,10
"w_694433","control",2023-06-16,21,12
"w_672606","control",2021-02-03,3,9
"w_498255","treatment",2023-05-01,70,14
"w_354458","control",2024-06-11,0,9
"w_695376","control",2021-03-23,80,8
"w_801751","treatment",2024-02-26,3,11
"w_841937","treatment",2022-02-11,1,11
"w_346462","control",2019-05-22,0,16
"w_955669","treatment",2023-03-11,0,8
"w_312608","control",2019-11-18,0,7
"w_623722","control",2019-05-30,3,9
"w_324391","control",2025-08-07,0,6
"w_168409","treatment",2022-04-26,0,7
"w_751110","control",2025-12-18,4,10
"w_359181","treatment",2021-11-28,0,16
"w_157244","control",2021-12-30,0,13
"w_624911","control",2022-05-17,4,9
"w_784030","control",2019-07-08,71,13
"w_807911","treatment",2023-05-21,0,10
"w_738819","control",2020-11-21,16,7
"w_632997","treatment",2022-09-08,0,10
"w_880754","treatment",2021-10-01,0,10
"w_827635","treatment",2020-12-22,0,10
"w_648186","control",2019-10-25,0,15
"w_450592","treatment",2019-09-15,0,8
"w_434517","control",2024-04-07,7,9
"w_494186","treatment",2023-09-07,0,8
"w_633080","treatment",2026-03-17,0,9
"w_759034","treatment",2022-11-24,3,10
"w_507896","treatment",2019-11-01,0,9
"w_512181","treatment",2021-10-20,0,14
"w_406852","control",2021-05-16,4,7
"w_940405","treatment",2024-10-28,0,9
"w_845249","control",2023-07-20,0,13
"w_788924","control",2020-02-17,0,9
"w_979365","control",2023-08-23,1,11
"w_586304","treatment",2020-11-15,3,9
"w_636199","control",2020-10-04,0,9
"w_470703","treatment",2025-11-20,0,10
"w_787261","control",2024-04-28,0,8
"w_697717","treatment",2021-05-14,0,12
"w_962331","treatment",2022-06-13,16,10
"w_614542","treatment",2026-04-08,18,12
"w_729782","control",2026-04-02,3,10
"w_376970","control",2022-12-05,0,14
"w_775270","control",2021-11-02,0,7
"w_341170","treatment",2020-04-01,0,7
"w_425673","treatment",2021-12-17,0,12
"w_861761","treatment",2018-12-14,0,10
"w_624773","treatment",2019-02-06,18,14
"w_903569","treatment",2025-01-27,19,9
"w_391898","control",2023-07-10,0,13
"w_985058","treatment",2024-01-27,3,9
"w_763027","treatment",2023-05-08,0,12
"w_848948","treatment",2021-03-12,0,19
"w_508470","control",2020-04-23,1,8
"w_768403","control",2025-01-04,0,7
"w_303849","treatment",2025-01-04,0,11
"w_649260","control",2022-07-05,0,8
"w_452233","control",2023-02-06,0,14
"w_442464","treatment",2020-10-28,1,11
"w_567566","treatment",2025-07-01,13,9
"w_708857","treatment",2024-07-25,2,11
"w_758359","control",2022-03-24,4,5
"w_916284","control",2025-08-05,0,9
"w_495187","control",2020-10-06,13,8
"w_613816","control",2023-08-08,4,10
"w_872224","treatment",2021-11-05,0,8
"w_295929","treatment",2021-05-25,0,10
"w_987808","treatment",2022-11-07,0,12
"w_212664","treatment",2025-04-24,0,12
"w_598641","treatment",2022-09-12,20,8
"w_830076","control",2022-12-14,0,10
"w_395814","control",2023-12-15,0,9
"w_189936","control",2023-05-29,0,9
"w_219860","control",2022-01-09,2,14
"w_897854","control",2019-12-04,0,14
"w_347169","treatment",2024-10-13,0,8
"w_454154","treatment",2018-08-16,0,10
"w_188636","treatment",2023-09-02,0,6
"w_208694","control",2018-07-12,10,13
"w_323665","treatment",2020-08-17,0,13
"w_551902","control",2020-04-08,0,8
"w_351129","control",2021-11-06,28,10
"w_489198","control",2023-07-11,0,11
"w_623354","treatment",2026-05-14,3,8
"w_694250","control",2025-02-17,4,8
"w_330067","treatment",2024-05-24,19,13
"w_139538","treatment",2019-08-27,0,9
"w_755889","treatment",2018-09-14,0,9
"w_337836","control",2020-01-09,0,13
"w_720240","treatment",2025-10-15,0,14
"w_821820","control",2023-01-03,0,18
"w_992791","treatment",2019-03-14,2,9
"w_855565","treatment",2019-06-07,1,12
"w_190878","control",2026-01-22,3,15
"w_614073","treatment",2022-04-29,5,12
"w_763537","control",2020-08-26,0,12
"w_199371","treatment",2025-10-18,0,8
"w_286195","control",2024-02-12,0,9
"w_956508","control",2021-05-28,0,12
"w_406103","treatment",2025-02-08,4,12
"w_160772","treatment",2025-04-22,0,10
"w_179569","control",2026-02-11,3,5
"w_961289","treatment",2023-11-10,6,12
"w_503811","control",2024-04-03,0,14
"w_824213","control",2019-06-21,0,3
"w_191020","treatment",2020-07-31,0,6
"w_726633","control",2024-09-03,4,12
"w_894495","treatment",2022-05-17,0,12
"w_664974","treatment",2019-03-14,0,8
"w_639669","treatment",2019-07-11,9,13
"w_599264","treatment",2025-02-22,0,11
"w_697099","control",2019-05-04,0,11
"w_710346","control",2020-09-20,0,11
"w_523462","control",2020-11-15,0,14
"w_929711","treatment",2020-03-18,0,10
"w_670214","treatment",2025-05-16,0,7
"w_421505","control",2024-11-15,0,7
"w_967501","control",2022-06-28,12,8
"w_431768","treatment",2023-06-21,0,9
"w_767242","control",2019-07-24,4,5
"w_198432","control",2026-02-14,0,15
"w_534652","treatment",2022-07-21,0,9
"w_613917","control",2018-06-13,3,3
"w_956271","control",2026-03-01,0,10
"w_236187","treatment",2020-11-18,3,14
"w_248927","control",2025-08-23,4,8
"w_351256","treatment",2018-07-17,0,7
"w_804864","treatment",2021-07-19,5,12
"w_326926","treatment",2024-10-05,0,11
"w_575952","control",2025-10-24,4,6
"w_432970","treatment",2022-04-17,3,7
"w_879351","treatment",2022-04-18,0,6
"w_166373","control",2018-08-05,0,13
"w_196426","control",2026-03-11,105,8
"w_639782","control",2021-12-07,0,10
"w_466344","control",2025-06-16,0,14
"w_249415","control",2025-10-09,0,10
"w_267128","treatment",2020-06-22,0,8
"w_228656","treatment",2018-12-06,0,9
"w_123896","treatment",2023-07-05,2,9
"w_239822","control",2021-01-21,0,8
"w_920084","control",2023-03-24,0,15
"w_532885","treatment",2020-11-10,9,17
"w_845467","control",2026-04-21,29,6
"w_514286","treatment",2019-07-26,0,9
"w_956734","treatment",2019-09-11,0,9
"w_638865","control",2018-08-19,0,7
"w_877138","treatment",2026-03-06,0,15
"w_383742","control",2026-05-06,0,11
"w_884788","treatment",2020-01-05,3,6
"w_433187","control",2022-05-27,0,9
"w_101838","treatment",2024-05-23,0,8
"w_867279","treatment",2023-02-27,0,6
"w_709982","treatment",2024-08-02,0,13
"w_164293","control",2026-07-11,3,5
"w_169441","treatment",2022-10-26,0,6
"w_714899","control",2025-03-07,12,5
"w_792361","treatment",2026-02-04,0,8
"w_286127","control",2024-12-07,12,14
"w_562397","control",2025-04-23,0,15
"w_376059","treatment",2026-07-04,7,11
"w_467797","treatment",2024-07-25,10,11
"w_631816","control",2026-04-11,0,9
"w_639810","treatment",2023-08-13,1,10
"w_731619","control",2019-04-08,0,7
"w_673093","treatment",2019-07-28,0,4
"w_290523","treatment",2022-09-27,0,11
"w_152287","control",2019-09-17,3,7
"w_316831","control",2018-06-20,4,14
"w_215595","control",2022-12-30,0,10
"w_821858","control",2020-08-08,2,9
"w_329243","treatment",2023-12-18,3,16
"w_454188","control",2026-01-29,37,16
"w_308985","control",2022-06-28,0,13
"w_416344","control",2026-06-04,0,6
"w_235177","control",2020-05-24,2,12
"w_735679","treatment",2019-12-03,4,14
"w_735828","treatment",2020-12-07,0,9
"w_311669","treatment",2021-03-30,3,13
"w_876638","treatment",2020-08-23,0,12
"w_563876","treatment",2022-10-25,0,10
"w_741980","treatment",2021-02-18,0,8
"w_185667","control",2018-06-15,0,7
"w_811589","treatment",2018-12-27,0,12
"w_631153","control",2024-06-30,4,9
"w_946504","control",2021-07-02,0,12
"w_292940","control",2024-02-09,61,8
"w_850357","treatment",2023-07-08,0,11
"w_344852","control",2021-04-14,0,10
"w_371654","control",2019-11-28,0,6
"w_113258","treatment",2021-10-03,1,7
"w_383601","treatment",2020-06-29,0,10
"w_786988","control",2024-07-16,0,9
"w_749931","treatment",2023-05-07,2,18
"w_635014","control",2025-10-09,2,9
"w_846643","treatment",2024-05-16,0,13
"w_836600","control",2019-06-30,2,6
"w_802601","treatment",2020-03-05,0,10
"w_603081","treatment",2020-03-11,5,13
"w_523206","treatment",2025-01-29,0,19
"w_880000","control",2020-11-25,0,10
"w_689758","control",2019-11-27,1,4
"w_830605","treatment",2025-05-09,0,12
"w_543346","control",2021-06-17,0,9
"w_511612","treatment",2024-02-02,0,8
"w_984198","control",2023-10-07,0,12
"w_830122","control",2021-05-06,4,12
"w_487865","control",2023-05-25,0,10
"w_726158","treatment",2023-01-18,0,9
"w_591972","treatment",2022-09-25,0,11
"w_562089","treatment",2022-11-18,2,15
"w_130931","control",2023-07-31,13,11
"w_746611","treatment",2022-05-25,1,23
"w_318199","treatment",2022-05-25,0,10
"w_368980","control",2018-12-05,28,10
"w_350588","treatment",2022-03-30,0,11
"w_235361","control",2019-10-13,16,10
"w_405438","control",2025-01-31,18,8
"w_688026","treatment",2019-04-15,3,17
"w_243876","treatment",2018-12-22,1,15
"w_153021","treatment",2020-07-18,0,5
"w_343072","treatment",2025-03-08,4,12
"w_142959","control",2024-10-23,14,5
"w_607678","control",2020-12-23,2,10
"w_978881","control",2022-08-09,2,12
"w_162004","treatment",2021-05-24,0,14
"w_904997","treatment",2021-02-18,1,11
"w_460767","control",2026-02-08,0,7
"w_366370","treatment",2020-07-02,0,9
"w_324483","control",2018-11-01,4,11
"w_403800","treatment",2026-02-08,0,10
"w_999903","treatment",2019-11-05,4,10
"w_399112","treatment",2021-06-15,2,9
"w_304804","control",2022-10-06,0,9
"w_306232","control",2022-05-02,0,14
"w_106714","treatment",2024-05-24,0,13
"w_232564","treatment",2019-02-07,0,15
"w_703346","treatment",2023-02-28,7,11
"w_609011","control",2021-07-08,102,9
"w_647988","control",2018-09-03,5,7
"w_660570","treatment",2019-09-24,0,9
"w_193046","treatment",2018-07-03,0,6
"w_239083","treatment",2022-10-17,0,12
"w_631067","control",2026-04-14,1,4
"w_118384","control",2026-06-12,3,10
"w_736647","treatment",2019-01-31,1,12
"w_839404","control",2021-11-16,18,18
"w_179016","control",2020-09-20,0,10
"w_583383","control",2020-11-28,16,18
"w_260461","treatment",2019-12-03,0,13
"w_785973","control",2025-11-18,0,16
"w_481064","treatment",2020-01-01,0,5
"w_269922","control",2026-06-05,0,13
"w_577970","control",2025-10-07,7,8
"w_828175","treatment",2022-12-09,14,8
"w_878031","treatment",2021-05-01,1,14
"w_634435","control",2022-09-14,3,9
"w_201388","treatment",2023-05-06,6,9
"w_620055","control",2022-09-13,0,10
"w_107960","treatment",2024-11-24,0,8
"w_860338","control",2025-11-24,0,8
"w_565511","control",2019-05-09,0,7
"w_316725","treatment",2022-09-28,17,10
"w_380990","treatment",2026-05-29,0,9
"w_326579","control",2025-12-21,49,13
"w_923311","treatment",2026-03-21,0,15
"w_279078","treatment",2023-10-22,0,10
"w_434839","control",2020-11-11,0,11
"w_997274","control",2018-12-21,0,11
"w_195741","control",2024-08-16,9,14
"w_120983","control",2024-04-02,1,8
"w_889804","control",2024-07-03,8,8
"w_956691","treatment",2023-07-25,0,11
"w_106202","treatment",2020-12-06,10,9
"w_866279","treatment",2022-07-30,0,4
"w_214103","treatment",2023-01-13,0,10
"w_835883","treatment",2021-06-25,1,11
"w_354122","treatment",2023-02-22,0,15
"w_717929","control",2026-01-29,4,13
"w_472698","control",2023-12-28,0,10
"w_541433","control",2023-09-01,1,15
"w_129419","treatment",2022-09-05,0,10
"w_641249","treatment",2023-02-20,34,5
"w_657710","treatment",2021-07-15,2,10
"w_548483","treatment",2022-06-21,0,10
"w_497248","treatment",2020-10-16,0,6
"w_965937","treatment",2019-10-30,0,10
"w_121645","treatment",2019-09-03,0,9
"w_477095","treatment",2022-01-05,0,9
"w_296095","treatment",2025-12-09,0,11
"w_128160","control",2021-07-23,0,8
"w_546678","treatment",2024-01-13,4,11
"w_390458","control",2019-09-06,4,6
"w_854962","treatment",2024-12-18,0,7
"w_563988","control",2018-12-10,56,13
"w_990438","control",2024-11-09,10,9
"w_925629","control",2022-09-12,4,11
"w_647355","treatment",2026-06-20,0,14
"w_173318","treatment",2022-03-22,0,13
"w_545507","control",2023-09-27,0,9
"w_284655","treatment",2019-07-08,3,13
"w_706860","control",2021-08-23,0,14
"w_226052","treatment",2023-12-01,19,10
"w_224436","treatment",2024-09-04,48,4
"w_258065","treatment",2022-09-22,0,8
"w_594653","treatment",2019-09-23,0,14
"w_945488","treatment",2023-01-31,0,14
"w_300846","control",2018-12-28,0,10
"w_556479","control",2022-12-29,0,16
"w_168487","treatment",2024-08-27,0,16
"w_900174","treatment",2019-01-10,0,9
"w_192024","treatment",2025-05-07,0,13
"w_243321","treatment",2023-01-21,2,4
"w_867729","treatment",2022-12-20,0,10
"w_712061","control",2023-03-15,0,11
"w_261447","treatment",2018-08-04,0,12
"w_732457","control",2024-12-29,0,16
"w_104917","treatment",2021-08-09,126,19
"w_946111","control",2021-08-07,18,13
"w_535241","treatment",2026-04-10,2,10
"w_775577","control",2025-11-30,0,8
"w_154080","treatment",2024-08-29,0,11
"w_228068","control",2018-09-14,0,11
"w_844471","treatment",2024-05-10,137,12
"w_427032","control",2019-05-10,0,9
"w_805926","control",2022-01-05,0,9
"w_308426","treatment",2022-04-14,0,12
"w_478560","control",2020-02-19,4,7
"w_766563","treatment",2024-11-15,0,7
"w_279790","control",2021-09-28,4,5
"w_529774","control",2026-07-05,0,6
"w_434978","treatment",2018-10-09,10,11
"w_521514","control",2019-12-17,4,14
"w_833462","control",2022-01-04,1,8
"w_229062","control",2019-06-12,0,8
"w_334465","control",2020-08-21,0,10
"w_588918","control",2024-04-11,3,11
"w_812215","treatment",2024-06-09,19,9
"w_226304","treatment",2018-09-04,1,10
"w_470184","treatment",2025-06-08,0,13
"w_133881","treatment",2025-05-26,0,9
"w_827065","treatment",2023-07-02,0,8
"w_803464","control",2025-10-22,0,8
"w_963227","treatment",2023-11-18,1,10
"w_792290","treatment",2018-07-09,13,9
"w_697577","control",2019-06-21,18,9
"w_403353","control",2025-09-16,0,9
"w_350806","treatment",2026-03-31,0,10
"w_870162","treatment",2022-07-22,0,9
"w_708256","control",2018-10-10,0,15
"w_664421","control",2018-09-08,0,9
"w_503932","treatment",2025-03-15,0,14
"w_666964","control",2024-12-22,33,6
"w_478231","control",2021-06-29,14,10
"w_860664","control",2026-02-28,0,10
"w_256926","control",2026-02-07,13,12
"w_848796","control",2024-05-30,2,9
"w_180584","control",2020-12-19,1,6
"w_428222","treatment",2020-08-17,0,11
"w_940060","treatment",2026-07-13,5,10
"w_288209","control",2022-10-22,0,8
"w_153496","control",2021-05-12,0,12
"w_966652","control",2024-02-27,0,10
"w_348615","control",2026-03-22,4,12
"w_731979","treatment",2025-05-07,0,6
"w_406997","treatment",2025-09-14,0,10
"w_624377","treatment",2020-10-27,0,13
"w_450999","control",2022-09-20,0,13
"w_190990","control",2025-11-02,0,9
"w_546485","control",2023-11-13,0,12
"w_829732","treatment",2023-09-15,4,7
"w_318593","treatment",2019-02-10,0,10
"w_192679","control",2019-01-19,0,14
"w_375942","treatment",2023-07-23,10,7
"w_552071","control",2022-06-28,3,11
"w_561750","treatment",2026-03-12,7,9
"w_288374","treatment",2020-06-07,6,12
"w_658267","control",2018-07-24,2,10
"w_805087","control",2024-05-03,0,18
"w_977512","control",2019-08-23,0,12
"w_360100","control",2023-11-20,0,10
"w_438408","treatment",2024-11-16,0,11
"w_294997","control",2022-09-11,0,12
"w_601557","treatment",2019-07-22,1,14
"w_899477","control",2024-09-30,0,10
"w_230448","control",2022-12-31,0,12
"w_892943","control",2020-03-07,1,6
"w_416377","control",2019-10-21,7,9
"w_809574","control",2022-10-07,0,4
"w_921994","control",2021-03-30,4,9
"w_686396","treatment",2019-03-18,0,13
"w_158479","treatment",2023-01-13,0,7
"w_498893","control",2019-03-30,3,8
"w_240548","control",2018-10-23,59,11
"w_232742","treatment",2025-10-28,0,12
"w_121698","treatment",2025-07-29,107,11
"w_666667","control",2022-04-26,0,11
"w_138872","treatment",2022-06-23,0,15
"w_912119","control",2024-02-23,0,3
"w_675021","treatment",2024-09-28,2,17
"w_659081","control",2019-07-11,0,14
"w_421842","treatment",2024-08-01,2,8
"w_608157","control",2021-10-10,0,15
"w_655527","treatment",2024-04-18,4,9
"w_571386","treatment",2021-07-18,0,12
"w_549596","treatment",2026-05-09,4,13
"w_134202","control",2024-08-30,0,6
"w_106957","treatment",2025-07-07,0,9
"w_963836","control",2020-02-09,2,12
"w_880826","treatment",2024-09-04,0,15
"w_178845","treatment",2022-12-11,0,8
"w_896509","control",2019-03-19,2,13
"w_182661","treatment",2024-04-22,0,6
"w_371352","control",2020-04-28,4,8
"w_157223","control",2023-01-27,3,8
"w_112250","control",2025-12-09,0,13
"w_994854","control",2023-03-26,0,12
"w_851719","treatment",2021-02-10,0,10
"w_590712","control",2021-06-15,13,10
"w_831044","control",2023-04-17,48,7
"w_170753","control",2023-07-14,0,13
"w_642399","control",2025-12-29,19,16
"w_934806","treatment",2024-04-07,0,5
"w_659315","treatment",2023-10-23,0,7
"w_396721","treatment",2022-09-09,2,8
"w_146162","control",2021-12-05,1,11
"w_302223","treatment",2020-05-07,2,11
"w_878355","control",2020-02-23,9,12
"w_812743","control",2019-01-15,5,4
"w_600721","treatment",2018-09-16,0,13
"w_960902","control",2022-10-27,21,10
"w_636306","treatment",2026-01-25,1,13
"w_775296","control",2019-01-09,0,11
"w_364693","treatment",2020-07-15,0,11
"w_837036","control",2025-09-17,3,10
"w_124481","treatment",2022-08-08,0,13
"w_459768","treatment",2024-06-10,0,10
"w_145588","control",2019-08-18,0,6
"w_639102","control",2019-04-29,0,13
"w_702993","control",2024-12-10,0,11
"w_821256","treatment",2026-04-06,0,9
"w_493145","control",2026-05-18,1,8
"w_926364","treatment",2024-11-07,17,13
"w_123131","treatment",2022-08-14,4,9
"w_940804","control",2023-10-22,1,15
"w_263306","control",2022-11-20,4,11
"w_768995","treatment",2023-07-27,0,8
"w_564281","control",2024-06-14,4,13
"w_776527","control",2023-12-17,0,9
"w_155738","control",2023-07-05,1,8
"w_834375","treatment",2022-06-03,0,11
"w_867866","treatment",2021-06-16,7,10
"w_580384","treatment",2021-10-20,0,14
"w_266864","treatment",2023-01-29,0,5
"w_462739","treatment",2019-08-10,0,10
"w_998257","control",2024-04-29,0,7
"w_207187","control",2021-10-08,10,12
"w_744301","control",2019-04-03,0,4
"w_580435","treatment",2021-01-04,0,17
"w_770681","control",2024-07-15,0,12
"w_536365","control",2026-05-17,3,6
"w_695203","control",2021-10-27,0,5
"w_276184","treatment",2022-05-09,3,15
"w_696393","control",2019-05-10,0,9
"w_476241","control",2022-12-05,0,11
"w_280233","treatment",2022-12-13,3,6
"w_383056","treatment",2020-12-04,2,15
"w_669570","treatment",2024-03-30,4,16
"w_885757","control",2020-07-19,0,15
"w_625738","treatment",2021-10-21,0,8
"w_359668","control",2026-06-26,0,13
"w_385411","treatment",2020-06-05,58,9
"w_506761","control",2020-11-16,0,11
"w_769122","control",2024-01-09,0,16
"w_598689","control",2025-04-10,1,11
"w_780042","control",2022-03-17,0,9
"w_406840","control",2020-02-15,9,8
"w_532644","treatment",2022-02-28,0,7
"w_374897","control",2023-02-19,3,10
"w_711663","control",2025-06-03,0,14
"w_750611","control",2022-05-11,0,7
"w_325559","treatment",2026-02-24,23,10
"w_748163","control",2025-10-21,0,9
"w_436073","treatment",2024-10-19,2,10
"w_330335","treatment",2025-12-12,0,9
"w_913690","treatment",2018-06-04,24,7
"w_800359","control",2025-03-05,0,13
"w_491476","treatment",2021-03-15,0,9
"w_730476","control",2024-05-03,4,10
"w_606409","treatment",2022-12-30,0,9
"w_626632","control",2022-08-30,0,11
"w_990875","treatment",2022-08-25,0,8
"w_432886","control",2020-03-16,1,7
"w_889066","treatment",2024-06-07,0,9
"w_842059","control",2021-07-17,0,9
"w_125549","treatment",2026-01-08,0,8
"w_726059","treatment",2025-10-15,30,12
"w_523897","control",2018-11-26,0,9
"w_804677","treatment",2020-06-19,2,13
"w_250167","control",2024-02-27,0,9
"w_183134","treatment",2022-03-20,4,12
"w_825825","control",2021-05-01,0,10
"w_267021","control",2021-01-26,2,9
"w_645933","treatment",2020-09-01,0,12
"w_608013","control",2020-12-10,0,9
"w_872565","treatment",2020-02-27,3,9
"w_512265","treatment",2018-12-22,0,6
"w_913646","control",2021-10-15,1,13
"w_459939","treatment",2024-06-22,0,10
"w_406587","control",2025-05-13,4,11
"w_685872","treatment",2023-02-08,0,11
"w_635372","control",2023-02-04,0,4
"w_375268","treatment",2018-10-03,0,11
"w_471282","treatment",2019-08-29,0,17
"w_255508","treatment",2025-05-22,4,8
"w_301971","control",2023-06-08,11,12
"w_118528","treatment",2026-02-12,18,17
"w_115911","treatment",2019-09-07,0,8
"w_437007","treatment",2022-11-20,2,18
"w_846337","control",2020-08-08,3,10
"w_897595","control",2022-11-29,1,8
"w_504891","control",2025-02-19,0,11
"w_923474","treatment",2018-07-08,1,5
"w_663036","treatment",2021-07-30,10,12
"w_448090","control",2018-06-08,0,9
"w_576703","treatment",2023-06-11,0,14
"w_809239","treatment",2020-01-28,4,8
"w_346185","treatment",2025-08-30,0,14
"w_886988","treatment",2018-07-05,1,10
"w_522785","control",2024-06-08,0,8
"w_710800","control",2022-07-27,1,10
"w_165352","treatment",2021-11-30,3,13
"w_952060","treatment",2020-03-28,0,11
"w_377478","control",2021-08-30,0,8
"w_575392","treatment",2020-06-18,8,5
"w_743609","control",2020-03-17,0,12
"w_870426","treatment",2023-10-15,0,7
"w_264810","treatment",2026-02-06,0,12
"w_543929","treatment",2020-07-05,0,8
"w_951727","control",2024-02-02,3,10
"w_615595","treatment",2019-05-11,0,7
"w_280422","control",2022-03-02,1,10
"w_355089","control",2020-10-17,0,10
"w_816507","treatment",2025-08-24,0,11
"w_916788","control",2025-02-07,1,10
"w_897808","treatment",2019-02-25,3,9
"w_191578","control",2019-09-21,9,9
"w_368810","treatment",2025-03-13,0,10
"w_354615","treatment",2024-03-22,44,9
"w_234452","treatment",2024-11-12,3,10
"w_402870","control",2019-02-26,1,7
"w_984327","control",2024-10-24,0,11
"w_578256","control",2018-12-14,17,8
"w_445766","control",2022-05-07,0,8
"w_975662","control",2026-04-03,15,9
"w_423291","treatment",2020-08-27,0,10
"w_743431","treatment",2026-01-13,0,10
"w_872752","control",2020-06-04,0,10
"w_776291","control",2020-08-10,14,8
"w_629328","control",2019-10-24,0,13
"w_209669","control",2020-11-09,0,8
"w_435523","control",2022-12-16,0,8
"w_560460","control",2025-09-25,0,10
"w_784571","treatment",2018-06-22,4,10
"w_617630","control",2025-03-02,0,12
"w_941683","treatment",2021-07-20,13,13
"w_339934","treatment",2020-10-28,0,9
"w_193001","treatment",2020-09-01,0,8
"w_236188","control",2023-01-18,126,10
"w_483926","treatment",2026-04-02,4,5
"w_809155","control",2025-08-17,0,8
"w_976992","control",2019-04-30,0,10
"w_163969","control",2023-12-27,0,12
"w_636614","control",2020-01-30,2,6
"w_703174","control",2019-11-12,3,8
"w_550182","control",2021-10-06,0,7
"w_321632","treatment",2019-07-04,16,11
"w_582542","control",2026-06-16,1,6
"w_430991","treatment",2022-01-29,2,7
"w_766460","control",2025-09-29,4,6
"w_843303","treatment",2023-08-21,0,6
"w_374882","control",2023-09-16,4,18
"w_191865","treatment",2024-04-24,0,11
"w_907529","control",2024-10-01,0,8
"w_769246","control",2020-05-30,0,6
"w_485856","control",2024-05-17,0,6
"w_881950","treatment",2020-11-25,26,11
"w_693069","treatment",2019-01-25,3,15
"w_358319","treatment",2024-12-02,1,8
"w_661887","control",2021-04-19,0,12
"w_508382","treatment",2019-07-17,4,12
"w_132832","treatment",2024-01-27,4,12
"w_608385","control",2022-11-18,0,12
"w_225863","treatment",2026-05-18,4,10
"w_386995","control",2019-12-05,2,7
"w_766116","control",2018-10-08,0,9
"w_796119","treatment",2025-04-21,2,3
"w_279030","control",2019-08-26,7,10
"w_575470","treatment",2020-05-17,2,13
"w_202869","control",2022-07-20,0,14
"w_846703","treatment",2018-12-13,6,8
"w_747579","treatment",2019-01-05,3,13
"w_392662","control",2024-02-06,3,18
"w_119376","treatment",2022-11-18,0,14
"w_928159","treatment",2019-04-27,12,12
"w_641583","treatment",2023-12-11,1,11
"w_824361","treatment",2025-06-05,0,6
"w_183023","control",2024-07-08,13,7
"w_839047","treatment",2019-10-01,3,10
"w_557391","treatment",2018-11-28,0,12
"w_449745","control",2018-11-28,0,10
"w_660354","treatment",2023-10-17,10,8
"w_924520","treatment",2025-08-21,6,9
"w_452550","control",2022-07-25,0,18
"w_709361","treatment",2021-09-02,0,6
"w_261132","treatment",2026-01-03,4,8
"w_229803","control",2024-07-11,17,8
"w_788257","control",2023-07-01,12,12
"w_766478","control",2024-12-08,1,9
"w_557983","control",2025-08-14,0,9
"w_990841","treatment",2019-08-10,0,12
"w_391799","control",2021-03-21,0,12
"w_225411","treatment",2024-10-11,0,7
"w_925449","control",2019-01-14,0,16
"w_727865","treatment",2018-11-24,2,14
"w_555189","treatment",2021-12-30,1,7
"w_979100","treatment",2024-11-21,0,9
"w_690866","control",2021-04-27,0,9
"w_807626","treatment",2024-06-02,3,6
"w_302510","treatment",2018-11-18,1,11
"w_134554","control",2024-09-16,0,9
"w_503585","treatment",2022-05-29,0,11
"w_181947","treatment",2021-07-25,0,14
"w_587757","treatment",2020-01-30,98,8
"w_818256","treatment",2019-11-04,12,8
"w_126441","treatment",2019-04-06,0,5
"w_834872","control",2024-06-14,0,13
"w_739713","treatment",2022-02-22,0,13
"w_501856","control",2021-02-28,0,8
"w_512599","control",2019-06-25,3,7
"w_187508","control",2022-07-09,0,8
"w_174271","control",2022-10-19,0,7
"w_471870","treatment",2024-05-29,0,11
"w_627522","control",2023-06-01,0,11
"w_746138","treatment",2020-06-12,18,11
"w_466913","control",2021-01-11,0,10
"w_391347","control",2023-10-31,0,13
"w_560895","treatment",2020-07-14,16,11
"w_121234","treatment",2019-04-20,0,15
"w_413433","control",2020-12-21,0,11
"w_790308","treatment",2023-12-25,2,9
"w_912378","treatment",2025-12-04,67,10
"w_550248","treatment",2022-01-23,3,12
"w_863354","control",2023-08-01,4,11
"w_338539","treatment",2019-11-06,15,15
"w_463507","control",2020-02-05,0,8
"w_207755","control",2022-04-26,0,13
"w_535716","treatment",2023-05-27,0,9
"w_312353","treatment",2022-08-12,1,13
"w_350952","treatment",2018-09-23,25,10
"w_526945","control",2019-10-04,0,8
"w_957779","treatment",2024-01-04,0,11
"w_587100","control",2025-03-06,3,10
"w_763698","treatment",2024-05-20,0,11
"w_743586","control",2018-06-19,2,12
"w_600495","control",2022-01-10,0,5
"w_900994","treatment",2021-06-25,4,12
"w_238841","control",2024-10-25,0,10
"w_981192","treatment",2022-02-12,0,6
"w_867897","treatment",2018-08-31,0,8
"w_642017","treatment",2023-03-03,4,7
"w_282528","treatment",2026-04-16,0,7
"w_846330","control",2019-10-10,1,13
"w_888991","control",2023-08-26,0,9
"w_434831","control",2021-07-26,0,7
"w_613578","control",2022-05-28,4,11
"w_161291","treatment",2023-06-13,1,5
"w_267649","control",2022-06-28,0,10
"w_885529","control",2019-03-16,0,11
"w_367105","treatment",2018-07-05,0,10
"w_758365","treatment",2026-02-09,0,12
"w_719207","treatment",2024-06-05,5,16
"w_645293","treatment",2022-07-05,0,12
"w_294451","treatment",2023-07-10,1,6
"w_664043","treatment",2020-07-20,13,11
"w_355252","treatment",2026-05-23,13,8
"w_506562","treatment",2025-06-07,16,9
"w_435247","treatment",2019-06-13,0,13
"w_871820","treatment",2024-06-04,0,10
"w_961627","control",2019-09-13,3,14
"w_748628","treatment",2025-09-20,0,13
"w_850778","control",2021-12-12,0,11
"w_333756","control",2019-07-16,3,8
"w_609176","control",2024-12-02,0,4
"w_494887","treatment",2026-04-09,16,13
"w_983194","treatment",2019-11-07,0,13
"w_957532","control",2022-03-14,0,8
"w_280887","control",2024-12-28,0,15
"w_961451","control",2021-03-24,0,15
"w_437883","control",2023-10-04,0,6
"w_299612","control",2026-06-26,0,9
"w_290960","treatment",2024-10-20,0,8
"w_827583","control",2020-08-03,0,10
"w_103601","treatment",2018-06-23,0,9
"w_214038","treatment",2018-10-28,9,12
"w_764010","control",2018-09-04,0,6
"w_784266","control",2026-01-14,0,10
"w_267105","control",2025-10-22,2,6
"w_209202","control",2020-01-06,0,10
"w_167061","treatment",2019-09-08,0,10
"w_165498","treatment",2024-10-22,32,12
"w_312753","control",2024-03-31,0,14
"w_297973","treatment",2018-07-22,2,10
"w_119167","treatment",2023-12-26,20,5
"w_263442","control",2021-12-19,0,10
"w_425720","control",2021-04-30,0,11
"w_197883","control",2021-06-27,3,11
"w_300645","control",2022-08-09,1,5
"w_508282","treatment",2026-01-29,10,11
"w_880439","control",2021-12-04,0,13
"w_367408","control",2020-12-13,0,7
"w_806726","treatment",2018-10-06,1,7
"w_312731","control",2018-12-08,0,16
"w_536908","control",2023-03-12,0,11
"w_999360","treatment",2021-03-20,0,14
"w_676905","control",2021-06-03,0,15
"w_716028","treatment",2024-03-29,0,7
"w_441501","control",2025-10-16,8,15
"w_652110","treatment",2025-05-24,0,11
"w_932421","control",2021-09-14,0,13
"w_114768","control",2025-08-11,0,8
"w_130933","treatment",2020-12-23,0,11
"w_402945","treatment",2022-11-15,3,12
"w_735568","control",2022-06-14,0,7
"w_796736","control",2025-08-19,5,12
"w_884400","treatment",2018-09-14,1,6
"w_699944","treatment",2025-03-30,0,12
"w_877902","control",2019-01-04,0,4
"w_670449","treatment",2023-12-08,16,12
"w_781764","treatment",2025-07-24,4,13
"w_834426","treatment",2020-01-20,0,11
"w_696964","control",2019-08-30,0,14
"w_505438","treatment",2022-09-15,0,11
"w_777105","control",2024-04-04,2,10
"w_475055","treatment",2025-10-10,39,9
"w_909855","treatment",2020-04-27,0,5
"w_238993","control",2018-08-27,0,9
"w_321967","treatment",2023-05-29,0,7
"w_132756","treatment",2019-01-26,54,10
"w_252217","control",2025-01-22,4,11
"w_387849","treatment",2023-04-05,0,8
"w_702288","treatment",2019-12-05,0,7
"w_815863","control",2019-01-08,2,11
"w_881797","control",2018-08-28,0,7
"w_402311","control",2021-02-13,37,9
"w_768189","treatment",2021-11-07,0,9
"w_129031","treatment",2025-03-31,14,8
"w_983828","treatment",2022-03-16,0,8
"w_136398","treatment",2023-10-22,0,6
"w_175665","treatment",2025-11-11,0,8
"w_551435","control",2024-06-04,0,7
"w_532610","control",2025-11-30,0,13
"w_282150","treatment",2026-07-08,44,7
"w_954935","control",2020-09-04,0,11
"w_332013","treatment",2021-12-21,3,9
"w_367867","control",2022-03-09,0,13
"w_817773","treatment",2021-05-18,0,12
"w_110917","treatment",2026-06-05,0,15
"w_262156","treatment",2024-09-11,0,9
"w_908782","treatment",2023-04-19,0,7
"w_646322","control",2024-05-11,0,13
"w_491241","treatment",2020-01-09,0,15
"w_667750","control",2021-02-05,0,8
"w_528917","control",2025-05-23,0,8
"w_852130","treatment",2024-11-05,0,11
"w_480858","treatment",2019-11-29,0,9
"w_274629","control",2024-09-07,19,8
"w_925444","control",2018-12-03,0,9
"w_272166","control",2019-11-24,3,10
"w_494560","treatment",2025-11-09,0,15
"w_906505","treatment",2026-04-13,0,11
"w_207768","control",2020-05-03,2,10
"w_178506","treatment",2019-02-19,13,11
"w_825869","treatment",2022-10-26,0,8
"w_805605","treatment",2019-09-25,0,11
"w_148642","treatment",2023-01-24,0,7
"w_671555","control",2025-06-27,0,9
"w_529352","treatment",2020-03-21,19,13
"w_381181","treatment",2026-01-09,20,12
"w_398412","treatment",2022-01-19,4,10
"w_895107","control",2021-05-24,0,6
"w_301136","treatment",2022-02-02,5,4
"w_852425","control",2020-10-25,0,6
"w_880911","treatment",2026-05-27,0,13
"w_620508","treatment",2022-12-20,0,7
"w_641782","control",2019-06-11,0,11
"w_584665","treatment",2026-03-02,0,12
"w_566996","control",2025-09-18,0,12
"w_919740","treatment",2020-01-18,12,10
"w_868544","control",2019-08-30,5,9
"w_453986","control",2024-08-08,0,8
"w_655929","treatment",2022-12-24,0,12
"w_759683","treatment",2024-07-01,0,12
"w_543536","control",2023-04-24,0,10
"w_173267","treatment",2019-08-26,1,10
"w_279746","treatment",2022-11-24,0,6
"w_195422","control",2023-03-05,0,9
"w_842883","treatment",2022-07-19,4,13
"w_947833","treatment",2020-06-13,1,10
"w_612140","control",2024-08-13,0,13
"w_611954","control",2022-05-22,2,12
"w_269146","treatment",2026-02-23,2,8
"w_185788","treatment",2026-01-20,3,6
"w_810181","control",2021-02-07,0,10
"w_419315","control",2021-03-21,3,9
"w_992589","treatment",2025-04-18,0,5
"w_460106","treatment",2021-06-26,0,4
"w_793637","control",2026-05-24,0,9
"w_986360","control",2021-06-16,4,10
"w_324927","control",2020-10-03,5,9
"w_731076","control",2023-12-21,2,6
"w_792338","treatment",2019-12-01,2,11
"w_322099","treatment",2021-12-26,0,16
"w_282527","treatment",2021-03-01,0,13
"w_357683","treatment",2022-10-22,0,15
"w_327756","treatment",2023-06-23,19,7
"w_302683","control",2021-07-01,0,9
"w_550793","treatment",2019-03-19,0,7
"w_455853","treatment",2025-11-23,2,5
"w_247550","treatment",2018-07-16,4,8
"w_354506","control",2025-04-06,9,12
"w_319379","control",2024-09-21,0,7
"w_223537","treatment",2023-11-06,2,8
"w_793763","treatment",2019-09-12,0,9
"w_603131","control",2023-08-23,19,16
"w_984958","treatment",2019-12-17,17,14
"w_784968","control",2021-12-01,0,4
"w_276818","treatment",2025-12-12,1,9
"w_308641","control",2021-10-12,0,5
"w_891126","treatment",2019-02-08,11,8
"w_244503","treatment",2019-02-24,0,10
"w_487656","treatment",2024-11-01,0,7
"w_966343","control",2023-07-07,13,9
"w_121651","treatment",2025-05-05,8,8
"w_805546","treatment",2025-10-22,0,8
"w_996827","control",2021-06-18,3,10
"w_483544","control",2018-08-29,0,14
"w_307901","control",2023-10-09,0,9
"w_884664","treatment",2024-10-17,0,6
"w_194185","control",2025-11-27,4,10
"w_972113","control",2022-02-11,0,18
"w_241616","treatment",2023-10-05,15,15
"w_760540","control",2022-07-22,38,11
"w_237311","control",2024-01-14,0,6
"w_856955","control",2023-02-26,0,11
"w_422979","control",2024-02-27,0,14
"w_672806","control",2021-10-01,3,13
"w_422860","control",2023-04-27,3,8
"w_522981","control",2025-06-08,0,9
"w_898983","control",2021-11-05,14,7
"w_147769","control",2023-11-03,2,11
"w_296003","treatment",2019-12-15,4,12
"w_375593","control",2025-12-17,0,13
"w_334323","treatment",2024-07-22,0,10
"w_157193","control",2020-12-29,0,9
"w_782269","treatment",2018-10-16,0,13
"w_747099","treatment",2025-03-31,0,10
"w_536414","control",2019-05-13,7,13
"w_702146","treatment",2024-01-14,0,7
"w_829947","control",2021-03-18,4,7
"w_384727","treatment",2022-01-05,3,11
"w_845907","control",2025-08-23,9,17
"w_970877","control",2025-03-07,2,8
"w_852872","control",2021-12-03,0,10
"w_249575","treatment",2022-02-19,0,9
"w_309282","control",2024-05-07,39,12
"w_408859","control",2024-08-07,0,12
"w_542630","control",2019-07-13,0,6
"w_220037","control",2024-12-05,0,15
"w_311558","control",2023-03-16,0,10
"w_496860","treatment",2020-04-18,15,12
"w_618074","treatment",2025-04-08,0,9
"w_403199","control",2018-08-06,0,10
"w_528065","control",2025-07-13,0,5
"w_391677","treatment",2025-08-13,0,8
"w_228348","control",2018-07-06,0,10
"w_272104","control",2022-08-15,0,8
"w_218201","treatment",2023-05-13,0,12
"w_686141","treatment",2023-11-13,28,12
"w_152760","control",2021-09-21,0,8
"w_512910","treatment",2026-06-11,0,9
"w_614781","control",2020-04-24,2,11
"w_983863","control",2023-02-12,0,7
"w_634084","treatment",2019-09-14,0,11
"w_644650","treatment",2020-09-14,0,6
"w_386825","control",2023-08-29,14,11
"w_616031","control",2022-12-19,19,13
"w_990658","treatment",2025-10-12,0,7
"w_294731","control",2023-09-26,0,9
"w_630598","treatment",2022-03-04,2,10
"w_325066","treatment",2020-08-07,0,13
"w_673292","treatment",2024-12-17,4,14
"w_346843","treatment",2019-08-10,0,11
"w_248063","treatment",2021-05-21,0,5
"w_127662","control",2024-04-28,2,13
"w_774693","control",2025-07-24,0,11
"w_459399","treatment",2024-01-30,0,13
"w_957733","treatment",2026-01-14,0,12
"w_820030","treatment",2023-08-29,4,10
"w_120426","control",2019-05-10,3,10
"w_379969","treatment",2025-05-16,0,6
"w_344595","control",2025-03-15,2,7
"w_743165","treatment",2022-09-08,13,4
"w_256938","control",2024-07-26,0,11
"w_532317","control",2019-05-03,0,13
"w_450278","treatment",2019-09-01,0,9
"w_714614","control",2019-05-26,15,4
"w_968649","treatment",2023-01-31,83,12
"w_987401","control",2024-12-19,3,7
"w_574563","treatment",2021-11-05,2,12
"w_689367","treatment",2022-10-24,0,8
"w_826279","treatment",2020-07-09,2,17
"w_203463","control",2024-05-22,15,15
"w_126786","control",2019-01-07,0,11
"w_325886","control",2024-07-27,0,4
"w_403988","treatment",2020-07-11,0,15
"w_114561","control",2026-07-10,0,14
"w_275523","control",2023-10-12,3,10
"w_298026","treatment",2019-08-20,0,6
"w_442627","treatment",2020-09-04,12,9
"w_456359","control",2020-07-30,0,13
"w_970321","control",2024-06-06,21,14
"w_132168","treatment",2022-04-06,0,8
"w_431377","treatment",2021-02-09,4,7
"w_833266","treatment",2019-02-24,0,13
"w_399109","control",2018-07-01,0,9
"w_813898","treatment",2021-12-23,0,11
"w_174298","treatment",2018-06-18,0,10
"w_281762","control",2022-07-16,0,9
"w_500877","treatment",2021-11-12,0,6
"w_730232","treatment",2020-10-22,0,13
"w_600539","treatment",2024-05-18,0,13
"w_538113","treatment",2021-05-02,0,11
"w_675045","control",2020-01-22,2,8
"w_618286","control",2020-07-09,0,16
"w_774762","control",2024-03-09,0,16
"w_121968","treatment",2022-09-16,0,9
"w_728396","control",2025-06-25,0,10
"w_862871","control",2020-04-16,0,9
"w_196417","control",2021-07-24,12,11
"w_889497","control",2020-11-05,0,14
"w_279710","control",2019-05-01,8,11
"w_198219","control",2026-02-27,0,9
"w_123023","control",2025-09-14,14,5
"w_382220","control",2022-05-17,0,8
"w_357054","treatment",2024-08-22,39,10
"w_699222","treatment",2021-01-02,2,14
"w_672438","control",2025-10-26,3,14
"w_620595","control",2022-07-12,0,7
"w_752413","control",2025-01-25,0,8
"w_266484","control",2023-05-02,0,11
"w_349641","treatment",2021-04-15,0,12
"w_357199","control",2019-10-13,0,12
"w_522311","control",2022-03-24,11,11
"w_600197","control",2023-12-11,0,9
"w_480482","control",2025-10-04,0,7
"w_356774","control",2021-11-22,49,12
"w_140970","treatment",2022-09-03,4,17
"w_903022","control",2022-03-21,9,14
"w_541360","treatment",2024-12-31,0,12
"w_918239","control",2021-06-17,1,10
"w_842669","treatment",2025-03-24,0,15
"w_277516","treatment",2018-12-31,0,12
"w_822936","control",2020-01-26,0,7
"w_923981","treatment",2023-06-15,1,13
"w_225314","control",2022-10-06,13,9
"w_864510","treatment",2021-09-14,16,13
"w_206293","treatment",2020-03-04,4,9
"w_854569","control",2024-07-15,4,7
"w_931655","treatment",2020-05-28,4,12
"w_481672","treatment",2026-04-06,0,14
"w_809085","control",2020-06-03,9,10
"w_719466","treatment",2024-08-17,0,11
"w_160966","control",2023-10-04,2,15
"w_971548","control",2023-03-06,7,15
"w_743442","control",2024-06-11,0,10
"w_284315","control",2020-12-05,30,7
"w_233543","control",2025-11-30,0,8
"w_598604","control",2022-11-03,0,17
"w_364948","treatment",2024-03-28,13,10
"w_915233","treatment",2021-05-06,0,7
"w_924769","control",2024-03-30,0,13
"w_518112","control",2021-05-04,0,9
"w_390243","treatment",2019-06-30,3,10
"w_635100","control",2025-12-30,0,12
"w_157728","treatment",2024-05-08,0,14
"w_108257","control",2022-01-23,4,11
"w_886197","treatment",2024-09-26,65,6
"w_357758","control",2019-09-22,14,7
"w_527599","control",2024-05-31,2,9
"w_761306","treatment",2024-04-23,0,13
"w_727527","control",2023-08-11,0,10
"w_807126","treatment",2023-12-23,10,14
"w_539998","treatment",2025-03-28,2,8
"w_532963","control",2021-04-22,2,8
"w_696514","control",2025-10-16,0,9
"w_888678","control",2022-03-18,0,9
"w_153909","treatment",2023-09-24,9,10
"w_661193","treatment",2021-09-09,0,9
"w_646312","control",2024-10-03,0,12
"w_145734","control",2025-08-12,0,5
"w_621172","control",2025-06-13,0,16
"w_490929","control",2018-11-13,0,11
"w_726549","control",2024-07-27,0,7
"w_601761","control",2025-01-27,19,12
"w_409503","treatment",2021-07-01,3,15
"w_144727","treatment",2023-10-18,2,9
"w_286029","control",2019-12-22,0,14
"w_154776","treatment",2020-08-18,4,8
"w_116549","treatment",2021-02-27,0,10
"w_218992","control",2023-10-17,0,6
"w_580230","control",2025-01-06,76,9
"w_293758","treatment",2019-09-10,1,14
"w_789684","control",2021-09-27,0,12
"w_703925","treatment",2020-07-21,0,11
"w_211983","control",2026-06-08,0,11
"w_737420","treatment",2019-03-16,1,5
"w_330123","control",2019-12-06,4,9
"w_254030","control",2019-03-30,0,11
"w_799251","treatment",2021-05-05,15,11
"w_175518","control",2023-12-09,0,17
"w_284998","treatment",2026-02-01,0,13
"w_737713","treatment",2025-08-24,0,12
"w_198788","treatment",2018-11-04,0,9
"w_645870","control",2018-09-24,0,5
"w_901134","treatment",2019-05-28,3,6
"w_120341","control",2021-11-09,0,9
"w_704653","control",2022-05-18,4,12
"w_406791","treatment",2022-03-01,1,13
"w_194249","control",2021-01-06,0,11
"w_262624","control",2020-09-15,0,13
"w_705582","treatment",2022-04-17,0,9
"w_569833","treatment",2024-09-04,0,10
"w_444647","treatment",2023-01-06,0,11
"w_589196","treatment",2026-01-07,0,8
"w_684487","control",2018-10-26,49,9
"w_109891","treatment",2026-02-12,15,14
"w_127177","control",2021-08-26,0,8
"w_793142","treatment",2023-08-15,0,6
"w_111434","treatment",2020-09-24,4,7
"w_862041","control",2024-05-10,1,13
"w_255257","control",2022-08-08,0,8
"w_469745","treatment",2020-04-12,10,7
"w_491675","treatment",2018-08-15,0,7
"w_436157","treatment",2023-08-24,27,7
"w_823121","control",2018-08-23,1,11
"w_925572","treatment",2023-12-14,0,8
"w_272968","control",2024-05-16,0,5
"w_708939","treatment",2024-06-08,8,14
"w_807785","control",2020-12-01,4,11
"w_556717","treatment",2024-07-11,0,13
"w_189240","control",2023-04-15,1,11
"w_917447","control",2024-07-16,2,7
"w_542526","control",2023-06-30,0,6
"w_789463","control",2025-07-01,0,14
"w_498160","treatment",2020-02-26,0,11
"w_272902","control",2018-09-22,0,4
"w_945596","treatment",2020-08-25,0,11
"w_846846","treatment",2026-01-06,19,12
"w_897373","control",2024-01-17,0,14
"w_804599","treatment",2021-06-02,0,7
"w_869725","control",2022-04-27,2,15
"w_746788","treatment",2018-10-19,3,4
"w_432820","control",2022-05-15,4,12
"w_750467","control",2025-09-11,3,9
"w_788654","treatment",2025-12-21,0,8
"w_341283","control",2023-09-05,4,5
"w_412447","control",2022-09-10,2,8
"w_880229","control",2021-07-12,0,11
"w_964468","control",2018-09-10,0,8
"w_178929","control",2024-04-12,0,10
"w_704113","treatment",2023-01-15,6,8
"w_804817","treatment",2019-12-11,13,8
"w_276638","control",2020-06-23,0,4
"w_331117","treatment",2019-12-28,38,15
"w_794165","control",2020-06-28,0,9
"w_793147","control",2023-06-10,0,8
"w_376339","control",2020-02-15,0,7
"w_578402","treatment",2019-03-13,0,12
"w_888993","control",2025-09-27,4,13
"w_432289","treatment",2024-09-05,1,13
"w_715934","treatment",2019-05-30,0,8
"w_609269","treatment",2024-09-13,0,8
"w_273742","treatment",2026-01-13,0,15
"w_921276","control",2020-08-20,0,7
"w_604552","treatment",2021-08-21,0,9
"w_934752","control",2025-05-21,0,6
"w_502018","treatment",2024-03-26,0,10
"w_506974","control",2025-12-28,14,9
"w_576333","treatment",2024-05-02,0,11
"w_480480","control",2026-05-09,16,12
"w_511085","control",2021-06-16,3,10
"w_554717","treatment",2019-05-18,3,6
"w_523018","control",2022-05-17,3,10
"w_127227","control",2022-05-01,3,8
"w_935479","treatment",2021-11-20,8,8
"w_390031","control",2019-12-02,7,15
"w_757978","control",2023-12-09,5,10
"w_377522","control",2021-09-23,0,9
"w_357665","control",2019-12-09,0,13
"w_605546","treatment",2021-02-04,0,8
"w_778896","treatment",2025-10-10,0,9
"w_778855","treatment",2023-12-20,1,12
"w_464748","treatment",2024-03-09,1,10
"w_935885","control",2022-01-09,1,9
"w_601752","control",2025-03-15,45,10
"w_451276","treatment",2020-09-27,0,8
"w_616958","treatment",2023-08-31,3,6
"w_754137","control",2022-08-09,4,8
"w_707841","control",2024-05-20,0,12
"w_193681","treatment",2025-01-20,4,13
"w_916614","control",2019-01-25,2,7
"w_858338","treatment",2025-01-22,0,8
"w_782555","control",2018-09-23,4,6
"w_834666","treatment",2023-07-12,1,14
"w_817622","treatment",2019-07-23,0,9
"w_613259","treatment",2019-03-13,0,7
"w_278518","treatment",2024-03-21,0,11
"w_972595","treatment",2023-09-08,0,10
"w_391889","control",2023-07-07,0,14
"w_999142","control",2018-10-31,13,6
"w_239858","treatment",2019-02-01,18,13
"w_983489","treatment",2024-02-13,1,10
"w_236139","control",2020-02-10,0,12
"w_637721","control",2021-10-13,1,9
"w_532411","treatment",2018-08-30,0,11
"w_651380","treatment",2021-07-04,0,10
"w_965821","treatment",2021-04-09,3,14
"w_158439","control",2019-09-09,0,11
"w_272157","treatment",2021-01-31,1,16
"w_733778","control",2025-06-14,0,10
"w_575557","treatment",2025-03-15,0,9
"w_657409","control",2024-07-03,95,10
"w_879485","control",2023-08-26,0,12
"w_807165","treatment",2026-05-19,0,11
"w_240677","treatment",2026-07-18,2,9
"w_603795","control",2020-01-13,3,9
"w_216855","control",2022-10-23,0,11
"w_639415","control",2021-07-02,0,6
"w_568157","control",2025-04-01,0,12
"w_558527","control",2019-10-16,0,16
"w_410742","treatment",2021-02-11,5,18
"w_832265","control",2025-09-05,0,10
"w_952096","treatment",2025-05-15,0,11
"w_503422","control",2018-08-27,0,15
"w_598667","treatment",2019-03-20,1,14
"w_673696","treatment",2021-12-26,0,14
"w_762145","control",2026-03-22,0,6
"w_469562","treatment",2023-12-11,3,9
"w_872070","treatment",2020-06-12,0,12
"w_213897","control",2022-12-26,0,12
"w_141992","treatment",2023-09-01,10,12
"w_933592","treatment",2019-08-01,7,8
"w_499581","treatment",2019-05-12,0,9
"w_411353","treatment",2023-10-29,0,9
"w_529140","treatment",2025-08-09,0,15
"w_581173","control",2019-01-16,0,13
"w_217683","control",2021-08-06,13,11
"w_225390","treatment",2020-06-20,0,13
"w_709301","control",2023-02-20,0,9
"w_226824","control",2019-11-02,0,8
"w_786119","treatment",2019-10-10,0,6
"w_566766","control",2018-06-18,0,7
"w_658359","treatment",2020-01-15,0,12
"w_948839","control",2023-09-19,0,4
"w_605763","control",2023-08-07,0,10
"w_453497","control",2025-01-21,4,10
"w_644065","control",2021-05-30,0,18
"w_503607","control",2020-04-10,0,10
"w_205119","control",2022-03-10,0,10
"w_861277","control",2024-05-06,4,8
"w_406047","treatment",2022-10-31,0,7
"w_713208","treatment",2022-04-30,0,18
"w_268681","control",2024-08-13,0,9
"w_905730","treatment",2020-07-10,3,10
"w_929469","treatment",2025-06-16,0,8
"w_478647","control",2025-12-07,0,9
"w_574581","control",2026-01-19,0,15
"w_703994","treatment",2021-06-29,114,8
"w_652260","control",2022-04-23,6,11
"w_294521","treatment",2021-07-24,0,14
"w_957065","treatment",2019-11-21,0,7
"w_998093","control",2024-07-31,3,5
"w_521944","treatment",2018-09-19,0,11
"w_452070","control",2020-10-08,0,12
"w_487800","control",2021-10-14,2,11
"w_707826","control",2018-06-23,0,8
"w_296847","treatment",2025-05-19,16,8
"w_102726","treatment",2026-05-28,0,11
"w_123001","treatment",2023-05-08,14,12
"w_129030","control",2022-02-03,0,11
"w_785197","control",2020-01-07,0,15
"w_959862","control",2024-01-24,0,10
"w_491176","control",2018-08-12,12,13
"w_414882","control",2022-02-04,0,13
"w_708630","control",2026-03-31,0,13
"w_867008","control",2021-10-17,1,15
"w_758547","control",2024-03-27,0,9
"w_256164","control",2019-03-05,0,14
"w_309029","control",2023-12-15,0,12
"w_208112","control",2024-09-28,3,10
"w_464775","treatment",2026-05-25,0,6
"w_204603","treatment",2025-08-30,0,8
"w_338403","treatment",2019-05-17,1,5
"w_214116","treatment",2022-08-21,13,9
"w_507027","treatment",2025-08-04,0,11
"w_885987","control",2020-12-12,0,9
"w_424635","control",2023-02-18,33,4
"w_538452","control",2026-05-12,15,8
"w_769358","treatment",2026-04-17,1,13
"w_965193","treatment",2023-09-14,47,8
"w_556470","control",2020-07-30,0,11
"w_570694","treatment",2023-01-17,15,15
"w_602308","control",2021-02-02,0,7
"w_205803","control",2020-12-17,0,5
"w_222856","control",2022-05-24,0,11
"w_239806","treatment",2023-09-15,13,11
"w_856287","treatment",2021-10-11,2,9
"w_363627","control",2021-05-17,13,12
"w_838548","control",2022-06-12,2,11
"w_691548","treatment",2022-04-13,2,11
"w_193070","control",2024-09-15,0,12
"w_251416","treatment",2021-11-30,2,10
"w_630078","treatment",2025-11-08,18,11
"w_367381","treatment",2020-04-11,0,15
"w_785054","treatment",2024-07-18,4,7
"w_890880","treatment",2021-09-27,3,10
"w_180260","control",2020-09-03,0,5
"w_190679","treatment",2025-11-08,0,13
"w_632603","treatment",2018-07-13,0,13
"w_414605","control",2021-11-25,2,12
"w_235254","control",2022-09-30,0,8
"w_973826","treatment",2025-05-24,0,15
"w_204024","control",2023-08-27,0,14
"w_847757","treatment",2021-04-22,2,7
"w_265310","treatment",2024-10-27,3,5
"w_863220","treatment",2025-02-06,3,10
"w_470002","control",2021-08-03,0,11
"w_817997","control",2022-11-05,0,14
"w_397849","control",2026-06-02,0,13
"w_916344","treatment",2026-04-07,0,11
"w_251593","treatment",2021-03-26,0,9
"w_431073","treatment",2024-12-18,9,10
"w_567986","control",2023-11-08,19,9
"w_406001","control",2022-11-25,0,11
"w_575280","treatment",2025-03-11,0,7
"w_168326","control",2021-07-08,4,11
"w_877783","control",2020-10-02,0,13
"w_470766","treatment",2022-08-10,0,14
"w_383690","control",2019-08-25,0,13
"w_451129","control",2021-08-05,1,8
"w_439794","treatment",2025-05-23,0,14
"w_753981","treatment",2018-12-20,24,5
"w_999426","treatment",2020-06-06,3,12
"w_425386","control",2023-08-11,0,8
"w_893266","treatment",2019-10-21,0,12
"w_834318","control",2018-11-05,0,13
"w_324856","treatment",2024-08-13,38,6
"w_436515","control",2025-06-23,0,13
"w_239905","control",2019-07-25,0,13
"w_210103","control",2024-04-11,85,6
"w_698422","treatment",2020-12-11,1,6
"w_858608","treatment",2026-01-31,0,14
"w_144522","treatment",2019-04-28,0,14
"w_865655","treatment",2026-02-09,0,16
"w_937302","treatment",2025-12-03,0,5
"w_395213","control",2025-11-14,0,8
"w_242894","treatment",2020-03-04,68,8
"w_189475","treatment",2025-02-10,0,6
"w_449998","control",2020-07-28,0,10
"w_819877","control",2023-10-30,0,10
"w_609048","treatment",2022-06-03,0,9
"w_641156","treatment",2022-08-03,0,11
"w_859801","treatment",2024-08-19,0,7
"w_915304","control",2026-05-20,0,14
"w_129774","control",2023-04-02,0,8
"w_200614","treatment",2026-01-15,0,9
"w_340844","treatment",2022-02-25,15,6
"w_399652","control",2021-09-19,3,3
"w_628633","treatment",2021-03-17,0,11
"w_563083","control",2025-06-11,0,15
"w_927474","control",2019-11-01,9,9
"w_299688","treatment",2021-08-31,1,9
"w_172500","control",2025-08-09,13,12
"w_153092","control",2025-10-15,0,9
"w_181824","control",2022-03-16,14,11
"w_549467","control",2023-06-11,0,10
"w_701824","control",2018-11-22,0,7
"w_397780","treatment",2022-08-18,1,10
"w_228708","treatment",2024-04-11,0,15
"w_235625","treatment",2025-09-21,12,12
"w_272463","control",2026-03-09,9,8
"w_781502","treatment",2020-08-08,0,16
"w_610445","control",2021-11-25,0,12
"w_378808","control",2023-05-18,0,8
"w_821847","treatment",2018-08-29,0,9
"w_354682","treatment",2024-11-03,1,11
"w_276456","control",2025-09-07,0,16
"w_471809","control",2025-09-11,1,11
"w_799771","control",2024-07-17,9,11
"w_702955","treatment",2020-03-03,15,13
"w_236290","control",2020-04-07,0,13
"w_704448","control",2024-08-05,0,9
"w_705228","treatment",2023-06-27,2,10
"w_897002","control",2018-07-23,0,7
"w_674842","control",2022-12-28,0,13
"w_699312","treatment",2023-03-12,0,12
"w_990072","control",2023-06-04,3,5
"w_212334","control",2018-12-17,0,6
"w_750189","treatment",2024-07-18,19,7
"w_112053","control",2025-01-21,0,6
"w_719853","control",2025-07-17,0,8
"w_155146","control",2021-11-19,18,7
"w_913290","treatment",2021-01-12,0,15
"w_835249","treatment",2020-11-26,0,11
"w_725523","control",2024-12-17,3,9
"w_572539","treatment",2025-05-01,0,12
"w_370540","control",2020-04-09,2,14
"w_655962","treatment",2020-09-16,0,12
"w_691335","control",2026-04-13,13,15
"w_834231","treatment",2023-10-27,2,8
"w_307827","control",2025-03-16,3,9
"w_916095","control",2026-06-08,0,6
"w_807677","treatment",2024-09-21,2,10
"w_788842","treatment",2018-11-16,0,12
"w_771868","treatment",2019-07-23,0,7
"w_238968","treatment",2025-04-13,0,12
"w_634745","control",2021-09-02,0,8
"w_224203","control",2025-06-24,3,12
"w_982495","treatment",2022-07-30,0,8
"w_398516","control",2021-11-29,16,6
"w_684638","control",2021-02-22,0,14
"w_479026","treatment",2018-11-21,12,10
"w_500782","control",2026-06-21,0,8
"w_831537","control",2020-03-10,1,7
"w_429585","treatment",2025-12-03,0,10
"w_173280","control",2020-12-28,0,13
"w_375242","control",2024-06-20,0,6
"w_498829","treatment",2019-12-25,1,12
"w_666894","control",2022-12-25,2,7
"w_534575","control",2024-08-01,0,8
"w_704367","control",2024-02-28,0,6
"w_467644","treatment",2022-10-18,0,9
"w_684222","control",2019-10-24,0,12
"w_515133","treatment",2020-11-04,1,13
"w_406251","treatment",2026-01-15,0,9
"w_858904","treatment",2024-03-17,0,9
"w_951778","treatment",2019-09-05,0,6
"w_525011","treatment",2025-08-22,18,12
"w_458354","treatment",2021-03-12,14,5
"w_351455","control",2026-06-21,0,9
"w_955025","control",2024-07-24,0,14
"w_404331","treatment",2026-03-13,4,14
"w_691906","treatment",2018-11-21,0,13
"w_752688","treatment",2022-12-25,0,8
"w_424230","control",2021-01-19,0,11
"w_421100","treatment",2022-09-22,4,7
"w_877102","control",2022-06-21,0,5
"w_183904","treatment",2019-04-08,0,9
"w_448361","treatment",2018-06-14,0,10
"w_595814","treatment",2018-07-02,0,13
"w_652591","treatment",2020-03-22,0,9
"w_167021","control",2022-11-03,1,10
"w_760751","treatment",2023-06-22,0,11
"w_118633","treatment",2023-04-23,0,9
"w_485714","control",2022-08-22,0,11
"w_180625","treatment",2026-06-20,0,10
"w_110700","control",2022-08-14,0,9
"w_219219","treatment",2024-05-21,0,6
"w_584284","control",2019-05-26,1,7
"w_557922","control",2023-02-26,0,8
"w_432860","treatment",2022-09-10,0,11
"w_494006","treatment",2025-11-02,7,8
"w_297296","treatment",2021-10-24,0,11
"w_824607","control",2018-08-21,0,11
"w_218131","treatment",2023-06-15,0,12
"w_834090","treatment",2026-01-24,0,16
"w_499418","treatment",2020-02-07,0,14
"w_375991","treatment",2024-02-11,2,11
"w_801524","treatment",2024-07-24,4,11
"w_692748","treatment",2025-05-09,1,10
"w_699554","treatment",2021-02-06,4,7
"w_730009","treatment",2023-11-07,0,5
"w_365586","control",2022-09-24,10,13
"w_464203","control",2026-05-31,4,10
"w_167113","treatment",2021-11-03,1,11
"w_666303","treatment",2020-05-31,1,10
"w_166648","control",2025-08-20,3,14
"w_204076","control",2025-02-06,4,9
"w_481473","control",2021-02-26,0,9
"w_758855","control",2022-10-20,0,14
"w_191948","treatment",2025-01-20,2,11
"w_764458","treatment",2019-02-21,12,9
"w_253908","treatment",2021-05-07,0,7
"w_547140","control",2024-09-03,4,12
"w_198587","treatment",2025-06-14,0,12
"w_264231","control",2018-10-20,0,7
"w_634983","control",2021-08-14,0,7
"w_574638","control",2020-03-11,0,18
"w_793204","control",2025-09-05,4,11
"w_967692","treatment",2021-04-17,0,17
"w_226012","treatment",2022-11-30,0,12
"w_213704","control",2021-06-16,0,13
"w_302050","control",2025-01-08,4,11
"w_290811","treatment",2023-06-15,0,11
"w_465986","treatment",2024-05-28,0,8
"w_828544","control",2022-12-08,13,8
"w_252335","control",2026-04-12,8,12
"w_324794","control",2020-12-22,0,14
"w_422628","treatment",2023-08-15,2,3
"w_594925","treatment",2022-05-10,2,12
"w_806948","control",2024-08-18,8,12
"w_933734","control",2025-01-13,17,5
"w_489915","control",2025-02-19,4,6
"w_141467","control",2026-01-02,19,12
"w_349807","control",2023-07-14,106,6
"w_250220","control",2025-02-17,4,11
"w_116500","control",2022-12-15,0,2
"w_253827","control",2026-01-02,6,14
"w_426258","treatment",2022-10-22,5,12
"w_774853","treatment",2020-08-30,0,5
"w_233115","treatment",2018-06-03,4,10
"w_648102","treatment",2019-09-11,0,10
"w_858674","control",2021-03-27,2,7
"w_528696","control",2026-01-01,0,8
"w_777604","control",2024-01-26,0,11
"w_767268","treatment",2022-10-31,0,10
"w_591674","control",2025-08-11,1,8
"w_416637","treatment",2023-09-15,2,10
"w_985817","control",2020-03-17,0,8
"w_386128","treatment",2025-12-24,42,9
"w_911933","control",2018-10-04,0,5
"w_586034","treatment",2025-11-03,0,11
"w_997146","treatment",2023-08-08,0,9
"w_121191","control",2018-08-14,7,10
"w_275943","control",2020-07-11,2,17
"w_857765","control",2025-09-15,0,11
"w_169178","treatment",2024-06-07,0,18
"w_664266","control",2020-04-03,1,9
"w_709382","treatment",2023-10-19,0,9
"w_915896","control",2023-12-15,24,10
"w_826648","control",2023-08-29,18,14
"w_308630","control",2019-11-08,4,13
"w_487819","treatment",2022-11-15,0,16
"w_625484","control",2024-08-15,0,5
"w_689373","treatment",2025-10-15,25,11
"w_533506","treatment",2019-04-04,2,5
"w_673664","control",2025-05-31,0,11
"w_195699","control",2021-11-22,0,14
"w_605923","treatment",2019-04-15,0,9
"w_690320","control",2019-10-30,8,8
"w_576238","treatment",2020-06-14,0,15
"w_803767","control",2021-05-03,0,8
"w_501364","control",2024-11-25,0,8
"w_771102","control",2018-07-03,0,6
"w_628306","treatment",2023-09-01,2,14
"w_625221","control",2020-08-18,0,10
"w_771745","control",2019-03-25,25,12
"w_269250","control",2023-01-19,1,9
"w_323885","treatment",2023-11-29,0,11
"w_709100","control",2021-11-08,0,4
"w_662762","control",2018-10-06,0,15
"w_740744","treatment",2021-09-25,0,8
"w_355721","control",2023-11-03,1,7
"w_211636","treatment",2020-03-10,3,10
"w_558848","control",2026-02-01,18,12
"w_322033","control",2022-09-19,0,11
"w_486812","control",2023-08-02,2,10
"w_988511","control",2025-10-27,0,8
"w_303075","control",2023-03-15,0,13
"w_965140","treatment",2021-05-26,0,8
"w_832306","treatment",2018-11-26,0,9
"w_606149","control",2020-01-24,1,8
"w_904461","control",2025-03-07,3,6
"w_796720","control",2022-06-23,5,8
"w_546156","control",2019-03-09,8,11
"w_711429","treatment",2025-02-11,6,9
"w_983836","treatment",2024-06-17,2,7
"w_549972","treatment",2025-08-13,4,5
"w_289151","treatment",2019-08-29,45,9
"w_760692","control",2019-11-04,3,9
"w_187410","treatment",2018-07-27,0,9
"w_742829","control",2020-08-04,7,10
"w_389354","control",2018-08-06,4,11
"w_441255","treatment",2019-10-20,0,11
"w_919330","control",2020-09-01,0,9
"w_677497","control",2024-01-16,2,12
"w_947420","treatment",2020-03-08,0,8
"w_976705","control",2023-02-06,8,11
"w_924605","treatment",2021-01-13,0,7
"w_208252","treatment",2025-05-09,3,8
"w_435583","control",2021-11-19,2,11
"w_246825","control",2021-03-23,0,9
"w_327678","treatment",2026-06-08,3,7
"w_995408","control",2023-02-19,0,9
"w_486203","treatment",2018-07-29,0,12
"w_785414","treatment",2019-04-23,3,6
"w_311778","treatment",2023-05-27,24,14
"w_517372","control",2023-05-17,0,9
"w_733780","treatment",2021-11-24,3,6
"w_862379","control",2019-04-23,6,17
"w_909924","treatment",2019-03-28,0,9
"w_391000","control",2021-12-20,16,12
"w_593265","control",2021-12-21,0,14
"w_893367","treatment",2021-05-14,55,10
"w_775210","treatment",2025-08-18,0,10
"w_922897","treatment",2019-09-30,2,6
"w_675365","control",2020-07-03,0,11
"w_363218","treatment",2019-07-25,0,8
"w_198124","control",2023-10-16,0,11
"w_316427","control",2026-05-13,0,7
"w_303270","control",2018-08-24,0,7
"w_282610","control",2025-04-20,0,7
"w_812092","treatment",2018-08-01,4,5
"w_563008","treatment",2020-09-25,30,17
"w_580173","treatment",2024-03-11,63,8
"w_473428","treatment",2019-02-01,3,12
"w_581542","control",2019-08-20,3,14
"w_170831","control",2021-10-08,0,13
"w_760327","treatment",2023-05-09,0,8
"w_665005","control",2019-09-02,0,8
"w_692992","treatment",2021-05-14,41,6
"w_288736","treatment",2023-06-09,0,10
"w_228531","control",2026-04-14,14,6
"w_607110","treatment",2019-01-20,0,6
"w_833998","control",2024-01-08,0,15
"w_726715","treatment",2023-06-03,13,9
"w_179003","treatment",2023-08-03,3,7
"w_998034","control",2018-10-04,4,7
"w_302426","control",2023-03-25,0,12
"w_154061","control",2022-11-23,0,9
"w_480967","control",2023-04-10,0,10
"w_134395","control",2021-03-05,1,7
"w_563457","treatment",2026-03-10,17,13
"w_824569","control",2023-08-01,0,8
"w_390250","treatment",2018-09-05,2,13
"w_106752","treatment",2020-03-09,12,9
"w_984238","treatment",2019-11-07,1,16
"w_958655","treatment",2026-03-04,0,10
"w_732513","control",2019-05-30,3,11
"w_156742","control",2020-05-04,26,7
"w_314436","control",2019-03-18,18,15
"w_269579","control",2021-04-22,13,10
"w_394580","treatment",2020-09-05,0,3
"w_504363","control",2020-10-18,0,6
"w_437821","treatment",2019-06-03,2,14
"w_142696","control",2021-04-26,0,10
"w_291658","treatment",2024-05-19,0,7
"w_678964","control",2022-11-06,0,7
"w_626418","treatment",2021-10-13,0,8
"w_666740","control",2025-01-30,0,16
"w_671692","control",2022-01-28,0,3
"w_894901","control",2018-07-26,0,8
"w_973451","control",2018-07-25,0,15
"w_534286","control",2021-11-01,0,6
"w_734083","treatment",2026-02-15,0,10
"w_705790","control",2018-12-03,0,7
"w_158097","treatment",2025-06-30,0,15
"w_546339","control",2024-09-16,0,10
"w_707057","treatment",2025-10-05,0,7
"w_827597","control",2019-10-27,0,8
"w_475222","control",2019-06-13,3,10
"w_482139","control",2023-06-08,0,6
"w_427043","treatment",2022-07-28,2,13
"w_618783","treatment",2022-08-20,0,6
"w_616819","treatment",2024-09-27,0,13
"w_570668","control",2018-09-01,2,9
"w_880081","treatment",2021-05-26,3,12
"w_657843","control",2019-09-10,0,12
"w_905444","control",2020-02-23,4,14
"w_198605","control",2021-10-07,0,7
"w_978712","treatment",2019-05-16,0,12
"w_531233","treatment",2026-04-09,0,8
"w_970490","control",2019-02-25,0,17
"w_715493","treatment",2024-04-04,0,4
"w_446067","control",2023-06-23,15,10
"w_314782","control",2025-10-26,9,8
"w_242042","treatment",2025-10-06,0,8
"w_247661","treatment",2023-05-03,44,10
"w_440358","treatment",2024-06-22,18,8
"w_539515","treatment",2025-11-12,4,9
"w_246470","control",2025-11-10,4,12
"w_502799","treatment",2018-09-17,0,13
"w_451949","control",2022-10-08,0,11
"w_874823","control",2018-11-19,5,13
"w_693159","control",2022-04-19,0,12
"w_188652","control",2018-11-19,0,8
"w_485109","treatment",2022-05-21,1,14
"w_622405","control",2020-10-30,4,10
"w_842899","control",2024-01-13,31,12
"w_485158","control",2024-06-07,0,8
"w_964178","control",2023-11-07,0,12
"w_407288","treatment",2024-01-15,3,9
"w_782917","control",2026-07-13,0,11
"w_809626","control",2018-06-05,0,6
"w_345875","treatment",2021-02-02,2,10
"w_944869","treatment",2023-05-23,0,6
"w_384161","control",2019-02-06,0,10
"w_527906","treatment",2022-01-15,0,10
"w_457319","control",2020-06-15,3,7
"w_276712","treatment",2021-01-30,0,6
"w_226015","control",2025-02-26,0,16
"w_835709","control",2022-07-14,2,10
"w_141532","treatment",2024-08-22,0,12
"w_467217","control",2026-05-15,0,9
"w_821912","treatment",2020-04-28,0,7
"w_181649","control",2022-09-25,0,10
"w_532446","control",2025-06-03,8,12
"w_912902","control",2024-03-30,22,10
"w_590261","control",2018-06-27,0,9
"w_545052","control",2020-11-23,0,8
"w_646631","control",2024-08-14,11,7
"w_147310","treatment",2022-02-16,0,9
"w_535537","control",2020-02-11,3,13
"w_219132","control",2019-12-20,5,6
"w_743096","treatment",2020-10-14,0,11
"w_420288","treatment",2021-09-29,0,12
"w_163421","treatment",2025-06-22,1,11
"w_989405","control",2025-01-30,0,11
"w_971715","control",2025-09-11,0,13
"w_424532","treatment",2021-07-18,8,6
"w_299270","treatment",2018-11-27,15,10
"w_807276","control",2025-06-13,32,7
"w_340054","treatment",2024-10-15,11,11
"w_659391","control",2018-07-25,2,7
"w_936719","treatment",2020-01-05,0,13
"w_952270","treatment",2024-07-15,0,8
"w_832743","control",2021-05-02,0,7
"w_305654","control",2021-02-22,0,9
"w_206849","control",2022-03-15,0,20
"w_316371","treatment",2023-01-10,0,14
"w_131087","treatment",2025-11-18,0,9
"w_825673","control",2022-06-17,0,12
"w_335424","treatment",2021-07-09,0,11
"w_759762","treatment",2019-12-17,0,10
"w_492091","treatment",2021-09-29,0,11
"w_734861","treatment",2024-05-07,0,7
"w_602636","treatment",2023-11-05,0,10
"w_289086","treatment",2023-06-07,1,10
"w_620709","control",2026-07-04,3,6
"w_797355","treatment",2025-01-05,0,14
"w_436205","control",2026-04-04,4,8
"w_717477","treatment",2023-04-26,0,8
"w_910544","control",2025-01-21,0,8
"w_146489","control",2024-06-08,7,13
"w_631862","treatment",2021-03-07,0,13
"w_377035","control",2020-02-11,0,10
"w_977116","control",2023-11-27,1,10
"w_694343","treatment",2020-06-21,0,5
"w_205807","treatment",2024-02-04,4,15
"w_664195","control",2025-12-08,0,10
"w_316012","treatment",2024-06-13,4,9
"w_191610","treatment",2025-11-10,0,10
"w_779270","control",2022-07-14,14,16
"w_603957","treatment",2021-03-20,16,10
"w_346911","treatment",2023-04-03,2,4
"w_461350","treatment",2023-01-17,0,8
"w_958045","control",2026-02-14,0,9
"w_902094","control",2022-10-27,2,8
"w_572044","control",2020-05-30,1,8
"w_402176","treatment",2021-07-25,0,9
"w_296592","control",2025-03-27,0,10
"w_619120","control",2021-03-24,0,6
"w_448286","treatment",2024-10-10,0,8
"w_299182","control",2020-08-09,0,9
"w_595977","treatment",2025-10-29,0,10
"w_980336","treatment",2025-08-17,0,12
"w_215509","control",2026-02-01,0,13
"w_268119","control",2025-06-28,2,6
"w_886174","control",2019-12-22,0,10
"w_269053","treatment",2025-06-08,1,10
"w_201731","control",2020-03-11,0,9
"w_546321","control",2020-11-03,9,12
"w_723755","treatment",2020-10-09,0,9
"w_859319","control",2024-07-23,0,10
"w_823583","control",2024-03-17,0,14
"w_149421","control",2025-08-31,0,14
"w_549853","treatment",2020-09-26,0,8
"w_830661","control",2020-03-21,0,14
"w_568967","control",2021-11-16,3,11
"w_904760","treatment",2022-06-17,4,9
"w_858331","control",2023-09-07,0,11
"w_523900","control",2023-01-08,15,11
"w_608507","treatment",2018-07-14,1,6
"w_788610","control",2026-03-31,2,9
"w_209887","control",2021-06-27,4,7
"w_525856","treatment",2025-11-01,0,12
"w_602153","treatment",2020-07-28,0,10
"w_237932","control",2024-02-29,0,7
"w_622584","treatment",2019-07-28,1,9
"w_614073","control",2022-04-29,5,12
"w_450185","treatment",2019-12-13,0,11
"w_451102","control",2026-03-21,2,10
"w_672079","treatment",2024-09-30,4,12
"w_349230","treatment",2020-04-18,9,10
"w_123681","treatment",2021-11-18,1,6
"w_972806","treatment",2019-09-26,78,6
"w_697738","control",2024-06-02,1,7
"w_478166","control",2026-03-23,0,13
"w_269804","control",2022-09-09,0,15
"w_736107","treatment",2023-06-13,0,10
"w_177188","control",2025-03-19,0,4
"w_196158","control",2026-05-21,0,10
"w_854292","treatment",2021-09-02,0,10
"w_469041","treatment",2019-02-20,43,7
"w_284852","control",2018-11-20,27,11
"w_827046","control",2019-03-07,0,10
"w_540044","treatment",2022-02-08,0,9
"w_969286","treatment",2018-08-23,0,9
"w_402799","control",2025-11-12,0,8
"w_270493","treatment",2020-09-07,0,10
"w_208942","treatment",2023-10-06,0,14
"w_533312","treatment",2021-06-05,0,15
"w_460421","control",2021-05-05,1,11
"w_280861","treatment",2020-12-22,17,9
"w_505905","control",2020-11-11,0,8
"w_678933","treatment",2025-06-24,1,8
"w_126066","control",2018-08-23,6,17
"w_246559","control",2026-06-18,0,12
"w_645718","control",2022-07-14,15,12
"w_240096","control",2025-12-06,0,8
"w_748758","treatment",2019-04-25,0,7
"w_238945","control",2021-07-16,2,8
"w_554310","treatment",2020-12-18,6,6
"w_348582","treatment",2020-04-25,18,8
"w_240346","control",2025-07-25,0,9
"w_689179","control",2026-06-19,0,15
"w_128840","control",2026-02-14,0,12
"w_323338","control",2021-01-29,0,13
"w_325747","treatment",2025-12-01,3,9
"w_471180","control",2019-10-27,3,7
"w_902875","treatment",2023-01-10,1,7
"w_718121","treatment",2023-09-10,0,10
"w_352354","treatment",2021-06-25,0,7
"w_764384","treatment",2019-08-27,0,7
"w_371844","treatment",2025-10-16,14,11
"w_168253","treatment",2024-08-14,4,10
"w_211031","control",2022-09-24,0,13
"w_564621","treatment",2018-08-06,0,10
"w_882301","treatment",2018-11-02,12,12
"w_615576","treatment",2018-06-12,0,14
"w_817359","treatment",2023-02-28,3,4
"w_192836","treatment",2023-09-29,2,11
"w_563050","control",2022-07-18,4,6
"w_967760","treatment",2024-12-14,2,9
"w_322237","treatment",2020-11-25,1,6
"w_418049","treatment",2025-12-17,0,14
"w_467416","control",2024-06-19,4,10
"w_366645","treatment",2021-03-20,4,7
"w_351867","control",2019-02-12,0,10
"w_729052","treatment",2023-03-08,4,8
"w_305055","treatment",2024-08-10,24,9
"w_369824","control",2021-12-31,0,8
"w_130546","treatment",2019-04-01,3,6
"w_131258","treatment",2018-12-28,29,10
"w_611655","control",2025-05-20,2,7
"w_712114","treatment",2025-04-19,0,7
"w_349723","control",2020-06-02,0,9
"w_657044","treatment",2025-03-30,3,8
"w_502099","control",2019-05-01,0,14
"w_121626","control",2022-09-24,17,11
"w_469126","control",2022-11-21,6,11
"w_149597","control",2025-05-03,11,5
"w_700311","control",2020-09-13,0,6
"w_861044","treatment",2024-10-27,1,11
"w_176682","treatment",2025-03-29,0,14
"w_664481","treatment",2021-03-19,1,14
"w_204955","treatment",2025-12-08,1,12
"w_446464","treatment",2020-04-30,0,10
"w_755820","control",2019-01-16,16,15
"w_605297","treatment",2020-07-29,8,11
"w_220186","treatment",2024-10-02,14,9
"w_553716","control",2025-11-07,0,9
"w_318173","control",2023-02-11,0,10
"w_121979","treatment",2022-02-02,9,15
"w_297576","control",2021-11-03,4,11
"w_576982","treatment",2023-10-07,3,10
"w_645569","control",2019-07-12,0,12
"w_676244","treatment",2021-02-28,12,9
"w_792940","control",2025-01-01,0,14
"w_492510","treatment",2021-05-10,0,7
"w_321296","control",2020-12-05,3,10
"w_358858","treatment",2024-07-26,4,12
"w_696248","control",2025-06-23,22,13
"w_213247","treatment",2019-02-09,0,7
"w_489070","treatment",2024-07-10,1,10
"w_647723","control",2023-08-17,0,10
"w_348851","control",2019-01-31,0,11
"w_549158","control",2026-06-21,0,9
"w_545725","control",2023-07-14,3,6
"w_745279","control",2024-07-15,4,11
"w_605013","treatment",2018-11-20,4,12
"w_904581","treatment",2021-11-14,17,10
"w_591967","treatment",2021-01-03,3,12
"w_377355","treatment",2026-06-12,3,10
"w_617464","treatment",2022-03-08,10,12
"w_663571","treatment",2022-02-14,11,8
"w_333023","control",2024-02-01,0,15
"w_643333","control",2023-10-31,4,5
"w_690512","treatment",2024-08-07,11,18
"w_303964","control",2026-05-12,0,6
"w_857741","control",2025-05-06,0,6
"w_728490","control",2023-03-22,7,15
"w_674237","control",2022-06-04,0,13
"w_392929","treatment",2021-12-02,3,11
"w_284912","control",2022-06-30,2,8
"w_462058","treatment",2023-08-31,0,5
"w_439366","control",2023-08-21,2,6
"w_764510","treatment",2021-07-18,0,5
"w_227437","control",2023-12-11,16,10
"w_716793","treatment",2021-03-14,0,11
"w_467362","treatment",2025-08-06,0,11
"w_998901","control",2023-07-11,0,13
"w_784254","treatment",2022-07-11,0,10
"w_989801","control",2019-08-25,0,12
"w_587026","treatment",2021-09-08,0,10
"w_897973","treatment",2022-05-03,0,5
"w_612438","control",2020-05-20,2,6
"w_858828","control",2025-02-24,1,10
"w_714004","treatment",2024-02-07,10,13
"w_222927","treatment",2023-10-14,0,9
"w_609194","treatment",2021-03-19,4,12
"w_734478","treatment",2026-01-18,14,10
"w_666863","control",2021-08-04,0,5
"w_554298","control",2018-12-30,1,12
"w_135483","control",2024-04-22,0,11
"w_673585","control",2019-01-05,2,16
"w_341664","treatment",2024-08-02,0,7
"w_323897","control",2024-09-27,51,8
"w_291652","treatment",2022-10-09,0,7
"w_892817","treatment",2018-12-30,4,6
"w_420842","control",2021-11-15,5,8
"w_309684","control",2019-10-21,0,9
"w_823625","control",2019-12-30,0,10
"w_552068","treatment",2019-10-06,0,10
"w_401395","control",2023-12-24,0,12
"w_566794","control",2023-06-18,0,15
"w_893973","control",2024-10-19,3,10
"w_323101","control",2025-05-09,0,11
"w_663476","control",2020-09-04,3,12
"w_676271","treatment",2018-12-06,0,10
"w_555768","control",2022-07-29,8,6
"w_584819","treatment",2022-03-29,0,9
"w_205740","control",2020-02-14,0,11
"w_594917","treatment",2018-12-13,0,9
"w_550658","treatment",2021-04-12,3,12
"w_992918","control",2022-01-26,1,6
"w_105904","treatment",2024-03-24,0,10
"w_921390","control",2018-06-02,0,7
"w_849789","treatment",2024-03-16,0,7
"w_944706","treatment",2021-12-26,2,14
"w_346642","treatment",2018-10-24,0,13
"w_631822","treatment",2023-01-08,0,13
"w_446723","control",2019-02-22,18,6
"w_343757","treatment",2022-12-24,0,12
"w_560124","control",2025-12-08,4,7
"w_730905","control",2021-08-23,0,10
"w_379128","control",2020-02-17,0,9
"w_636785","control",2021-08-18,2,7
"w_373645","control",2018-11-04,0,11
"w_919732","control",2022-04-09,0,10
"w_647094","treatment",2023-01-27,2,10
"w_648327","control",2023-01-04,4,7
"w_650558","treatment",2023-09-14,0,7
"w_179676","treatment",2019-01-29,6,8
"w_815557","control",2022-05-22,12,15
"w_906290","treatment",2022-12-19,0,5
"w_139303","control",2019-04-30,0,9
"w_378444","treatment",2025-06-10,0,10
"w_383087","treatment",2025-10-08,0,7
"w_143547","control",2019-11-29,0,9
"w_303125","treatment",2020-06-18,0,6
"w_342021","treatment",2020-05-10,0,12
"w_445499","control",2025-10-13,61,8
"w_336898","control",2020-06-03,4,11
"w_600725","control",2023-09-02,0,8
"w_681493","treatment",2022-05-05,2,10
"w_706110","control",2020-08-01,0,9
"w_178108","treatment",2022-01-31,0,8
"w_457706","treatment",2022-03-30,0,8
"w_819489","control",2024-06-07,3,8
"w_278821","control",2025-02-21,5,11
"w_518951","control",2023-11-23,0,6
"w_983988","treatment",2024-10-27,0,11
"w_974436","treatment",2025-07-08,4,5
"w_260951","treatment",2020-06-18,0,9
"w_463470","treatment",2024-03-21,16,3
"w_547434","control",2022-04-09,0,15
"w_795043","treatment",2025-11-17,0,9
"w_227197","treatment",2026-01-08,0,5
"w_883088","control",2022-01-21,2,5
"w_133017","control",2024-12-08,0,4
"w_552654","control",2021-12-07,0,11
"w_129668","control",2026-04-25,0,7
"w_643754","treatment",2025-10-02,0,9
"w_678736","control",2023-02-22,17,14
"w_263339","control",2019-02-23,1,7
"w_500101","control",2025-08-08,8,13
"w_590472","control",2022-07-26,0,8
"w_745546","treatment",2019-12-20,3,11
"w_922550","control",2022-09-22,0,8
"w_870716","treatment",2021-04-29,0,6
"w_776984","control",2023-10-25,2,12
"w_152796","treatment",2024-05-23,0,9
"w_261052","treatment",2023-08-22,0,11
"w_564078","control",2021-03-16,0,8
"w_893254","control",2019-04-19,0,13
"w_136649","treatment",2022-09-02,1,10
"w_870326","treatment",2019-03-29,0,14
"w_564867","control",2021-11-28,0,10
"w_790437","treatment",2023-08-03,14,8
"w_190709","treatment",2025-06-09,12,8
"w_942807","control",2021-01-26,0,13
"w_570644","control",2019-12-16,15,9
"w_969792","control",2024-02-17,0,10
"w_483358","treatment",2021-05-31,0,15
"w_291989","treatment",2022-02-21,0,8
"w_691272","treatment",2022-12-27,0,12
"w_235472","control",2025-10-19,0,9
"w_751891","treatment",2021-06-09,2,13
"w_989792","treatment",2021-02-26,15,9
"w_352073","treatment",2020-02-15,3,10
"w_728536","control",2021-10-09,0,10
"w_323886","control",2020-12-24,9,11
"w_615225","treatment",2020-09-21,0,14
"w_599941","control",2020-03-03,0,14
"w_549456","control",2019-12-19,0,11
"w_145212","treatment",2026-07-10,1,9
"w_839108","control",2026-05-02,2,9
"w_788582","treatment",2024-01-10,1,8
"w_457653","treatment",2020-11-25,0,12
"w_954496","control",2020-01-15,0,6
"w_644616","control",2022-12-01,4,12
"w_979900","treatment",2021-08-30,5,14
"w_822521","control",2025-06-08,3,11
"w_477046","treatment",2025-07-14,0,13
"w_285757","control",2019-05-05,1,8
"w_554656","control",2026-03-19,0,7
"w_413729","control",2026-07-12,3,10
"w_249204","treatment",2025-08-17,0,8
"w_371211","treatment",2021-06-18,0,12
"w_163659","control",2023-05-29,10,10
"w_612381","control",2024-10-21,2,9
"w_983080","control",2020-05-22,0,10
"w_977183","control",2025-09-05,0,5
"w_197196","control",2026-01-10,0,9
"w_569562","treatment",2021-05-31,0,17
"w_593419","control",2019-07-19,9,9
"w_255407","treatment",2024-01-09,0,9
"w_482299","control",2023-09-04,0,16
"w_290769","treatment",2019-05-12,10,12
"w_316202","treatment",2023-10-27,0,8
"w_707477","treatment",2021-02-27,7,10
"w_846701","treatment",2026-05-27,0,5
"w_788150","control",2023-01-23,7,10
"w_444408","treatment",2025-03-28,0,5
"w_789593","control",2023-02-25,0,9
"w_469203","treatment",2019-01-03,0,8
"w_163088","treatment",2023-01-28,4,13
"w_767122","treatment",2023-10-11,0,10
"w_596872","treatment",2022-06-21,0,9
"w_774082","control",2019-01-07,2,8
"w_734901","treatment",2018-08-05,16,8
"w_978950","control",2018-10-06,11,6
"w_301774","treatment",2021-06-10,0,14
"w_278757","treatment",2019-10-28,0,13
"w_633964","treatment",2023-07-08,8,12
"w_947679","treatment",2025-09-22,0,12
"w_107878","treatment",2025-09-23,1,15
"w_456014","control",2026-04-11,7,11
"w_123296","control",2022-09-19,19,7
"w_918928","treatment",2026-05-15,0,5
"w_536751","treatment",2018-06-16,0,13
"w_385421","treatment",2024-05-22,0,11
"w_508508","treatment",2023-10-24,35,7
"w_296863","control",2019-06-05,0,5
"w_181552","control",2021-04-15,0,11
"w_712050","control",2026-02-14,12,9
"w_996637","treatment",2026-05-20,0,11
"w_736175","treatment",2024-08-24,1,4
"w_581252","control",2021-02-03,7,15
"w_134481","treatment",2022-12-24,0,9
"w_130826","treatment",2019-06-22,0,14
"w_341867","control",2020-07-11,0,6
"w_142082","treatment",2019-02-12,62,11
"w_838985","control",2019-04-11,0,16
"w_971724","control",2025-08-15,3,11
"w_313521","control",2021-12-12,3,8
"w_455840","treatment",2022-07-22,0,13
"w_321151","control",2018-09-18,7,7
"w_733396","treatment",2024-02-19,6,12
"w_977781","control",2022-03-05,2,10
"w_454030","treatment",2025-04-08,3,12
"w_993427","treatment",2018-11-23,4,16
"w_745462","control",2024-08-05,7,9
"w_762251","treatment",2024-11-20,8,11
"w_297127","treatment",2020-11-21,38,12
"w_356180","control",2019-08-26,0,5
"w_123055","treatment",2025-05-02,0,5
"w_648427","control",2023-11-13,13,9
"w_843671","treatment",2023-04-23,10,11
"w_346521","treatment",2019-05-30,19,10
"w_321375","control",2025-06-21,2,8
"w_609253","treatment",2018-09-24,0,7
"w_228882","treatment",2019-12-13,2,12
"w_669561","treatment",2021-02-26,0,4
"w_141846","control",2019-02-14,0,10
"w_267664","treatment",2024-07-01,2,10
"w_563054","treatment",2018-10-29,0,6
"w_870695","treatment",2025-06-06,0,14
"w_542134","treatment",2020-04-29,4,7
"w_691086","control",2021-08-04,22,14
"w_745896","control",2019-07-02,0,10
"w_983517","control",2023-01-28,0,7
"w_217713","treatment",2018-12-18,0,17
"w_962127","treatment",2023-12-06,0,8
"w_433857","control",2025-01-12,0,8
"w_857042","control",2025-07-20,14,9
"w_792227","treatment",2025-01-11,0,7
"w_988961","control",2021-05-29,0,7
"w_469746","control",2025-03-24,0,8
"w_798282","control",2019-12-28,0,10
"w_753756","control",2025-03-17,0,10
"w_518868","treatment",2020-10-05,0,10
"w_648936","treatment",2024-10-30,16,13
"w_185235","treatment",2022-07-31,0,13
"w_206310","control",2023-06-19,12,8
"w_964129","control",2025-04-15,0,9
"w_409037","treatment",2020-08-28,0,14
"w_402200","control",2019-06-13,2,9
"w_894396","control",2021-08-13,0,6
"w_878044","control",2023-06-23,3,9
"w_924525","treatment",2023-05-25,1,12
"w_211896","treatment",2022-11-11,20,10
"w_502987","control",2022-05-02,0,10
"w_242662","control",2019-05-28,18,9
"w_303547","control",2019-11-25,0,5
"w_994730","control",2018-08-07,0,8
"w_952254","treatment",2025-02-11,0,12
"w_406485","treatment",2020-12-10,0,7
"w_177335","treatment",2023-10-27,0,3
"w_111397","control",2023-09-21,0,11
"w_320553","treatment",2025-01-23,4,14
"w_977977","control",2019-04-01,1,7
"w_929627","control",2020-06-14,1,3
"w_256098","control",2019-07-26,0,13
"w_115781","treatment",2019-10-28,0,10
"w_492121","control",2025-05-12,0,12
"w_284781","control",2018-09-14,12,10
"w_136976","control",2024-10-09,3,8
"w_166206","treatment",2025-06-26,0,9
"w_437974","treatment",2020-07-15,10,9
"w_869407","control",2024-03-23,3,10
"w_672902","control",2023-02-11,0,10
"w_694206","treatment",2021-07-04,0,8
"w_909304","control",2021-04-11,0,9
"w_652238","treatment",2025-09-08,0,7
"w_638236","treatment",2022-12-22,0,11
"w_767636","treatment",2019-03-18,0,10
"w_454270","treatment",2023-04-18,5,9
"w_552673","control",2023-02-12,0,8
"w_718097","treatment",2019-12-29,4,6
"w_246444","treatment",2025-03-05,0,11
"w_180180","control",2019-08-15,4,8
"w_148101","control",2018-11-15,2,7
"w_360018","treatment",2019-02-01,0,8
"w_140302","treatment",2019-09-23,4,9
"w_495963","treatment",2022-05-03,4,20
"w_479858","control",2021-03-05,0,8
"w_663995","control",2023-09-30,0,12
"w_351429","treatment",2023-05-19,0,12
"w_604028","control",2021-07-13,3,9
"w_619471","treatment",2018-08-19,0,8
"w_768192","treatment",2019-07-09,1,13
"w_563571","treatment",2023-06-02,3,13
"w_592023","treatment",2022-03-17,0,12
"w_694998","control",2024-11-25,0,10
"w_334269","control",2025-07-30,1,8
"w_224563","treatment",2025-10-08,14,7
"w_341437","control",2018-11-29,0,8
"w_509867","treatment",2020-01-08,0,10
"w_419727","control",2023-03-13,2,8
"w_681784","treatment",2023-06-14,0,9
"w_852024","control",2018-12-25,0,9
"w_456115","control",2018-11-11,2,10
"w_386385","control",2022-04-10,0,4
"w_566518","treatment",2025-08-08,0,9
"w_549205","treatment",2018-11-06,0,12
"w_192909","treatment",2022-01-08,0,9
"w_129620","control",2021-05-06,8,11
"w_576875","control",2024-08-03,0,6
"w_140201","treatment",2024-08-09,0,7
"w_754431","control",2019-06-12,3,7
"w_794565","treatment",2021-11-10,6,3
"w_508981","treatment",2019-05-17,0,8
"w_502806","control",2024-04-08,0,7
"w_589448","control",2020-09-06,0,6
"w_212611","treatment",2019-10-27,2,9
"w_504065","treatment",2024-01-05,0,6
"w_751028","treatment",2023-06-24,0,10
"w_356442","treatment",2025-03-26,0,6
"w_676701","control",2022-07-24,6,6
"w_251572","control",2026-03-26,0,14
"w_212386","treatment",2021-11-02,12,14
"w_842395","treatment",2018-07-01,0,9
"w_408278","control",2025-09-25,0,14
"w_459320","control",2023-11-22,0,11
"w_179205","treatment",2020-11-22,0,9
"w_767406","treatment",2026-04-26,1,12
"w_315862","control",2024-03-15,14,9
"w_382030","treatment",2019-01-19,10,11
"w_892215","control",2023-05-13,13,8
"w_617835","control",2026-07-01,11,9
"w_926145","control",2021-10-22,6,8
"w_455589","control",2025-07-01,0,15
"w_873376","control",2026-07-10,0,14
"w_854893","treatment",2020-03-06,36,8
"w_619064","control",2021-11-07,4,12
"w_607436","control",2018-06-20,0,10
"w_241314","treatment",2024-07-15,1,9
"w_425981","treatment",2023-05-10,0,8
"w_184888","treatment",2020-02-21,0,9
"w_720785","control",2021-05-21,19,10
"w_195132","treatment",2024-05-23,0,16
"w_873159","control",2020-12-09,4,10
"w_547900","treatment",2019-05-02,0,11
"w_312168","treatment",2025-05-23,0,8
"w_902761","control",2023-12-05,4,12
"w_900704","treatment",2024-10-03,3,6
"w_635406","control",2020-07-11,0,13
"w_817696","treatment",2022-03-31,0,7
"w_163865","control",2020-12-26,0,6
"w_998442","control",2018-07-31,0,9
"w_635430","treatment",2022-09-10,0,13
"w_772181","control",2021-05-11,0,6
"w_864075","control",2026-03-22,0,8
"w_378381","treatment",2019-02-01,0,9
"w_576548","treatment",2024-02-12,0,11
"w_825268","treatment",2018-09-01,0,7
"w_916281","control",2019-09-11,8,13
"w_518068","control",2023-02-13,3,8
"w_952351","control",2020-04-20,4,7
"w_717469","control",2019-10-08,31,8
"w_687314","treatment",2019-02-08,0,4
"w_242775","treatment",2023-08-28,3,7
"w_228037","treatment",2019-06-24,0,13
"w_306190","control",2019-06-15,1,10
"w_632234","control",2021-09-09,4,11
"w_374093","control",2025-04-06,3,9
"w_228206","control",2019-03-03,0,9
"w_743190","control",2025-07-22,2,13
"w_702586","control",2024-11-26,4,4
"w_477859","treatment",2023-06-25,0,14
"w_496734","treatment",2019-02-24,0,10
"w_364634","treatment",2021-10-29,17,11
"w_213044","treatment",2019-03-14,32,10
"w_922927","control",2019-01-01,7,7
"w_280104","control",2023-01-28,3,4
"w_709266","control",2023-01-18,0,12
"w_650741","control",2019-06-10,0,9
"w_944522","treatment",2020-12-05,4,10
"w_689403","control",2021-09-21,0,8
"w_386511","treatment",2024-04-05,28,6
"w_713182","control",2023-06-08,0,10
"w_630907","control",2024-05-01,0,12
"w_411952","treatment",2018-11-19,0,8
"w_212387","treatment",2026-01-01,0,16
"w_650464","treatment",2022-09-12,0,13
"w_931797","control",2021-04-02,16,9
"w_967481","treatment",2020-03-28,4,16
"w_278367","control",2023-01-01,1,16
"w_150666","control",2021-05-12,2,7
"w_946207","control",2021-06-30,0,6
"w_960214","control",2018-07-17,0,6
"w_433300","control",2023-02-18,18,8
"w_505454","treatment",2021-09-03,9,8
"w_334918","treatment",2025-04-03,0,8
"w_927656","treatment",2021-12-31,3,12
"w_374263","control",2024-04-25,0,9
"w_708396","control",2021-09-10,3,9
"w_362848","control",2021-03-18,0,6
"w_845541","treatment",2023-02-18,3,15
"w_628513","control",2019-10-05,0,11
"w_263806","control",2026-04-20,0,11
"w_993230","control",2019-05-24,7,10
"w_106446","treatment",2018-11-05,3,8
"w_766747","control",2018-12-15,0,12
"w_531193","control",2023-02-08,0,5
"w_209812","control",2018-08-26,0,10
"w_529428","control",2020-06-04,0,11
"w_480667","treatment",2019-06-05,0,5
"w_867257","control",2018-11-01,0,16
"w_209893","control",2023-04-01,0,15
"w_947136","control",2020-03-29,3,4
"w_292131","control",2019-05-25,0,11
"w_462570","control",2026-03-29,0,14
"w_890424","treatment",2025-09-08,3,5
"w_117476","treatment",2018-07-01,10,8
"w_557270","treatment",2019-03-18,0,11
"w_111411","control",2023-07-20,3,9
"w_714142","control",2020-07-06,4,7
"w_864376","treatment",2020-05-03,0,15
"w_746903","treatment",2019-02-16,0,7
"w_233991","treatment",2022-10-26,5,13
"w_842594","control",2021-07-16,0,15
"w_182248","control",2018-08-12,0,8
"w_416056","treatment",2022-01-10,0,8
"w_323696","control",2023-08-28,0,11
"w_446482","treatment",2020-07-21,0,12
"w_426491","treatment",2019-05-05,2,14
"w_834260","control",2020-08-12,0,10
"w_898150","control",2021-03-23,0,7
"w_498754","control",2022-12-25,4,10
"w_887961","control",2026-02-01,3,11
"w_836701","treatment",2024-12-13,0,9
"w_935899","control",2018-06-01,1,13
"w_405576","treatment",2026-03-21,0,6
"w_662961","treatment",2026-04-04,4,10
"w_305533","treatment",2021-10-12,2,14
"w_769177","control",2018-08-10,0,10
"w_712368","control",2018-09-13,0,16
"w_319849","control",2026-03-12,0,11
"w_755908","treatment",2022-07-24,0,7
"w_520408","treatment",2024-09-16,12,9
"w_832299","control",2022-06-03,30,8
"w_850078","control",2024-03-20,0,10
"w_454205","control",2023-12-19,1,14
"w_718207","treatment",2025-01-31,1,10
"w_488310","treatment",2021-09-15,1,15
"w_270273","treatment",2021-06-15,0,6
"w_469577","control",2020-07-03,2,7
"w_960373","control",2024-11-09,0,12
"w_221033","treatment",2024-04-18,0,9
"w_953781","treatment",2020-10-06,0,8
"w_974900","treatment",2019-09-24,4,6
"w_340449","treatment",2025-05-31,25,9
"w_339331","control",2021-04-07,4,10
"w_496382","treatment",2023-01-12,4,5
"w_829688","treatment",2022-08-28,1,9
"w_848656","control",2024-05-13,14,10
"w_343372","treatment",2024-01-14,4,7
"w_195321","control",2025-10-01,0,12
"w_383114","control",2019-07-17,24,7
"w_408307","treatment",2024-04-17,3,7
"w_999161","control",2020-03-18,0,9
"w_618406","control",2021-05-16,0,8
"w_881343","treatment",2023-12-15,10,9
"w_227900","treatment",2019-05-05,1,7
"w_569114","treatment",2021-09-30,0,8
"w_283844","treatment",2020-07-13,14,14
"w_199972","control",2021-09-02,0,5
"w_403460","control",2022-04-13,0,11
"w_409562","control",2022-09-21,18,9
"w_103552","control",2020-05-07,0,11
"w_621990","treatment",2023-10-25,0,11
"w_271902","treatment",2025-03-08,0,14
"w_243515","control",2022-08-05,0,11
"w_371319","control",2019-12-06,0,14
"w_246136","treatment",2022-11-18,11,9
"w_683910","control",2023-09-29,5,17
"w_796941","control",2023-12-11,3,10
"w_654043","treatment",2023-11-20,0,9
"w_961799","treatment",2023-04-13,3,14
"w_440261","treatment",2023-02-05,4,14
"w_277902","control",2025-08-06,3,10
"w_435923","control",2024-05-13,0,9
"w_493857","treatment",2025-11-18,1,9
"w_644664","treatment",2025-08-14,0,12
"w_685408","control",2020-08-30,0,9
"w_573512","treatment",2024-09-05,0,13
"w_411210","treatment",2023-12-28,1,6
"w_477846","control",2023-11-18,0,8
"w_574423","treatment",2025-12-06,27,14
"w_551120","treatment",2024-01-14,0,10
"w_729616","treatment",2021-05-05,3,11
"w_838469","control",2020-04-04,16,11
"w_116151","treatment",2019-06-21,8,9
"w_388277","treatment",2019-03-19,2,11
"w_271205","treatment",2022-10-15,13,15
"w_952020","control",2024-02-24,22,9
"w_468739","control",2021-04-20,17,12
"w_182195","treatment",2023-03-18,17,11
"w_908883","control",2025-06-06,20,7
"w_391531","treatment",2023-11-04,0,9
"w_691013","treatment",2023-03-23,0,13
"w_135883","control",2021-01-06,6,10
"w_374042","control",2020-10-13,0,11
"w_498143","control",2024-08-15,4,10
"w_423967","treatment",2024-10-17,0,15
"w_555840","treatment",2020-01-25,3,13
"w_902247","treatment",2025-09-20,0,11
"w_494177","control",2021-09-07,0,10
"w_907212","control",2022-11-13,59,10
"w_201404","treatment",2025-05-19,0,13
"w_541420","control",2024-05-12,0,10
"w_260282","treatment",2021-03-12,0,8
"w_657705","treatment",2020-03-30,1,7
"w_931274","treatment",2021-06-28,7,14
"w_404544","treatment",2022-02-27,0,6
"w_916114","treatment",2025-10-06,3,12
"w_560158","control",2023-02-13,0,13
"w_395227","control",2020-05-27,4,8
"w_194504","control",2019-08-10,1,5
"w_999082","treatment",2018-09-21,0,16
"w_807392","control",2020-05-05,10,12
"w_509382","treatment",2023-11-24,9,15
"w_417385","control",2025-07-06,35,13
"w_500802","treatment",2018-09-27,3,10
"w_922940","treatment",2018-08-25,1,7
"w_845689","control",2025-02-16,0,10
"w_833671","treatment",2022-03-02,1,8
"w_958936","treatment",2026-03-20,3,13
"w_260806","treatment",2020-11-16,4,13
"w_115383","treatment",2021-05-26,19,12
"w_514488","control",2023-12-01,0,9
"w_664938","treatment",2021-05-23,0,7
"w_623477","control",2021-07-27,2,12
"w_899090","treatment",2018-08-24,1,10
"w_963888","treatment",2020-06-01,1,14
"w_355571","control",2024-12-16,0,9
"w_207882","control",2019-10-07,0,13
"w_184653","treatment",2023-03-05,5,13
"w_367108","control",2023-12-17,0,12
"w_706130","treatment",2021-08-17,1,8
"w_855660","control",2022-02-26,4,11
"w_169717","control",2024-10-23,0,7
"w_530005","control",2019-03-09,14,14
"w_336588","treatment",2025-04-21,0,13
"w_306570","treatment",2023-05-17,0,11
"w_633402","treatment",2018-10-06,0,8
"w_574449","control",2024-09-13,0,13
"w_191821","treatment",2022-11-21,4,11
"w_584720","treatment",2020-04-22,3,11
"w_198211","treatment",2023-02-03,2,7
"w_660782","control",2019-08-03,13,9
"w_970823","treatment",2022-03-07,4,6
"w_794509","control",2021-08-04,45,11
"w_625310","treatment",2023-07-04,0,11
"w_481030","control",2022-01-19,1,10
"w_776608","control",2023-05-10,4,11
"w_577374","control",2023-01-04,0,11
"w_239995","treatment",2018-09-04,0,11
"w_627437","control",2025-07-26,0,10
"w_627937","control",2024-02-22,0,13
"w_197408","control",2019-01-07,0,9
"w_695761","treatment",2024-05-05,37,14
"w_755949","treatment",2023-07-22,4,13
"w_972646","treatment",2022-03-19,0,4
"w_795137","control",2025-06-20,1,8
"w_868390","treatment",2022-07-13,0,7
"w_545021","control",2023-10-15,0,7
"w_752580","control",2018-12-18,0,8
"w_619146","treatment",2019-11-29,0,8
"w_387098","treatment",2018-06-10,3,11
"w_656762","treatment",2021-02-05,0,12
"w_485825","treatment",2021-03-04,16,5
"w_345482","control",2026-04-08,0,9
"w_454629","control",2021-01-02,0,9
"w_914317","control",2021-05-24,0,8
"w_212560","control",2025-12-03,9,7
"w_319194","control",2023-04-03,0,5
"w_914190","treatment",2020-07-27,4,9
"w_512449","control",2025-05-25,0,15
"w_239972","treatment",2026-07-11,0,13
"w_976213","treatment",2020-03-20,4,13
"w_783089","treatment",2022-11-29,13,11
"w_858893","control",2023-08-06,0,13
"w_752385","control",2025-09-21,0,7
"w_855136","treatment",2023-01-01,0,11
"w_928078","treatment",2019-02-08,3,9
"w_940982","treatment",2022-10-23,3,9
"w_885962","treatment",2021-10-11,6,11
"w_216524","control",2021-05-13,0,5
"w_566186","control",2021-03-11,0,14
"w_983492","treatment",2026-07-06,1,15
"w_432741","treatment",2022-03-03,32,12
"w_489347","treatment",2018-08-18,1,14
"w_759320","treatment",2025-02-21,0,10
"w_956261","control",2019-06-26,0,11
"w_974406","treatment",2022-12-10,18,9
"w_576708","control",2022-03-14,0,14
"w_939965","treatment",2019-05-16,0,10
"w_505594","treatment",2025-02-28,3,9
"w_659785","control",2023-06-06,3,6
"w_366994","control",2026-05-15,0,16
"w_416496","control",2024-05-25,0,9
"w_459533","treatment",2020-01-23,3,12
"w_916403","control",2025-05-21,0,12
"w_182299","treatment",2019-11-14,0,19
"w_336706","control",2026-04-03,0,7
"w_697410","treatment",2019-09-29,0,9
"w_874588","control",2025-04-09,8,11
"w_469667","control",2024-12-09,5,9
"w_886331","control",2022-05-05,0,10
"w_749127","treatment",2026-04-08,41,10
"w_870061","control",2021-08-29,0,4
"w_897862","treatment",2024-06-19,0,5
"w_700771","treatment",2026-02-18,3,8
"w_433757","control",2019-08-02,0,16
"w_903972","control",2023-12-11,12,8
"w_770054","treatment",2023-05-28,10,5
"w_851243","control",2023-03-18,13,15
"w_387013","control",2019-02-17,34,11
"w_522365","control",2019-02-21,0,15
"w_490779","control",2018-08-21,4,16
"w_311429","control",2022-01-30,0,13
"w_357550","treatment",2021-02-25,2,12
"w_847283","treatment",2020-01-27,0,10
"w_739501","control",2019-12-22,0,6
"w_888848","control",2021-02-03,0,8
"w_352649","control",2019-08-04,0,7
"w_420541","control",2020-07-14,0,11
"w_100433","control",2025-09-19,1,9
"w_896829","control",2021-12-27,2,9
"w_274632","treatment",2025-04-16,0,15
"w_467083","control",2025-08-22,0,11
"w_647359","control",2021-02-15,0,10
"w_413311","treatment",2022-12-02,1,14
"w_908550","control",2020-12-20,0,7
"w_340459","control",2018-06-08,100,11
"w_884327","treatment",2021-10-10,0,10
"w_429533","control",2023-06-11,0,9
"w_103216","control",2022-10-11,0,6
"w_367004","treatment",2018-09-09,0,15
"w_864227","control",2022-09-13,0,6
"w_853343","treatment",2021-12-14,0,13
"w_398058","treatment",2023-09-07,45,11
"w_632904","treatment",2025-08-18,14,10
"w_495937","treatment",2023-07-26,0,8
"w_607764","control",2019-10-23,0,7
"w_308562","treatment",2023-12-19,0,10
"w_940039","treatment",2018-10-06,0,14
"w_278313","control",2022-12-19,0,11
"w_368333","control",2025-05-11,0,10
"w_394767","control",2024-07-02,0,10
"w_432913","treatment",2019-09-28,0,10
"w_345834","treatment",2022-01-08,0,12
"w_937945","treatment",2022-01-20,23,9
"w_822739","control",2025-03-23,5,10
"w_581565","control",2018-10-03,12,10
"w_229849","treatment",2023-04-04,0,9
"w_702756","control",2020-02-16,0,9
"w_474643","treatment",2018-12-09,0,13
"w_528405","treatment",2023-04-18,0,13
"w_609975","treatment",2022-05-04,0,13
"w_489256","control",2021-07-29,4,10
"w_188427","control",2020-11-17,0,12
"w_498516","treatment",2022-04-18,2,6
"w_598600","control",2026-07-07,0,14
"w_123147","control",2020-11-24,39,10
"w_214808","control",2024-02-27,2,13
"w_779499","treatment",2024-06-11,0,10
"w_631672","treatment",2023-06-05,0,13
"w_960255","control",2024-03-08,0,13
"w_610497","control",2021-05-24,1,11
"w_104757","control",2023-04-05,0,8
"w_386806","treatment",2023-12-05,70,9
"w_656860","treatment",2020-10-11,3,15
"w_532477","control",2023-01-03,4,12
"w_435297","control",2025-06-11,4,5
"w_645750","control",2019-05-05,0,10
"w_419847","treatment",2018-08-22,69,12
"w_952812","control",2021-06-10,1,8
"w_141419","treatment",2020-06-07,9,8
"w_590520","control",2024-08-05,1,5
"w_100629","treatment",2021-11-13,0,4
"w_571328","treatment",2025-12-28,2,9
"w_702597","control",2024-08-01,4,4
"w_470259","treatment",2018-06-19,3,5
"w_943216","treatment",2022-07-27,8,11
"w_309395","treatment",2023-10-21,0,6
"w_164686","control",2025-05-12,0,11
"w_433351","control",2019-09-30,4,11
"w_551495","control",2021-11-24,0,6
"w_523710","control",2018-10-19,0,9
"w_378975","treatment",2024-03-18,15,15
"w_669742","control",2025-04-20,0,9
"w_769002","treatment",2021-03-28,18,8
"w_450013","control",2020-12-08,0,10
"w_248144","control",2024-12-09,0,9
"w_646908","treatment",2025-08-16,0,10
"w_976328","treatment",2021-11-04,0,9
"w_937162","control",2022-06-27,4,12
"w_310118","control",2021-06-09,17,4
"w_477253","control",2024-03-19,1,11
"w_723672","treatment",2023-01-02,3,14
"w_668136","control",2023-06-01,0,12
"w_419527","control",2023-06-04,0,8
"w_283305","control",2021-08-03,8,3
"w_302796","treatment",2022-05-05,0,10
"w_708288","control",2021-02-04,0,18
"w_773028","treatment",2018-11-14,5,8
"w_769869","control",2021-12-21,0,9
"w_847021","control",2021-01-16,13,11
"w_898440","control",2019-01-25,0,15
"w_670180","treatment",2021-02-22,16,7
"w_614142","control",2018-06-09,0,6
"w_679585","control",2023-05-13,0,13
"w_464020","control",2025-02-16,0,16
"w_897239","treatment",2024-01-30,0,8
"w_941323","control",2019-05-22,0,11
"w_652270","control",2019-10-02,1,10
"w_578579","control",2026-02-25,0,6
"w_109760","control",2022-08-30,0,4
"w_111564","control",2025-12-22,3,12
"w_170315","treatment",2024-03-28,1,15
"w_312982","control",2025-12-30,1,7
"w_450410","treatment",2020-09-25,0,10
"w_933019","control",2021-01-16,18,9
"w_226721","control",2025-01-03,0,6
"w_985249","control",2021-07-18,9,5
"w_216065","treatment",2018-11-06,0,13
"w_792522","treatment",2020-04-24,0,9
"w_833786","treatment",2025-08-05,0,7
"w_300207","treatment",2024-08-22,0,6
"w_985711","treatment",2025-09-27,4,13
"w_223378","treatment",2020-06-08,0,9
"w_291377","treatment",2019-12-05,0,6
"w_859146","control",2021-08-03,0,10
"w_276386","treatment",2024-03-20,3,10
"w_880396","control",2020-03-04,4,10
"w_454299","control",2020-12-06,0,11
"w_735448","treatment",2020-04-25,1,13
"w_263788","control",2022-08-31,0,13
"w_478821","control",2018-06-06,0,7
"w_451666","treatment",2022-01-01,4,12
"w_541822","treatment",2021-01-08,9,10
"w_198814","control",2023-03-17,0,18
"w_889444","control",2026-03-20,0,8
"w_605333","treatment",2018-08-16,0,13
"w_346102","control",2025-04-25,2,7
"w_213935","control",2020-06-24,3,16
"w_734553","treatment",2019-03-20,0,7
"w_986275","control",2018-12-21,2,10
"w_518235","control",2020-02-05,0,11
"w_370253","treatment",2019-11-14,0,13
"w_763238","control",2022-12-24,10,9
"w_425259","treatment",2021-01-13,1,9
"w_507384","control",2021-05-09,0,9
"w_677092","treatment",2021-01-08,3,8
"w_467919","treatment",2026-04-08,0,7
"w_916918","control",2021-07-05,0,18
"w_962958","treatment",2020-02-20,0,15
"w_808210","treatment",2020-10-28,0,15
"w_718518","control",2020-12-22,2,14
"w_426746","control",2018-12-12,0,16
"w_575104","control",2021-05-27,0,9
"w_202472","control",2018-10-31,1,12
"w_695618","treatment",2024-06-08,4,7
"w_741538","treatment",2025-06-02,12,13
"w_421320","treatment",2025-01-06,4,8
"w_379676","treatment",2019-05-01,4,13
"w_669654","treatment",2023-07-14,4,12
"w_649563","treatment",2018-09-19,0,11
"w_479661","treatment",2025-06-09,0,14
"w_356159","control",2019-05-30,0,11
"w_862101","treatment",2019-05-30,0,13
"w_984496","control",2024-05-26,1,13
"w_402528","treatment",2023-04-17,0,11
"w_154476","control",2020-04-14,4,7
"w_394584","treatment",2020-03-27,0,10
"w_872617","treatment",2025-10-05,0,7
"w_609114","control",2023-10-13,6,10
"w_793911","control",2025-11-04,4,8
"w_795620","control",2020-12-24,0,11
"w_936900","treatment",2019-11-30,0,7
"w_560534","control",2026-02-18,1,11
"w_738984","control",2025-09-04,15,10
"w_179737","treatment",2020-11-26,0,4
"w_638009","control",2019-02-16,2,14
"w_356554","treatment",2021-10-10,0,4
"w_686931","control",2019-07-10,0,9
"w_471251","control",2018-08-11,1,12
"w_704122","control",2018-10-13,1,11
"w_517562","treatment",2020-03-11,0,11
"w_895618","treatment",2026-02-04,24,14
"w_516417","treatment",2022-10-19,0,11
"w_346606","control",2025-04-09,0,10
"w_146946","treatment",2026-05-18,16,6
"w_133932","control",2022-08-07,1,10
"w_575698","control",2025-04-14,0,6
"w_540559","control",2019-12-12,13,9
"w_633135","treatment",2022-04-15,0,8
"w_543105","treatment",2022-08-28,2,15
"w_869376","control",2020-07-08,0,9
"w_767287","treatment",2026-05-07,0,12
"w_250528","treatment",2026-04-27,5,11
"w_387889","treatment",2022-11-09,40,12
"w_316615","control",2023-09-23,0,11
"w_382953","control",2023-03-23,2,16
"w_358993","control",2022-03-08,0,10
"w_357793","treatment",2022-05-22,0,10
"w_670872","control",2018-10-11,17,8
"w_239812","control",2022-10-16,0,7
"w_575167","control",2023-07-28,0,9
"w_784634","control",2020-03-20,22,6
"w_401456","treatment",2026-04-22,0,11
"w_700795","control",2026-06-13,0,11
"w_285210","control",2023-08-29,5,7
"w_646807","control",2019-07-21,0,12
"w_119581","treatment",2023-09-25,2,11
"w_407450","treatment",2021-02-03,3,3
"w_296384","treatment",2019-11-04,0,9
"w_289182","treatment",2018-06-10,0,10
"w_838788","control",2021-12-16,2,14
"w_567242","treatment",2023-01-05,64,6
"w_151401","control",2024-10-02,0,16
"w_916793","control",2022-07-10,4,7
"w_784442","treatment",2024-12-07,11,8
"w_767054","control",2023-06-16,0,10
"w_904126","treatment",2026-06-20,0,8
"w_453677","treatment",2018-09-04,18,9
"w_647088","control",2023-08-19,32,9
"w_428019","treatment",2023-03-21,0,9
"w_682496","treatment",2020-10-19,0,8
"w_886561","treatment",2020-12-08,0,12
"w_814340","treatment",2022-01-31,0,9
"w_453272","treatment",2022-01-21,0,10
"w_826075","control",2025-04-27,0,14
"w_580769","control",2026-02-17,47,12
"w_260276","control",2019-11-29,0,8
"w_658341","treatment",2019-09-02,7,12
"w_520192","treatment",2023-11-28,12,9
"w_525294","control",2023-10-14,0,7
"w_405840","control",2025-05-03,0,7
"w_513038","treatment",2019-11-22,0,8
"w_592165","treatment",2019-04-02,0,5
"w_725287","treatment",2020-11-06,4,12
"w_332795","control",2019-11-07,2,11
"w_329502","treatment",2023-05-06,0,8
"w_271738","control",2020-02-14,0,9
"w_946646","treatment",2024-01-25,0,10
"w_635318","treatment",2024-12-08,11,12
"w_510190","treatment",2026-07-11,0,11
"w_768851","treatment",2020-07-11,0,7
"w_181936","treatment",2022-12-09,0,10
"w_105952","treatment",2023-08-22,0,15
"w_392438","control",2022-12-24,3,12
"w_620761","control",2021-03-21,4,9
"w_281990","treatment",2022-06-19,1,10
"w_911015","control",2024-02-24,15,11
"w_584530","treatment",2025-03-09,0,9
"w_989109","treatment",2025-11-07,0,8
"w_940774","control",2024-11-02,0,11
"w_803594","control",2019-05-01,27,8
"w_216843","control",2024-07-06,4,7
"w_399506","control",2022-12-24,13,8
"w_925339","control",2019-09-07,30,13
"w_902638","control",2024-11-20,11,7
"w_530630","treatment",2020-01-24,37,11
"w_650887","control",2019-05-13,0,6
"w_539699","treatment",2024-10-26,1,10
"w_852489","treatment",2021-07-14,0,16
"w_852712","control",2024-10-11,46,9
"w_108371","control",2022-03-28,0,10
"w_174684","control",2021-06-08,79,7
"w_247671","control",2024-11-25,12,11
"w_920431","treatment",2023-02-27,0,13
"w_298148","control",2021-10-25,0,5
"w_480676","control",2020-08-15,0,18
"w_990027","treatment",2025-03-16,0,12
"w_282258","control",2024-02-13,0,9
"w_315381","control",2022-06-06,0,5
"w_759956","treatment",2023-03-16,3,10
"w_336507","treatment",2020-11-08,0,4
"w_839746","control",2023-12-03,0,10
"w_648811","control",2018-10-01,85,10
"w_502692","treatment",2024-01-20,0,12
"w_731934","control",2019-09-02,3,10
"w_840108","treatment",2022-04-28,0,11
"w_602381","treatment",2021-04-06,1,13
"w_267879","treatment",2023-09-24,18,7
"w_561817","treatment",2018-12-10,0,13
"w_272844","control",2020-04-18,4,12
"w_539903","treatment",2025-01-22,11,12
"w_172762","control",2024-08-20,0,6
"w_336197","treatment",2024-02-14,0,7
"w_396424","treatment",2025-05-26,19,11
"w_989329","control",2025-11-23,7,9
"w_880448","treatment",2024-04-29,0,11
"w_691252","treatment",2024-02-04,3,12
"w_112763","control",2024-09-03,0,14
"w_848531","control",2022-04-03,0,12
"w_197431","treatment",2019-06-19,0,16
"w_664165","control",2021-09-07,0,9
"w_314742","treatment",2020-03-28,1,6
"w_289205","control",2025-08-13,1,9
"w_715386","treatment",2024-04-11,0,14
"w_964589","treatment",2020-12-26,0,13
"w_557291","treatment",2020-11-17,2,7
"w_522535","treatment",2025-06-21,6,15
"w_817257","control",2021-08-08,2,16
"w_674795","control",2021-06-03,3,11
"w_210694","control",2020-12-28,3,4
"w_912544","control",2018-10-08,2,14
"w_630634","treatment",2021-08-08,0,11
"w_128817","treatment",2026-06-12,0,6
"w_462378","control",2019-03-15,3,6
"w_705584","treatment",2023-10-13,0,10
"w_921900","treatment",2018-06-18,0,10
"w_824287","control",2026-03-17,0,13
"w_574707","treatment",2020-09-16,0,13
"w_331551","control",2020-06-09,16,7
"w_774230","control",2026-05-28,17,8
"w_708332","treatment",2024-10-25,13,10
"w_983081","control",2025-03-02,0,10
"w_343088","treatment",2019-08-03,0,6
"w_310923","control",2019-05-21,0,13
"w_624610","treatment",2019-05-07,0,11
"w_767273","treatment",2022-10-17,0,8
"w_389462","control",2018-09-24,1,6
"w_929797","treatment",2021-01-28,0,6
"w_983734","control",2022-03-06,0,8
"w_792471","treatment",2024-09-02,0,11
"w_137687","treatment",2023-05-15,0,9
"w_400218","treatment",2022-04-06,0,12
"w_334605","control",2022-01-05,0,7
"w_585303","control",2022-02-02,16,9
"w_922297","control",2019-12-08,4,11
"w_549804","control",2019-09-12,3,12
"w_952162","treatment",2023-02-14,0,11
"w_735979","control",2022-12-29,14,10
"w_884769","treatment",2023-08-02,0,16
"w_204346","treatment",2026-02-14,0,9
"w_325178","control",2023-09-12,0,6
"w_860750","control",2022-10-05,0,8
"w_955263","treatment",2026-07-09,0,14
"w_359147","control",2020-01-07,3,9
"w_522790","control",2019-05-03,0,4
"w_444891","control",2020-07-27,0,10
"w_908942","treatment",2019-09-19,0,13
"w_701675","control",2024-10-20,19,8
"w_284215","control",2023-11-26,15,21
"w_880763","treatment",2022-07-23,3,9
"w_351333","control",2022-04-02,3,12
"w_544088","treatment",2019-10-06,4,12
"w_905563","treatment",2020-11-28,52,13
"w_387543","treatment",2025-11-05,0,12
"w_529561","control",2020-12-14,2,9
"w_972023","treatment",2026-02-16,3,6
"w_697974","control",2019-09-11,0,10
"w_227932","treatment",2023-10-28,13,12
"w_960540","treatment",2020-10-17,4,6
"w_318614","treatment",2023-03-05,0,9
"w_954697","treatment",2024-02-10,36,13
"w_422692","control",2021-01-22,4,7
"w_220195","control",2026-03-07,1,11
"w_306572","treatment",2019-03-20,0,11
"w_124515","control",2025-05-03,7,10
"w_726725","control",2025-02-15,1,4
"w_690771","control",2025-04-01,11,16
"w_601112","control",2023-01-08,0,10
"w_122023","control",2023-04-12,0,9
"w_588576","control",2022-04-22,4,15
"w_977783","control",2022-12-26,0,11
"w_836381","treatment",2019-05-31,1,17
"w_775690","control",2025-03-04,0,9
"w_115638","treatment",2022-09-16,8,7
"w_139702","treatment",2019-07-24,4,12
"w_895382","control",2026-01-07,2,8
"w_808222","treatment",2018-11-19,0,14
"w_692882","treatment",2020-06-12,29,7
"w_204612","treatment",2024-09-16,4,10
"w_262467","control",2021-02-09,10,7
"w_592785","treatment",2025-06-16,0,3
"w_541516","control",2022-09-18,2,8
"w_299614","control",2020-11-22,0,11
"w_976545","treatment",2021-10-21,0,13
"w_126576","treatment",2020-01-02,0,12
"w_793046","control",2025-08-08,0,10
"w_117635","treatment",2024-10-07,0,16
"w_520974","treatment",2022-11-29,0,10
"w_325857","treatment",2023-12-25,0,7
"w_230452","treatment",2019-11-07,0,10
"w_608694","control",2025-01-26,0,10
"w_445097","treatment",2026-07-03,0,12
"w_547319","treatment",2024-01-29,0,12
"w_451845","treatment",2024-04-27,6,10
"w_118839","treatment",2019-11-19,4,8
"w_524313","control",2021-03-10,0,7
"w_805469","treatment",2020-11-10,6,10
"w_189119","treatment",2021-05-03,4,7
"w_863619","treatment",2021-06-20,0,10
"w_330568","treatment",2021-02-24,0,12
"w_210631","treatment",2025-11-18,40,5
"w_563507","control",2021-06-03,0,17
"w_532349","control",2019-06-19,2,11
"w_514030","treatment",2021-02-19,39,8
"w_826775","treatment",2020-01-24,1,11
"w_536873","treatment",2021-04-06,0,11
"w_299200","treatment",2019-06-16,0,13
"w_678554","treatment",2023-03-18,0,7
"w_226683","treatment",2026-03-01,0,12
"w_462485","control",2026-03-07,39,8
"w_661190","control",2018-06-24,2,11
"w_101107","treatment",2021-09-25,1,9
"w_861615","treatment",2020-11-20,0,7
"w_999897","control",2020-05-08,0,10
"w_836094","control",2025-02-20,0,8
"w_165737","treatment",2024-05-28,0,9
"w_366432","control",2019-08-03,0,9
"w_451717","treatment",2023-03-05,5,7
"w_901655","control",2025-03-27,1,13
"w_266380","treatment",2022-12-30,1,10
"w_942892","treatment",2019-07-08,0,13
"w_144172","treatment",2023-12-20,24,5
"w_542680","treatment",2026-01-02,4,12
"w_960596","control",2025-08-30,0,12
"w_726243","control",2024-10-18,0,13
"w_759102","control",2024-03-02,0,11
"w_637485","treatment",2021-11-27,3,19
"w_802784","control",2020-10-23,4,11
"w_841910","treatment",2024-10-26,2,9
"w_942729","control",2018-10-17,0,8
"w_900902","treatment",2023-06-22,4,14
"w_101050","control",2023-04-17,0,10
"w_887523","control",2025-10-18,4,14
"w_438373","control",2026-02-10,18,11
"w_905553","control",2026-02-20,0,11
"w_284397","treatment",2018-07-17,94,10
"w_699298","treatment",2020-12-20,0,13
"w_310863","treatment",2025-12-29,0,7
"w_783160","control",2023-11-26,12,11
"w_762858","control",2024-04-25,0,11
"w_390874","control",2022-02-03,0,9
"w_336796","control",2020-11-18,0,9
"w_830727","treatment",2021-04-22,16,5
"w_809364","control",2024-10-17,58,7
"w_135687","treatment",2018-08-01,4,10
"w_960632","control",2024-03-20,0,12
"w_156285","control",2026-03-10,3,8
"w_547638","control",2024-03-26,0,7
"w_637104","control",2025-04-27,14,10
"w_216668","control",2022-11-10,0,7
"w_422397","control",2021-03-04,0,9
"w_329633","control",2018-12-27,0,7
"w_522448","control",2019-01-25,0,10
"w_191485","treatment",2023-09-21,2,11
"w_714409","treatment",2023-06-07,0,13
"w_654470","treatment",2022-12-12,4,9
"w_118719","control",2022-06-23,0,9
"w_701501","treatment",2024-11-05,0,7
"w_110888","treatment",2018-09-28,13,6
"w_451972","treatment",2023-04-03,17,11
"w_834455","treatment",2021-01-07,10,9
"w_789214","control",2020-02-11,1,12
"w_203057","control",2023-04-11,48,7
"w_378522","treatment",2025-12-14,0,16
"w_707276","treatment",2025-10-12,3,11
"w_450002","control",2023-04-16,0,13
"w_655436","control",2021-07-10,0,8
"w_207125","control",2019-08-31,0,8
"w_435973","treatment",2020-06-27,0,7
"w_923436","control",2021-05-20,3,8
"w_663383","treatment",2025-03-13,4,9
"w_895133","control",2020-07-29,0,15
"w_568164","control",2021-08-16,0,14
"w_693405","control",2020-12-05,11,12
"w_809993","control",2020-09-11,2,9
"w_334294","treatment",2018-08-12,0,15
"w_364439","control",2018-06-22,0,11
"w_757212","control",2025-08-30,2,7
"w_297148","control",2021-07-09,10,15
"w_888546","control",2019-05-02,16,15
"w_926651","control",2022-04-26,0,9
"w_195535","treatment",2023-07-03,3,14
"w_455926","control",2026-02-02,18,7
"w_619553","control",2023-07-20,0,12
"w_188650","control",2023-08-05,0,13
"w_422559","control",2022-01-05,17,7
"w_162499","treatment",2022-02-07,11,11
"w_827470","control",2021-06-22,0,9
"w_375703","treatment",2023-01-14,18,16
"w_329093","treatment",2022-08-15,4,9
"w_383411","treatment",2025-10-13,4,15
"w_108822","treatment",2024-04-29,2,8
"w_139518","control",2025-10-01,0,20
"w_646050","treatment",2019-06-15,4,6
"w_946255","treatment",2025-01-29,0,11
"w_880177","treatment",2025-02-09,0,17
"w_940605","control",2021-06-27,2,8
"w_223551","treatment",2025-05-24,0,14
"w_323120","treatment",2025-09-12,11,6
"w_204747","treatment",2025-10-01,0,5
"w_939545","treatment",2019-01-01,0,12
"w_520244","control",2022-11-01,0,9
"w_101300","control",2022-05-30,0,11
"w_684288","control",2024-09-07,2,6
"w_893420","control",2023-11-24,11,6
"w_472213","treatment",2019-03-04,3,11
"w_918957","treatment",2019-11-09,0,9
"w_267242","treatment",2023-04-29,18,4
"w_798496","treatment",2019-02-06,1,9
"w_933756","treatment",2018-07-30,0,8
"w_427599","control",2018-06-29,8,11
"w_741962","control",2019-03-08,2,7
"w_563622","treatment",2022-07-03,0,12
"w_742781","treatment",2025-02-22,2,11
"w_938242","control",2025-04-26,1,6
"w_908831","control",2023-02-23,0,9
"w_285055","treatment",2021-11-05,19,9
"w_804462","control",2025-12-20,0,10
"w_869424","treatment",2025-12-11,59,11
"w_680547","treatment",2025-09-30,0,9
"w_745095","treatment",2018-08-21,17,7
"w_528116","treatment",2022-12-04,0,13
"w_722814","treatment",2020-05-30,19,12
"w_784272","treatment",2024-09-02,0,13
"w_922794","control",2020-06-17,1,17
"w_103383","control",2024-03-12,0,10
"w_868881","control",2024-10-28,1,8
"w_414420","control",2021-03-02,0,9
"w_697726","control",2022-02-18,19,10
"w_826765","treatment",2024-08-27,12,5
"w_650406","control",2026-01-29,2,10
"w_829813","treatment",2018-07-24,0,6
"w_324835","control",2021-08-31,2,8
"w_558834","treatment",2019-12-28,0,8
"w_293572","control",2019-01-06,0,12
"w_482320","control",2022-03-02,14,9
"w_829678","treatment",2026-04-09,0,14
"w_123638","control",2020-01-29,3,7
"w_555416","control",2018-10-01,0,13
"w_743289","control",2021-04-22,0,9
"w_249910","treatment",2026-05-21,0,14
"w_591911","treatment",2026-05-26,0,9
"w_511018","treatment",2025-12-16,1,17
"w_278939","treatment",2019-01-03,13,11
"w_535103","control",2023-07-03,0,10
"w_341855","treatment",2023-03-06,0,9
"w_548216","control",2025-01-30,0,8
"w_795669","treatment",2019-12-26,0,7
"w_950262","control",2026-05-02,43,9
"w_321872","treatment",2022-08-13,0,12
"w_585460","control",2022-02-26,1,8
"w_291659","treatment",2018-06-05,0,10
"w_769198","treatment",2021-11-13,9,10
"w_538710","treatment",2023-12-18,0,6
"w_811849","control",2022-07-04,3,14
"w_856289","control",2024-07-19,0,11
"w_328607","control",2024-04-03,0,15
"w_906309","control",2018-06-28,0,9
"w_814337","treatment",2021-08-02,12,13
"w_355337","treatment",2020-02-06,4,6
"w_811179","control",2020-03-24,1,16
"w_196645","treatment",2022-01-10,0,10
"w_217598","control",2021-02-23,0,14
"w_403902","control",2019-05-12,0,8
"w_867096","treatment",2018-07-01,0,9
"w_528920","treatment",2022-04-08,1,4
"w_384766","treatment",2023-07-25,0,11
"w_137262","treatment",2024-08-29,0,9
"w_329101","treatment",2022-10-07,0,9
"w_903512","treatment",2025-04-20,15,13
"w_964572","control",2020-03-15,0,11
"w_437479","control",2021-12-03,21,14
"w_406918","treatment",2018-07-30,0,10
"w_672738","control",2023-12-25,4,16
"w_547599","control",2024-02-07,8,8
"w_199091","control",2021-07-31,0,12
"w_674554","control",2025-03-02,1,12
"w_606015","control",2020-04-13,7,8
"w_902154","control",2020-05-06,2,12
"w_922626","control",2022-07-14,0,11
"w_215013","control",2023-06-18,0,10
"w_296124","control",2023-11-13,10,6
"w_841542","treatment",2023-09-14,0,12
"w_661498","control",2025-01-18,0,11
"w_365679","treatment",2021-08-23,3,8
"w_965452","control",2025-01-08,0,3
"w_616018","control",2019-10-29,0,9
"w_472236","control",2025-01-16,20,5
"w_522580","treatment",2019-04-21,1,10
"w_154914","treatment",2023-11-03,0,8
"w_829504","control",2019-04-09,4,4
"w_699409","treatment",2024-09-17,0,9
"w_283344","treatment",2026-07-04,0,9
"w_736838","control",2024-08-26,5,11
"w_881833","treatment",2024-09-06,14,9
"w_994605","control",2019-11-22,0,10
"w_853527","treatment",2026-05-25,0,11
"w_362294","control",2022-09-21,0,16
"w_842393","control",2022-04-15,0,10
"w_157391","treatment",2020-12-10,0,7
"w_402014","treatment",2024-09-24,0,11
"w_131280","control",2024-12-23,1,6
"w_527082","treatment",2023-03-02,9,11
"w_235192","control",2026-06-27,3,11
"w_701979","control",2018-06-18,0,14
"w_520510","treatment",2025-10-15,3,9
"w_742723","control",2026-03-13,0,10
"w_609578","treatment",2023-10-28,82,12
"w_358973","treatment",2022-03-09,4,14
"w_533161","treatment",2022-08-28,0,13
"w_316528","control",2021-12-27,0,8
"w_340770","control",2026-03-16,0,7
"w_328076","treatment",2025-03-30,0,4
"w_636826","treatment",2019-03-21,1,17
"w_893031","treatment",2020-11-29,13,15
"w_832414","control",2018-08-05,0,6
"w_988319","control",2025-12-27,0,9
"w_209067","control",2019-08-29,3,6
"w_812083","treatment",2022-01-13,1,6
"w_745578","treatment",2025-09-10,0,9
"w_590506","control",2026-05-21,0,15
"w_934063","control",2024-12-22,0,8
"w_871311","control",2021-11-22,0,15
"w_762012","treatment",2022-09-03,0,11
"w_956317","control",2023-10-23,1,8
"w_117740","control",2022-09-19,9,11
"w_742841","control",2025-06-02,0,10
"w_410911","treatment",2025-04-12,0,13
"w_212668","treatment",2025-04-11,0,10
"w_317596","treatment",2023-06-16,3,10
"w_791903","control",2024-07-06,0,11
"w_938382","control",2020-01-09,18,6
"w_588359","treatment",2020-02-03,0,14
"w_558905","treatment",2019-08-21,1,12
"w_143062","treatment",2025-09-28,0,6
"w_399956","control",2023-02-01,0,9
"w_522685","control",2021-03-23,3,10
"w_219620","control",2024-07-13,0,12
"w_615129","control",2021-07-09,0,8
"w_682750","control",2024-09-25,8,14
"w_631521","treatment",2019-06-01,0,2
"w_600423","treatment",2026-06-17,0,14
"w_826232","control",2024-02-13,0,10
"w_696874","control",2024-11-03,1,17
"w_817883","control",2024-10-29,143,6
"w_512232","control",2024-05-01,11,10
"w_505230","treatment",2021-04-09,0,7
"w_278383","treatment",2024-04-21,0,10
"w_666349","control",2025-01-31,0,5
"w_713417","control",2023-06-25,0,7
"w_442902","treatment",2021-09-24,0,7
"w_627255","control",2021-12-31,1,10
"w_356315","control",2020-06-01,0,9
"w_225253","control",2026-07-01,2,7
"w_259083","treatment",2026-01-10,0,9
"w_490432","treatment",2018-08-28,14,10
"w_389828","control",2021-09-23,3,11
"w_969165","treatment",2022-07-05,2,8
"w_621882","treatment",2024-11-27,0,15
"w_827848","treatment",2022-10-06,1,8
"w_924011","control",2020-09-18,11,14
"w_156746","treatment",2019-06-14,0,11
"w_149459","treatment",2023-07-25,0,21
"w_601726","treatment",2024-09-04,3,9
"w_645610","control",2026-04-30,0,14
"w_284023","control",2022-09-21,19,9
"w_314909","treatment",2024-06-04,13,7
"w_225626","treatment",2019-09-22,0,15
"w_989590","treatment",2022-12-30,3,10
"w_909379","treatment",2026-01-28,0,7
"w_759930","treatment",2020-01-24,0,9
"w_893535","control",2024-04-16,51,5
"w_930673","treatment",2023-10-26,13,13
"w_687009","treatment",2022-10-14,18,12
"w_607930","treatment",2024-07-15,0,9
"w_214953","treatment",2025-02-14,0,5
"w_392643","treatment",2019-11-04,0,4
"w_940336","treatment",2025-01-15,0,17
"w_633138","control",2018-10-18,0,10
"w_987570","control",2019-09-28,0,14
"w_871304","control",2024-10-24,0,9
"w_342400","treatment",2025-11-30,4,11
"w_228465","control",2018-11-19,5,13
"w_774604","treatment",2022-06-28,2,13
"w_375921","control",2020-09-14,0,8
"w_840064","treatment",2022-06-01,3,8
"w_466643","treatment",2022-05-20,3,8
"w_243453","control",2026-06-15,1,11
"w_738692","control",2019-09-12,0,6
"w_806656","treatment",2019-01-28,1,11
"w_783262","treatment",2020-10-14,0,8
"w_190405","control",2019-05-07,10,16
"w_609867","control",2019-01-29,0,12
"w_933357","treatment",2025-12-31,0,5
"w_898603","control",2025-08-15,0,8
"w_607745","treatment",2022-03-28,6,9
"w_617093","control",2020-11-27,0,18
"w_373663","treatment",2023-03-28,5,8
"w_303110","control",2019-05-17,0,10
"w_918929","control",2022-04-10,0,8
"w_845293","control",2024-12-15,3,4
"w_802433","control",2024-09-03,0,14
"w_989983","control",2021-05-15,0,6
"w_187739","control",2022-05-24,4,7
"w_573544","control",2019-02-15,0,6
"w_349377","control",2021-06-26,0,7
"w_223434","control",2022-10-23,0,12
"w_279803","treatment",2020-03-21,2,8
"w_665475","control",2025-01-13,3,9
"w_608049","treatment",2024-04-22,13,12
"w_867935","control",2019-01-26,0,6
"w_481801","control",2023-10-24,0,9
"w_794051","treatment",2020-03-27,3,8
"w_817052","control",2018-07-20,0,9
"w_821085","treatment",2023-09-01,2,10
"w_347451","control",2021-07-03,1,7
"w_988449","treatment",2024-07-05,0,14
"w_835643","treatment",2022-04-19,2,11
"w_601430","treatment",2019-03-01,0,12
"w_467367","treatment",2024-05-11,5,18
"w_229592","treatment",2018-08-04,0,11
"w_743351","control",2020-12-09,3,8
"w_874640","treatment",2019-08-08,4,8
"w_101747","control",2025-01-22,37,7
"w_678112","treatment",2024-02-27,18,10
"w_435077","treatment",2018-11-03,0,7
"w_157529","control",2025-10-22,0,14
"w_704175","control",2020-08-22,0,15
"w_975017","treatment",2022-04-05,1,14
"w_341748","control",2019-12-06,0,16
"w_137042","treatment",2021-04-24,6,12
"w_566102","control",2018-11-13,0,17
"w_970645","control",2024-12-14,0,17
"w_110069","treatment",2024-08-27,0,6
"w_805112","control",2022-03-13,0,8
"w_487349","treatment",2022-07-21,0,11
"w_453155","control",2019-07-02,0,7
"w_260552","treatment",2024-03-26,0,12
"w_427785","treatment",2025-05-19,14,15
"w_164782","control",2020-12-04,61,13
"w_293816","control",2019-03-30,0,8
"w_108300","treatment",2021-04-13,2,7
"w_469517","treatment",2019-07-25,3,8
"w_907615","control",2024-11-24,0,9
"w_923805","control",2022-03-31,0,13
"w_623092","treatment",2025-03-16,3,6
"w_211580","treatment",2024-02-27,0,15
"w_627696","control",2022-01-23,17,10
"w_950539","control",2024-06-24,0,10
"w_148804","treatment",2024-08-29,2,10
"w_159076","control",2026-05-25,13,14
"w_304778","treatment",2025-06-03,0,12
"w_562848","control",2021-08-22,0,7
"w_205822","treatment",2024-04-10,5,17
"w_932773","control",2018-11-14,4,9
"w_228198","control",2019-11-09,1,10
"w_427229","treatment",2021-03-16,0,19
"w_341030","control",2022-02-09,0,9
"w_608057","treatment",2019-01-10,68,12
"w_663024","treatment",2025-01-16,0,6
"w_811431","treatment",2024-03-19,12,10
"w_231640","control",2022-11-27,15,7
"w_205188","control",2022-09-12,0,10
"w_961293","treatment",2020-11-11,0,11
"w_714755","treatment",2019-01-02,0,12
"w_167066","control",2023-12-31,0,9
"w_669732","treatment",2018-12-21,0,7
"w_865131","treatment",2020-07-11,0,8
"w_321597","control",2023-03-03,0,14
"w_375805","treatment",2023-01-28,0,15
"w_672787","treatment",2024-01-01,0,12
"w_326610","treatment",2021-03-29,0,10
"w_187928","treatment",2023-03-02,0,12
"w_511670","control",2026-06-05,0,12
"w_598901","treatment",2020-09-21,0,8
"w_105906","treatment",2022-06-30,65,9
"w_872405","treatment",2024-01-20,0,6
"w_975782","control",2025-01-31,0,9
"w_496609","control",2024-04-06,0,12
"w_814697","control",2025-06-25,0,8
"w_577932","treatment",2025-08-13,0,12
"w_247245","control",2020-08-29,10,6
"w_324894","control",2023-08-04,0,9
"w_732918","treatment",2021-07-21,0,19
"w_408900","treatment",2020-04-07,0,14
"w_814030","treatment",2023-04-03,0,16
"w_671068","control",2024-11-03,3,6
"w_649345","control",2019-03-13,2,13
"w_383923","control",2020-07-07,0,10
"w_765941","control",2024-01-17,0,12
"w_295276","treatment",2025-12-29,0,12
"w_462537","control",2019-08-02,4,6
"w_485053","control",2018-11-06,4,12
"w_924174","treatment",2021-01-04,0,16
"w_991201","control",2024-01-15,0,6
"w_295727","control",2023-10-28,1,8
"w_963183","treatment",2022-07-31,1,8
"w_351524","control",2023-03-03,3,9
"w_762336","control",2021-02-16,0,11
"w_184415","control",2018-06-24,12,11
"w_519230","control",2024-11-25,0,5
"w_166777","treatment",2024-08-31,26,12
"w_617768","treatment",2022-07-11,3,6
"w_343972","control",2023-06-16,1,9
"w_661133","treatment",2024-08-08,1,8
"w_397610","control",2025-05-03,5,6
"w_316212","treatment",2024-10-08,0,8
"w_383534","treatment",2023-09-18,14,11
"w_345480","control",2022-08-15,2,8
"w_331392","treatment",2019-03-19,18,8
"w_207299","control",2022-11-16,3,9
"w_291284","control",2021-08-23,2,8
"w_698070","control",2020-05-14,19,10
"w_200741","control",2021-07-05,0,9
"w_213295","treatment",2025-04-30,1,4
"w_711620","control",2025-08-23,0,10
"w_164899","control",2024-07-23,3,9
"w_644541","treatment",2025-05-28,0,5
"w_584208","control",2022-04-27,2,9
"w_649713","control",2022-07-27,18,12
"w_402121","control",2022-06-24,0,11
"w_636130","treatment",2024-01-23,0,8
"w_449133","control",2020-08-25,10,11
"w_719978","treatment",2022-12-13,0,17
"w_684332","treatment",2018-08-16,0,9
"w_550136","control",2019-01-15,4,17
"w_423650","treatment",2023-05-01,1,9
"w_743929","control",2022-02-06,17,10
"w_430119","treatment",2025-10-28,15,8
"w_675170","treatment",2024-11-28,2,8
"w_392480","treatment",2020-09-30,0,8
"w_302119","treatment",2019-09-25,0,11
"w_320808","treatment",2022-07-18,16,14
"w_539185","treatment",2021-02-15,0,14
"w_845682","treatment",2018-12-14,0,7
"w_437758","treatment",2018-09-30,4,10
"w_641652","treatment",2020-05-29,11,11
"w_416308","control",2022-04-26,0,5
"w_868414","control",2022-06-05,0,6
"w_287646","treatment",2025-02-21,0,3
"w_683553","treatment",2021-05-03,0,13
"w_536470","control",2024-09-17,0,9
"w_766784","treatment",2020-06-29,0,17
"w_525598","control",2019-02-21,10,14
"w_490938","control",2025-06-03,0,11
"w_414575","control",2024-05-06,0,8
"w_630187","control",2018-12-14,18,7
"w_322661","control",2023-09-21,0,13
"w_279918","treatment",2025-11-10,0,10
"w_893194","control",2020-01-12,0,7
"w_354837","treatment",2025-05-11,0,12
"w_692537","treatment",2019-09-28,1,10
"w_429340","treatment",2020-04-21,0,5
"w_795579","treatment",2024-02-01,9,8
"w_563159","control",2019-03-03,11,14
"w_704534","control",2023-12-02,0,6
"w_504931","treatment",2020-01-12,2,7
"w_525013","control",2020-03-23,0,10
"w_852283","treatment",2018-09-10,0,7
"w_575376","control",2018-12-17,0,8
"w_716597","treatment",2021-10-02,0,11
"w_181750","treatment",2023-01-06,0,10
"w_170730","treatment",2022-01-03,0,10
"w_513470","control",2025-07-23,3,9
"w_775645","control",2023-02-14,4,16
"w_172829","treatment",2021-07-12,11,6
"w_361683","control",2020-09-24,0,10
"w_677759","control",2022-04-02,2,7
"w_205687","control",2018-08-10,0,14
"w_642226","treatment",2025-04-10,14,15
"w_685541","treatment",2025-09-11,3,10
"w_614473","treatment",2025-03-05,0,12
"w_657461","treatment",2023-04-07,1,5
"w_883821","control",2022-12-18,16,10
"w_363192","treatment",2022-06-26,4,12
"w_779431","control",2025-07-15,0,14
"w_210552","treatment",2020-02-03,0,6
"w_471145","control",2023-01-18,1,11
"w_332654","control",2021-08-27,1,7
"w_112801","control",2023-11-17,0,14
"w_339791","treatment",2019-03-17,0,6
"w_866054","control",2018-11-21,0,7
"w_228743","treatment",2022-03-12,0,7
"w_526666","treatment",2021-02-11,0,18
"w_664244","control",2024-03-19,8,9
"w_183968","control",2026-04-14,1,7
"w_737054","control",2025-02-22,15,8
"w_491626","treatment",2020-05-23,0,11
"w_201394","control",2024-10-02,0,13
"w_548126","control",2019-03-08,4,17
"w_939548","treatment",2024-03-07,0,14
"w_165406","control",2026-01-04,0,13
"w_727393","control",2025-04-13,5,15
"w_538712","treatment",2022-02-18,1,9
"w_950059","treatment",2021-07-31,0,19
"w_590288","control",2019-09-03,4,11
"w_959369","treatment",2018-11-29,3,8
"w_778004","treatment",2020-03-06,0,9
"w_897194","control",2021-01-24,0,7
"w_814321","treatment",2018-08-01,0,12
"w_704565","control",2021-06-10,3,10
"w_700748","treatment",2020-02-19,146,9
"w_762371","treatment",2024-02-14,0,8
"w_606442","control",2024-04-02,13,9
"w_450320","control",2024-11-08,4,18
"w_326012","control",2026-05-23,0,11
"w_804082","control",2023-12-11,0,10
"w_823141","treatment",2020-11-20,0,7
"w_393385","treatment",2022-10-22,4,6
"w_177511","control",2022-05-11,0,5
"w_496955","control",2018-06-05,0,10
"w_374032","treatment",2024-01-06,6,14
"w_324846","control",2022-01-19,0,5
"w_847603","treatment",2021-09-16,11,6
"w_871561","treatment",2019-11-09,2,12
"w_268112","control",2020-11-30,0,7
"w_460087","control",2020-05-05,4,10
"w_268645","treatment",2018-11-01,48,12
"w_321964","control",2023-07-10,17,10
"w_183143","control",2019-03-11,0,12
"w_921621","control",2021-03-13,3,10
"w_481111","treatment",2025-10-25,2,6
"w_233760","control",2023-04-10,0,5
"w_798651","treatment",2021-01-07,0,4
"w_869698","control",2019-08-05,0,11
"w_759215","control",2023-12-07,0,8
"w_668327","treatment",2020-07-13,0,16
"w_559080","control",2022-04-19,0,14
"w_900834","treatment",2019-07-27,0,12
"w_431313","treatment",2024-04-09,13,13
"w_258445","treatment",2021-07-03,3,14
"w_223372","treatment",2020-03-02,0,12
"w_456944","control",2024-12-03,1,12
"w_831460","control",2021-10-01,0,14
"w_144514","control",2024-05-18,0,9
"w_878694","treatment",2020-08-28,0,7
"w_802904","control",2024-03-24,0,10
"w_602729","control",2022-06-17,3,14
"w_307329","treatment",2019-08-17,16,12
"w_368904","treatment",2020-07-23,3,7
"w_935748","treatment",2025-04-13,0,8
"w_505102","control",2026-07-04,0,11
"w_307322","control",2022-05-11,0,11
"w_597101","control",2021-05-16,0,8
"w_512737","control",2021-10-02,0,11
"w_692463","treatment",2026-06-21,2,10
"w_623053","treatment",2021-05-05,16,10
"w_105001","control",2019-05-13,0,6
"w_698119","control",2023-06-18,3,4
"w_291074","control",2024-11-02,17,7
"w_135304","control",2020-06-15,19,6
"w_521832","control",2019-02-22,4,11
"w_663858","treatment",2024-05-26,0,14
"w_847766","treatment",2024-02-14,4,13
"w_206499","control",2024-07-24,4,9
"w_870466","treatment",2020-10-30,0,8
"w_622026","control",2021-11-13,0,13
"w_660796","treatment",2024-10-03,17,10
"w_996683","treatment",2023-01-09,0,14
"w_695822","control",2019-11-28,4,6
"w_996958","treatment",2021-09-10,2,6
"w_488255","control",2019-02-22,0,10
"w_742989","treatment",2023-09-19,0,9
"w_121327","treatment",2024-06-04,0,9
"w_961339","treatment",2024-03-25,4,12
"w_884405","treatment",2019-12-02,0,7
"w_296856","treatment",2020-09-19,0,20
"w_459683","treatment",2020-05-18,0,8
"w_414497","treatment",2022-06-23,0,6
"w_561460","control",2022-02-24,0,6
"w_274319","control",2018-09-07,0,7
"w_362553","control",2020-10-16,4,10
"w_146116","treatment",2024-09-12,7,9
"w_351445","treatment",2019-11-07,21,7
"w_697511","treatment",2018-06-20,7,10
"w_883051","control",2025-03-02,0,14
"w_543185","treatment",2023-02-14,4,14
"w_373205","control",2020-07-24,0,13
"w_390684","control",2025-06-04,16,9
"w_996092","treatment",2021-10-17,0,14
"w_811915","control",2025-04-30,0,14
"w_992258","control",2023-10-15,2,11
"w_650300","control",2024-01-24,10,10
"w_140628","treatment",2019-06-22,9,7
"w_796570","control",2024-05-14,0,14
"w_871933","treatment",2020-09-16,12,7
"w_674597","control",2020-11-06,0,12
"w_752454","control",2020-02-13,0,9
"w_222598","control",2020-06-27,4,8
"w_456053","control",2020-07-07,0,10
"w_924532","control",2020-09-13,0,6
"w_807037","control",2025-05-15,3,12
"w_174744","treatment",2021-02-03,0,12
"w_838695","control",2021-04-20,14,13
"w_468356","control",2025-04-09,3,6
"w_765795","treatment",2019-03-18,6,8
"w_714206","control",2024-01-13,0,5
"w_570440","treatment",2023-08-19,96,12
"w_143905","control",2018-08-27,18,9
"w_182646","treatment",2019-09-15,0,10
"w_964291","control",2021-03-21,18,8
"w_809842","treatment",2022-06-26,0,6
"w_782520","control",2020-12-06,0,11
"w_253705","control",2024-01-15,0,9
"w_422624","treatment",2021-01-11,10,9
"w_873043","treatment",2023-03-05,3,10
"w_289130","treatment",2024-07-01,4,8
"w_854059","treatment",2019-05-29,0,12
"w_747850","control",2022-11-15,8,19
"w_325321","control",2018-07-16,0,11
"w_479216","control",2022-08-09,0,7
"w_602959","control",2023-12-19,0,10
"w_449936","control",2025-02-12,18,7
"w_622787","control",2018-06-22,21,7
"w_297040","treatment",2020-05-24,0,5
"w_986865","control",2021-02-26,0,12
"w_184489","treatment",2021-02-22,3,15
"w_968320","control",2026-01-20,0,6
"w_882029","control",2020-03-17,0,8
"w_196452","control",2023-09-17,12,12
"w_335718","treatment",2019-07-20,3,9
"w_409576","control",2023-04-05,3,19
"w_790274","control",2020-08-15,3,9
"w_138449","control",2021-05-03,15,14
"w_564473","treatment",2024-09-04,0,10
"w_352958","treatment",2022-09-18,0,9
"w_701112","treatment",2023-08-27,4,11
"w_393070","treatment",2025-10-13,0,13
"w_684588","control",2020-07-02,0,5
"w_752324","control",2026-03-30,2,8
"w_190910","treatment",2019-04-26,0,10
"w_434757","control",2023-10-26,0,8
"w_861801","control",2025-03-23,3,8
"w_342610","control",2020-05-27,2,11
"w_341260","treatment",2023-11-13,2,15
"w_711981","control",2022-10-22,0,12
"w_541387","treatment",2025-10-08,0,10
"w_494797","treatment",2021-09-02,0,12
"w_856309","treatment",2019-06-19,0,10
"w_817912","treatment",2025-04-18,48,11
"w_523624","control",2019-11-08,0,18
"w_251401","control",2023-03-31,16,10
"w_109840","treatment",2021-12-11,0,10
"w_897093","treatment",2021-04-27,0,11
"w_927728","treatment",2020-12-22,2,7
"w_629724","control",2025-05-01,66,8
"w_259742","control",2018-12-02,0,13
"w_404134","treatment",2019-05-03,0,8
"w_783161","treatment",2021-12-05,0,10
"w_173129","control",2025-12-21,27,13
"w_489078","control",2024-08-04,0,9
"w_226185","control",2022-01-28,6,11
"w_846876","control",2022-12-16,4,9
"w_502666","control",2023-01-09,0,15
"w_329920","treatment",2020-02-26,16,6
"w_590063","control",2023-12-13,1,6
"w_633548","treatment",2021-11-01,0,12
"w_921055","treatment",2019-11-03,2,12
"w_111784","control",2020-01-08,0,11
"w_440362","treatment",2024-02-02,0,18
"w_742271","control",2019-01-18,0,10
"w_371936","treatment",2020-02-09,5,13
"w_489307","treatment",2018-10-30,19,8
"w_573674","treatment",2021-10-19,0,9
"w_779679","control",2020-08-09,1,8
"w_405606","control",2023-10-12,0,8
"w_657552","control",2026-05-08,1,12
"w_374210","control",2022-04-16,0,7
"w_658609","control",2022-10-24,1,9
"w_730450","treatment",2022-06-23,14,19
"w_406401","treatment",2022-02-05,0,9
"w_299586","treatment",2020-12-06,2,10
"w_703717","treatment",2023-03-06,0,9
"w_576121","treatment",2022-08-31,3,9
"w_794076","control",2025-08-16,9,10
"w_194958","control",2025-11-22,2,8
"w_636612","control",2025-06-18,2,9
"w_705765","treatment",2018-09-30,2,10
"w_584641","treatment",2022-08-15,0,9
"w_136762","control",2019-02-03,36,13
"w_378206","treatment",2021-06-03,0,16
"w_556531","control",2020-03-16,0,11
"w_233445","treatment",2024-09-17,0,10
"w_587333","treatment",2020-10-31,2,9
"w_797719","control",2022-12-18,12,10
"w_863546","control",2026-03-22,0,6
"w_780251","treatment",2025-09-25,0,9
"w_559504","control",2018-12-14,2,7
"w_329005","treatment",2021-08-28,1,6
"w_344029","treatment",2024-01-03,0,8
"w_887353","treatment",2022-01-20,83,14
"w_668018","control",2018-12-28,10,12
"w_323584","treatment",2020-06-10,0,9
"w_471712","treatment",2022-09-01,0,13
"w_989538","treatment",2023-09-28,18,9
"w_966609","treatment",2023-12-22,3,13
"w_169704","control",2026-06-20,0,5
"w_226488","treatment",2021-11-24,19,10
"w_609457","control",2025-04-11,18,13
"w_564545","control",2024-08-22,1,6
"w_160617","control",2018-07-13,2,8
"w_923439","treatment",2023-02-09,3,5
"w_399634","treatment",2023-08-10,0,9
"w_801050","control",2024-03-30,2,14
"w_985928","treatment",2022-09-13,0,9
"w_189813","treatment",2019-11-09,1,16
"w_580789","treatment",2019-12-12,1,8
"w_861471","treatment",2024-06-16,38,9
"w_995924","control",2025-05-24,0,8
"w_544261","control",2025-06-13,0,13
"w_952569","treatment",2026-03-19,10,9
"w_544011","control",2024-03-19,4,10
"w_778566","control",2021-01-25,1,7
"w_938294","control",2025-07-15,0,9
"w_578946","control",2025-01-29,4,5
"w_856674","control",2026-02-06,16,6
"w_542254","treatment",2019-08-07,0,7
"w_806730","treatment",2020-09-22,0,13
"w_988091","control",2021-06-04,18,12
"w_927902","control",2023-07-13,0,9
"w_244619","control",2020-02-20,3,6
"w_607585","control",2018-07-02,1,6
"w_970472","treatment",2020-08-15,1,12
"w_958611","treatment",2019-08-30,0,5
"w_619816","control",2023-03-20,0,9
"w_559351","treatment",2019-12-26,1,13
"w_177876","control",2020-09-21,2,13
"w_558264","treatment",2022-09-14,0,12
"w_955857","control",2023-10-01,20,7
"w_639496","control",2021-01-05,30,6
"w_859318","treatment",2024-10-01,2,13
"w_778900","control",2019-04-05,14,5
"w_787187","control",2025-12-02,0,18
"w_318493","control",2025-08-27,2,10
"w_411568","treatment",2025-02-17,0,7
"w_487153","treatment",2019-09-22,11,12
"w_788570","treatment",2021-05-31,0,7
"w_322922","control",2018-09-29,0,11
"w_210432","control",2023-10-20,1,6
"w_240665","control",2026-01-04,43,10
"w_838959","control",2021-07-18,0,12
"w_416494","control",2019-03-11,4,10
"w_620318","treatment",2021-08-23,1,9
"w_250605","treatment",2021-02-20,0,10
"w_679423","treatment",2025-09-16,0,10
"w_589262","control",2023-10-20,2,15
"w_529403","control",2023-04-13,1,13
"w_168550","control",2025-04-19,12,8
"w_986889","treatment",2020-05-05,0,9
"w_653815","control",2020-11-02,0,8
"w_441735","control",2024-05-31,0,8
"w_747735","treatment",2018-11-09,15,11
"w_670755","treatment",2025-06-12,0,14
"w_532926","treatment",2026-02-22,2,8
"w_260458","control",2025-10-08,0,12
"w_392942","treatment",2025-02-16,0,9
"w_438272","control",2024-08-21,0,9
"w_374593","treatment",2018-11-07,0,9
"w_771533","treatment",2024-08-24,0,10
"w_241184","treatment",2020-02-03,15,7
"w_499213","treatment",2018-07-18,3,13
"w_111661","treatment",2026-02-06,0,13
"w_559206","control",2022-07-01,0,13
"w_429486","control",2023-09-21,0,10
"w_121024","control",2019-10-07,0,16
"w_756787","treatment",2020-11-18,0,12
"w_114430","control",2019-12-24,3,7
"w_777627","control",2025-11-17,0,7
"w_731420","treatment",2021-07-08,4,8
"w_557027","treatment",2024-08-14,0,10
"w_306969","treatment",2018-11-01,0,8
"w_914276","treatment",2025-07-15,0,9
"w_147267","control",2020-05-10,3,7
"w_714587","control",2021-08-24,0,7
"w_933261","control",2025-01-10,0,10
"w_156197","treatment",2019-06-12,1,7
"w_120826","treatment",2023-08-22,0,11
"w_977310","treatment",2021-03-13,57,8
"w_214388","control",2021-08-08,2,12
"w_492872","treatment",2019-12-10,3,8
"w_161225","control",2021-10-26,6,7
"w_644163","treatment",2022-05-24,24,7
"w_782418","control",2021-04-21,3,14
"w_440774","control",2025-08-08,0,10
"w_995036","control",2019-10-29,4,14
"w_800511","treatment",2021-06-19,2,5
"w_806652","control",2021-02-03,0,11
"w_835686","control",2025-05-19,0,9
"w_851105","control",2018-06-26,0,11
"w_788393","treatment",2020-01-24,0,10
"w_320793","control",2021-06-07,0,10
"w_401971","control",2021-11-15,2,11
"w_935560","treatment",2019-02-06,0,11
"w_965511","control",2018-10-15,3,10
"w_148897","control",2019-01-09,0,9
"w_330614","treatment",2024-05-06,0,8
"w_624601","control",2021-08-29,3,9
"w_412280","control",2018-11-16,0,14
"w_995587","treatment",2018-10-23,0,13
"w_452920","control",2023-12-14,0,9
"w_588827","control",2019-05-14,0,11
"w_228445","treatment",2019-01-23,0,11
"w_568811","treatment",2021-07-22,1,8
"w_853244","control",2021-11-01,0,9
"w_162173","treatment",2021-06-11,0,10
"w_997697","control",2025-08-15,15,11
"w_471223","treatment",2026-04-04,0,11
"w_543263","treatment",2021-08-30,3,13
"w_689562","control",2022-06-07,0,10
"w_102535","treatment",2019-08-12,0,14
"w_128017","treatment",2025-04-06,1,9
"w_817334","treatment",2024-04-09,2,13
"w_539790","control",2021-11-23,3,8
"w_267037","control",2024-06-26,1,12
"w_579510","treatment",2019-12-20,79,11
"w_337608","treatment",2024-05-19,4,8
"w_109656","control",2024-01-06,30,10
"w_126917","control",2025-06-13,0,7
"w_511328","control",2025-11-27,0,10
"w_307631","treatment",2021-01-06,0,16
"w_767934","treatment",2022-06-21,0,13
"w_729895","control",2024-03-09,0,7
"w_256059","treatment",2026-07-04,18,7
"w_884565","treatment",2025-11-08,1,7
"w_852606","treatment",2026-01-08,1,15
"w_688974","treatment",2018-11-02,0,13
"w_436219","control",2022-11-04,0,4
"w_409834","control",2019-02-16,5,13
"w_105701","treatment",2022-02-27,4,9
"w_333335","control",2020-07-11,4,8
"w_937138","treatment",2023-12-02,0,11
"w_930469","control",2021-02-07,0,11
"w_584147","treatment",2023-05-06,0,14
"w_161501","treatment",2018-12-09,4,6
"w_836949","control",2025-11-04,0,6
"w_532078","control",2021-10-04,0,13
"w_906167","treatment",2020-10-08,0,7
"w_910760","treatment",2025-12-09,3,8
"w_433423","treatment",2020-02-22,0,11
"w_495390","control",2023-10-05,2,8
"w_224601","treatment",2019-07-18,0,9
"w_943053","treatment",2025-09-13,0,12
"w_501321","treatment",2020-09-07,16,15
"w_445356","treatment",2019-09-16,2,3
"w_648382","control",2023-09-12,0,9
"w_193503","treatment",2023-12-05,4,6
"w_107484","treatment",2022-10-25,5,9
"w_298079","treatment",2023-05-01,0,13
"w_536333","control",2025-08-14,4,8
"w_256671","treatment",2025-05-27,3,6
"w_441987","control",2021-07-15,1,10
"w_491237","control",2024-05-08,0,8
"w_871586","control",2026-07-15,0,9
"w_546926","treatment",2025-06-02,0,10
"w_637893","treatment",2023-01-27,0,13
"w_442076","control",2024-09-02,6,9
"w_934688","control",2019-08-27,0,8
"w_864827","treatment",2019-03-29,1,11
"w_541593","control",2018-09-25,0,12
"w_600215","treatment",2023-12-11,0,13
"w_646282","control",2023-05-21,0,10
"w_163950","control",2019-01-22,16,7
"w_449360","treatment",2018-08-17,0,6
"w_789736","control",2025-04-30,2,10
"w_486968","control",2025-08-28,4,8
"w_459360","control",2025-11-20,4,12
"w_975433","treatment",2025-05-16,0,13
"w_595157","treatment",2020-04-08,0,13
"w_493523","control",2018-10-31,0,12
"w_925456","treatment",2023-05-19,2,13
"w_739690","control",2021-02-07,0,8
"w_898900","control",2022-02-05,0,13
"w_199261","treatment",2021-07-19,0,13
"w_682038","treatment",2023-07-03,0,8
"w_497912","treatment",2022-04-10,0,9
"w_287780","control",2024-09-09,0,11
"w_148753","control",2019-07-24,0,6
"w_947456","control",2019-07-27,0,10
"w_682604","control",2024-06-04,1,9
"w_241222","treatment",2023-12-15,1,6
"w_731318","control",2024-10-02,0,9
"w_774251","control",2019-08-28,0,10
"w_853916","treatment",2021-08-24,0,10
"w_358653","control",2019-05-28,0,6
"w_547810","treatment",2024-07-04,64,9
"w_283585","treatment",2022-02-20,11,8
"w_439827","control",2019-11-25,0,5
"w_173532","control",2019-08-12,0,10
"w_708574","treatment",2021-12-03,0,9
"w_297119","treatment",2024-06-28,0,14
"w_164764","control",2024-08-20,0,11
"w_930553","treatment",2024-05-27,0,13
"w_215602","control",2021-01-20,0,13
"w_899965","treatment",2021-06-09,8,11
"w_433994","treatment",2020-03-19,1,7
"w_541721","treatment",2019-02-09,0,13
"w_213009","treatment",2019-10-15,0,13
"w_514601","treatment",2026-02-21,0,10
"w_517401","control",2020-12-09,0,12
"w_919121","treatment",2023-07-31,0,17
"w_910272","control",2024-09-14,2,10
"w_831179","control",2023-09-07,0,14
"w_636985","control",2018-12-23,0,11
"w_190179","control",2024-06-01,0,8
"w_474629","control",2025-06-12,0,13
"w_186680","treatment",2024-09-23,3,8
"w_854541","control",2018-10-21,0,8
"w_706161","treatment",2018-09-25,11,10
"w_852721","treatment",2026-05-03,3,11
"w_752254","treatment",2019-06-22,0,8
"w_335089","control",2022-02-10,0,11
"w_336785","control",2020-05-15,2,11
"w_348839","treatment",2019-12-08,17,11
"w_724571","control",2021-06-29,2,14
"w_251318","treatment",2018-09-27,0,11
"w_790552","control",2024-01-05,0,8
"w_589296","control",2020-10-20,1,6
"w_578490","control",2024-10-30,17,8
"w_663114","control",2024-03-29,0,5
"w_298028","treatment",2024-04-05,0,11
"w_783468","control",2020-11-17,4,12
"w_806843","treatment",2019-03-11,43,7
"w_880240","treatment",2021-07-01,0,10
"w_355932","control",2022-04-14,3,13
"w_319084","control",2024-06-19,0,9
"w_202616","treatment",2023-07-25,2,13
"w_582379","treatment",2020-06-09,0,1
"w_613631","control",2023-07-21,0,12
"w_486330","control",2023-11-06,0,13
"w_612852","treatment",2023-10-12,0,14
"w_998470","treatment",2018-07-27,0,13
"w_447805","treatment",2026-06-19,3,8
"w_849954","treatment",2025-11-22,14,13
"w_467976","control",2023-05-31,0,9
"w_811188","control",2026-04-18,0,18
"w_512053","control",2022-11-24,14,13
"w_686030","control",2024-01-07,0,15
"w_485947","control",2018-06-04,0,14
"w_520784","control",2026-05-20,11,11
"w_312431","treatment",2025-01-18,14,9
"w_953261","treatment",2019-04-15,1,15
"w_610979","treatment",2023-03-06,0,16
"w_268669","control",2020-04-28,57,13
"w_703274","treatment",2022-04-15,0,8
"w_319081","treatment",2018-09-16,3,8
"w_824311","treatment",2020-11-24,0,14
"w_248924","control",2025-06-20,11,10
"w_378961","control",2019-04-10,0,10
"w_788971","treatment",2025-09-22,0,7
"w_407230","control",2020-07-05,4,6
"w_631143","control",2022-07-22,15,6
"w_318540","control",2020-03-03,3,11
"w_807932","control",2021-07-23,46,7
"w_900636","control",2019-12-11,1,7
"w_575543","control",2021-06-08,14,2
"w_542684","treatment",2018-07-19,2,11
"w_884621","treatment",2019-04-29,4,10
"w_817007","treatment",2021-12-26,0,10
"w_642027","control",2023-07-31,0,8
"w_813482","control",2023-04-17,0,10
"w_947800","control",2024-05-10,0,11
"w_775793","control",2022-01-09,15,10
"w_917042","treatment",2023-05-15,0,10
"w_635179","treatment",2019-11-06,0,8
"w_780260","treatment",2023-07-31,3,12
"w_409726","control",2020-09-25,8,11
"w_896770","treatment",2021-09-01,15,6
"w_188930","control",2018-06-10,6,8
"w_477685","control",2025-08-12,0,10
"w_716413","control",2025-09-28,17,10
"w_256535","treatment",2023-01-11,4,7
"w_602579","treatment",2025-03-29,0,10
"w_631839","control",2023-04-03,0,9
"w_498450","control",2019-06-05,7,10
"w_163811","control",2019-12-10,2,16
"w_195830","treatment",2020-12-27,0,9
"w_441226","control",2023-11-02,0,9
"w_872323","treatment",2018-09-21,0,12
"w_576210","control",2020-02-14,0,10
"w_759686","control",2026-05-03,2,5
"w_790886","treatment",2025-06-27,3,10
"w_977368","control",2018-08-10,0,8
"w_419648","treatment",2026-07-02,0,13
"w_936954","control",2025-03-26,0,11
"w_459181","treatment",2021-02-19,0,11
"w_374324","control",2020-08-05,4,11
"w_735061","treatment",2020-08-18,1,11
"w_450227","treatment",2022-08-02,0,10
"w_485005","control",2018-11-05,33,11
"w_354642","control",2018-08-31,0,10
"w_591057","treatment",2020-12-26,0,12
"w_981001","treatment",2020-11-25,4,9
"w_449683","treatment",2025-07-13,0,9
"w_714763","treatment",2025-11-08,2,6
"w_413817","treatment",2021-10-10,3,15
"w_790707","control",2025-09-07,0,10
"w_440505","control",2021-12-26,0,12
"w_263973","control",2019-11-14,0,10
"w_218146","control",2023-01-04,3,14
"w_510216","treatment",2020-09-06,0,12
"w_573392","treatment",2023-05-22,0,10
"w_640184","treatment",2018-12-25,3,7
"w_720833","treatment",2022-11-06,1,11
"w_939415","treatment",2019-02-13,0,13
"w_268211","control",2022-02-21,17,6
"w_657030","control",2024-07-05,0,9
"w_830101","control",2025-07-08,17,9
"w_177232","control",2021-07-01,0,5
"w_920235","control",2020-06-21,114,9
"w_550382","treatment",2025-04-17,2,9
"w_182984","control",2018-10-02,0,7
"w_668081","treatment",2022-01-29,0,11
"w_235485","treatment",2023-07-28,0,6
"w_708725","control",2025-02-05,3,9
"w_668829","control",2022-09-22,3,12
"w_744878","treatment",2022-01-23,2,7
"w_476350","treatment",2019-02-13,0,12
"w_774665","treatment",2020-12-24,0,11
"w_677164","control",2022-11-25,5,8
"w_737652","treatment",2020-10-10,0,8
"w_568280","control",2026-01-13,0,9
"w_460168","treatment",2019-02-21,1,8
"w_264032","control",2024-12-10,0,6
"w_293769","control",2020-07-05,14,11
"w_413065","control",2025-03-18,0,12
"w_109194","control",2021-08-03,15,4
"w_547573","control",2025-09-30,4,12
"w_199653","treatment",2020-06-20,2,13
"w_127884","treatment",2021-06-25,3,9
"w_768504","treatment",2018-06-01,0,11
"w_663466","treatment",2019-03-06,15,8
"w_153072","treatment",2023-07-31,0,10
"w_173953","treatment",2022-07-29,10,11
"w_876605","control",2023-09-07,0,6
"w_367346","control",2019-12-21,0,10
"w_900714","treatment",2021-05-13,0,8
"w_612569","treatment",2022-10-11,0,10
"w_190237","treatment",2019-02-28,0,16
"w_955809","control",2019-01-01,0,9
"w_531879","treatment",2020-09-15,2,7
"w_171604","control",2026-05-08,0,8
"w_120041","treatment",2023-11-18,0,11
"w_691135","control",2026-05-30,92,14
"w_686407","control",2025-03-26,4,10
"w_322865","control",2020-02-03,0,7
"w_358527","control",2021-04-30,8,12
"w_958108","control",2018-07-29,1,13
"w_614757","treatment",2025-09-12,0,7
"w_202349","control",2024-07-29,4,9
"w_696790","treatment",2025-03-14,5,10
"w_926487","control",2022-03-22,0,10
"w_457136","control",2024-12-18,0,8
"w_823888","treatment",2026-02-21,0,11
"w_648447","treatment",2023-12-23,0,5
"w_975180","treatment",2025-11-24,0,11
"w_324858","control",2021-10-11,0,14
"w_512428","treatment",2019-10-13,0,12
"w_729270","control",2025-12-15,4,10
"w_633088","treatment",2025-07-22,0,12
"w_368872","control",2024-07-17,2,11
"w_560418","treatment",2026-03-19,46,12
"w_389726","control",2024-06-19,3,9
"w_496336","treatment",2023-03-05,0,9
"w_921659","control",2021-04-27,6,9
"w_338441","control",2025-09-15,12,8
"w_571132","treatment",2020-10-08,2,7
"w_423889","control",2024-07-17,0,9
"w_109106","treatment",2018-06-30,66,10
"w_897962","control",2023-02-27,4,8
"w_108365","control",2018-12-11,2,7
"w_432154","control",2024-12-17,0,10
"w_451269","treatment",2020-04-20,0,8
"w_964523","control",2019-07-30,0,8
"w_475304","control",2022-09-19,1,12
"w_571963","treatment",2025-10-22,8,13
"w_653504","treatment",2021-02-06,0,10
"w_626133","control",2019-02-19,0,8
"w_527703","treatment",2023-02-13,8,13
"w_771717","control",2018-11-23,1,7
"w_987392","control",2019-05-07,5,11
"w_951716","treatment",2020-01-29,6,7
"w_107804","control",2020-10-10,0,12
"w_127611","control",2018-09-26,3,9
"w_130612","control",2021-12-07,15,14
"w_693936","control",2023-12-05,22,10
"w_849732","treatment",2022-12-12,0,7
"w_731098","treatment",2020-09-16,0,8
"w_768109","control",2022-10-27,0,9
"w_221811","control",2024-06-10,0,9
"w_660241","treatment",2021-04-26,2,5
"w_555273","control",2026-05-24,4,6
"w_899763","treatment",2024-10-13,11,9
"w_120603","treatment",2022-06-13,4,11
"w_208450","control",2024-05-27,2,12
"w_936050","control",2021-02-02,15,12
"w_700675","control",2018-10-05,0,15
"w_194210","control",2021-02-10,0,11
"w_896793","control",2020-12-10,36,7
"w_245381","treatment",2022-03-19,1,9
"w_873190","control",2019-05-20,10,12
"w_594028","treatment",2019-02-01,0,16
"w_505121","control",2020-06-16,1,9
"w_677094","control",2021-01-19,0,8
"w_917689","treatment",2025-09-17,3,13
"w_848752","control",2018-11-29,0,10
"w_927957","control",2020-02-09,11,12
"w_188148","treatment",2020-08-21,26,11
"w_344317","treatment",2023-02-05,0,8
"w_476059","treatment",2021-04-25,4,10
"w_267077","treatment",2022-04-12,39,10
"w_621517","control",2020-02-24,0,7
"w_599867","control",2022-12-25,0,12
"w_104138","control",2022-12-14,0,11
"w_278897","control",2018-09-28,0,14
"w_953959","control",2019-10-18,58,14
"w_234046","control",2026-01-07,9,8
"w_278252","control",2022-05-12,15,7
"w_269434","treatment",2021-02-07,0,12
"w_147984","control",2025-04-16,0,13
"w_396024","control",2023-03-23,4,8
"w_357455","control",2022-05-07,0,11
"w_724110","treatment",2023-06-05,41,8
"w_295790","treatment",2024-05-28,0,8
"w_232484","treatment",2022-05-09,0,11
"w_270212","treatment",2023-12-07,0,9
"w_963700","control",2019-12-28,3,8
"w_171756","control",2023-10-22,1,5
"w_611403","control",2019-06-14,0,16
"w_330508","control",2019-05-03,4,12
"w_861346","treatment",2020-03-28,0,9
"w_112043","control",2026-04-25,0,10
"w_738290","control",2019-09-29,11,10
"w_764752","control",2024-09-17,0,8
"w_680667","control",2025-07-30,16,7
"w_186815","treatment",2024-03-02,2,8
"w_687972","treatment",2019-01-01,54,14
"w_222986","treatment",2022-03-30,0,7
"w_722094","treatment",2019-03-05,12,9
"w_522264","treatment",2024-03-29,4,8
"w_234695","treatment",2024-08-26,3,12
"w_154834","treatment",2024-07-02,0,8
"w_103694","control",2020-12-13,0,8
"w_855075","control",2023-11-11,0,5
"w_755196","treatment",2021-02-03,0,7
"w_980101","treatment",2019-06-16,0,9
"w_320909","treatment",2025-06-14,15,14
"w_502495","treatment",2026-06-26,1,6
"w_825722","treatment",2024-09-23,8,13
"w_337996","control",2020-04-24,4,10
"w_992150","treatment",2019-11-28,0,12
"w_667449","control",2024-04-05,0,6
"w_138089","treatment",2025-10-12,0,6
"w_912949","treatment",2026-06-20,0,11
"w_333515","treatment",2023-07-01,19,11
"w_632961","treatment",2023-02-14,0,9
"w_244266","treatment",2026-06-01,3,8
"w_932262","treatment",2020-07-13,16,8
"w_623902","treatment",2020-09-14,4,7
"w_371489","treatment",2021-01-11,0,9
"w_618401","treatment",2025-03-18,3,9
"w_883217","control",2021-04-27,4,7
"w_564485","control",2018-09-02,3,10
"w_550818","control",2022-02-15,0,7
"w_570748","control",2020-05-29,0,13
"w_857593","treatment",2020-11-12,17,10
"w_588126","treatment",2019-08-10,0,12
"w_731635","control",2025-06-25,1,14
"w_420552","treatment",2022-01-28,23,9
"w_550481","treatment",2022-02-14,0,9
"w_874814","control",2024-06-15,0,9
"w_330242","treatment",2025-07-17,0,6
"w_505171","treatment",2018-12-02,0,9
"w_422961","treatment",2025-10-12,0,13
"w_439457","control",2024-11-28,2,10
"w_759163","treatment",2026-03-17,12,15
"w_255733","control",2020-04-27,3,7
"w_704345","treatment",2026-06-10,0,8
"w_747922","treatment",2020-03-19,1,8
"w_689671","control",2024-03-01,0,6
"w_854769","control",2021-07-05,0,9
"w_336533","control",2023-10-03,19,9
"w_518855","control",2018-08-21,0,7
"w_653784","treatment",2019-10-20,3,8
"w_152047","treatment",2025-07-15,4,10
"w_610704","control",2018-07-11,19,12
"w_130747","treatment",2026-05-30,0,6
"w_617323","treatment",2025-08-13,0,7
"w_414272","treatment",2025-01-09,0,13
"w_690211","control",2019-09-21,0,18
"w_283955","control",2023-08-28,6,9
"w_105461","control",2021-09-17,0,4
"w_885999","treatment",2024-02-20,0,5
"w_937925","control",2020-01-13,4,12
"w_670849","treatment",2022-04-04,0,6
"w_614130","control",2021-01-10,0,12
"w_410727","treatment",2024-05-11,41,13
"w_890826","treatment",2023-10-27,31,10
"w_393101","treatment",2024-11-13,5,7
"w_662297","control",2023-03-03,2,9
"w_208748","control",2020-05-29,0,8
"w_583541","control",2024-09-09,0,12
"w_166440","control",2019-12-24,0,6
"w_530081","control",2024-08-17,42,17
"w_876277","control",2024-09-14,0,5
"w_499709","control",2026-05-30,1,9
"w_870711","treatment",2023-07-02,3,13
"w_694969","control",2021-05-17,7,11
"w_456501","treatment",2026-02-11,3,16
"w_692781","control",2023-09-29,37,11
"w_891448","control",2018-07-26,0,10
"w_290115","treatment",2020-12-16,0,6
"w_405497","treatment",2020-11-07,0,8
"w_348648","treatment",2024-09-21,0,8
"w_169884","control",2019-02-08,0,12
"w_650273","treatment",2024-11-04,19,11
"w_144159","treatment",2020-08-05,0,10
"w_632384","control",2020-08-28,1,19
"w_190813","treatment",2020-04-20,0,15
"w_569415","control",2026-05-14,1,9
"w_675237","control",2024-11-12,0,9
"w_865627","treatment",2021-10-05,0,10
"w_461034","treatment",2019-06-24,0,10
"w_222002","treatment",2025-11-26,2,10
"w_688738","treatment",2024-05-18,1,13
"w_734930","treatment",2019-01-07,4,10
"w_842834","control",2021-04-08,0,13
"w_668787","control",2022-07-08,19,8
"w_324829","control",2022-11-21,0,15
"w_577895","treatment",2023-06-06,15,9
"w_154312","control",2025-08-10,0,11
"w_808861","treatment",2023-08-06,4,7
"w_625440","control",2019-12-16,0,9
"w_275479","treatment",2025-08-18,0,13
"w_558693","treatment",2022-06-21,0,13
"w_979332","treatment",2020-01-31,0,5
"w_259139","treatment",2024-05-08,14,9
"w_162050","control",2024-04-24,0,12
"w_553054","treatment",2024-10-20,0,11
"w_492738","control",2021-06-22,0,5
"w_296816","control",2024-04-05,0,8
"w_346810","treatment",2022-09-21,16,9
"w_470366","treatment",2022-08-24,0,10
"w_836753","treatment",2020-10-23,17,13
"w_889286","control",2026-04-10,22,9
"w_489573","control",2025-07-02,0,11
"w_842173","control",2018-11-12,0,6
"w_378193","control",2019-05-22,0,13
"w_206437","control",2020-11-08,0,9
"w_943289","control",2024-11-30,0,13
"w_354848","treatment",2022-06-28,0,12
"w_117215","treatment",2020-07-06,0,11
"w_742242","treatment",2024-10-17,16,12
"w_649254","control",2022-07-31,4,7
"w_788937","control",2026-06-05,3,8
"w_270410","treatment",2024-06-06,0,16
"w_785805","control",2025-09-21,1,7
"w_159319","control",2023-08-28,3,17
"w_202636","treatment",2022-08-31,9,10
"w_916711","treatment",2021-09-05,7,7
"w_408326","control",2025-08-08,0,7
"w_370137","treatment",2024-07-20,0,11
"w_737094","control",2024-09-10,55,8
"w_655120","treatment",2018-08-10,0,12
"w_314379","control",2022-10-11,111,12
"w_990206","treatment",2022-04-11,0,6
"w_701935","treatment",2018-09-06,0,11
"w_457843","control",2022-03-08,0,11
"w_790425","treatment",2018-09-09,9,13
"w_655064","control",2022-02-12,0,7
"w_572502","control",2026-04-11,0,10
"w_396978","treatment",2025-11-30,0,11
"w_339587","control",2021-07-21,0,6
"w_705980","treatment",2026-01-11,0,11
"w_667837","treatment",2018-11-21,2,10
"w_224632","treatment",2024-10-28,0,8
"w_676201","control",2019-11-18,0,10
"w_106544","treatment",2022-08-18,4,11
"w_703601","treatment",2025-11-29,0,12
"w_974006","treatment",2022-11-30,0,11
"w_581103","control",2022-04-26,0,11
"w_185914","treatment",2018-07-09,11,10
"w_406216","treatment",2025-10-27,0,9
"w_300516","treatment",2019-03-01,0,12
"w_426540","treatment",2021-08-10,4,9
"w_915613","control",2025-02-13,0,11
"w_258504","treatment",2026-04-10,1,10
"w_927122","treatment",2025-02-05,1,9
"w_156465","treatment",2025-09-19,4,12
"w_800167","control",2020-08-05,4,15
"w_670514","treatment",2021-03-05,0,13
"w_819161","control",2021-08-11,60,10
"w_300576","control",2019-09-13,8,11
"w_933463","control",2025-09-03,0,3
"w_167555","control",2023-04-10,0,9
"w_515229","treatment",2026-01-17,15,9
"w_658906","treatment",2019-08-28,0,17
"w_678102","treatment",2020-03-17,14,13
"w_303068","treatment",2021-07-09,14,9
"w_573720","treatment",2020-12-11,3,8
"w_207940","control",2023-11-14,4,13
"w_265959","control",2025-10-09,4,12
"w_758159","control",2022-07-22,21,13
"w_415659","control",2020-02-21,5,9
"w_195504","control",2024-02-28,0,7
"w_498830","control",2020-05-21,3,7
"w_549688","control",2018-09-28,4,10
"w_331401","treatment",2020-03-30,18,5
"w_195139","control",2022-03-01,11,13
"w_469226","control",2025-08-13,0,9
"w_459411","treatment",2019-06-30,0,12
"w_547982","treatment",2018-09-09,4,10
"w_470606","treatment",2019-09-14,4,7
"w_758796","treatment",2023-12-16,0,8
"w_568033","treatment",2019-01-09,0,6
"w_139368","control",2020-02-14,29,8
"w_275776","control",2019-10-20,0,10
"w_440189","control",2022-09-27,0,8
"w_993470","control",2018-11-06,0,7
"w_567883","control",2019-02-18,1,10
"w_927627","treatment",2019-08-04,0,7
"w_520401","control",2025-04-01,1,9
"w_877543","treatment",2024-10-29,0,10
"w_632401","treatment",2019-06-16,0,7
"w_783239","treatment",2021-08-26,3,14
"w_526602","control",2025-08-27,0,12
"w_892114","treatment",2026-05-18,11,13
"w_301459","treatment",2025-05-13,0,16
"w_939682","treatment",2021-05-17,0,12
"w_677330","control",2020-06-21,0,15
"w_468588","control",2026-01-03,0,14
"w_691825","control",2023-03-11,0,11
"w_463346","treatment",2019-12-06,0,14
"w_527813","treatment",2023-04-03,0,7
"w_597310","control",2024-12-14,3,8
"w_833735","treatment",2018-06-19,0,17
"w_558324","control",2022-07-15,2,8
"w_173357","control",2025-12-03,0,16
"w_369647","control",2023-01-18,0,12
"w_184479","treatment",2026-04-29,0,10
"w_750331","treatment",2024-05-17,4,11
"w_147504","treatment",2023-03-20,0,8
"w_795685","control",2023-07-03,2,5
"w_904699","control",2024-05-15,0,7
"w_660305","control",2022-04-18,0,7
"w_214480","treatment",2021-03-06,0,10
"w_455861","control",2025-04-16,0,9
"w_181547","control",2023-08-02,0,8
"w_406969","treatment",2026-02-10,59,4
"w_495447","control",2024-10-04,0,9
"w_953965","control",2025-09-06,11,6
"w_234427","treatment",2023-06-23,15,4
"w_918580","treatment",2019-01-31,0,7
"w_212448","control",2026-06-19,18,6
"w_661979","control",2023-03-02,14,11
"w_871459","treatment",2018-07-07,0,10
"w_802335","treatment",2026-01-25,2,9
"w_779918","control",2022-03-21,31,11
"w_445034","control",2023-05-25,2,16
"w_352503","control",2024-07-02,0,10
"w_529485","treatment",2020-08-11,0,13
"w_217313","control",2024-01-10,0,8
"w_489489","treatment",2019-02-01,0,7
"w_734826","treatment",2023-10-15,0,10
"w_325736","treatment",2021-04-28,2,11
"w_343491","control",2024-10-19,0,6
"w_857009","control",2020-07-22,4,10
"w_709928","control",2018-10-15,0,13
"w_307054","treatment",2026-05-09,4,9
"w_821038","control",2021-10-06,0,9
"w_289561","control",2023-11-23,2,5
"w_895198","treatment",2023-10-23,8,10
"w_293882","control",2021-01-08,3,6
"w_498699","treatment",2022-06-04,3,16
"w_257870","treatment",2019-10-26,0,8
"w_681048","treatment",2024-05-25,0,12
"w_373813","treatment",2023-08-10,3,10
"w_224348","control",2022-04-30,0,12
"w_679636","treatment",2025-12-23,0,11
"w_938723","treatment",2024-08-21,0,10
"w_177928","treatment",2021-10-23,0,13
"w_990901","treatment",2025-06-04,4,10
"w_548569","treatment",2022-06-13,0,6
"w_745558","control",2020-08-04,0,8
"w_130265","control",2020-08-21,0,9
"w_335521","control",2026-01-25,0,11
"w_543351","treatment",2024-09-29,0,10
"w_422757","control",2021-08-17,0,13
"w_352282","control",2020-02-23,15,11
"w_434717","treatment",2021-10-19,3,6
"w_331157","control",2024-03-21,2,10
"w_208091","treatment",2024-06-02,3,15
"w_769745","treatment",2019-06-05,0,8
"w_718054","control",2021-02-22,3,8
"w_956884","treatment",2022-12-22,0,8
"w_939621","control",2021-08-19,0,10
"w_268192","control",2024-07-28,1,8
"w_743872","control",2020-11-17,7,9
"w_723403","control",2022-06-15,0,8
"w_793248","treatment",2018-09-30,7,9
"w_337990","treatment",2025-10-22,4,7
"w_515315","treatment",2023-04-08,61,8
"w_760631","treatment",2020-04-25,0,8
"w_362533","control",2021-05-10,3,8
"w_353586","treatment",2019-05-09,0,10
"w_702877","control",2025-04-21,0,10
"w_718847","control",2023-08-07,0,16
"w_833640","control",2018-11-11,0,11
"w_537889","control",2021-08-30,0,9
"w_723287","control",2023-11-14,0,13
"w_774787","control",2022-09-25,0,7
"w_888111","control",2023-10-30,0,11
"w_608360","treatment",2020-09-25,1,13
"w_427714","control",2019-07-09,5,7
"w_865029","control",2025-09-04,0,8
"w_776711","control",2021-09-06,14,14
"w_239064","treatment",2020-04-24,0,9
"w_786136","control",2022-12-08,5,13
"w_843819","control",2026-01-30,2,17
"w_144651","treatment",2021-07-11,0,8
"w_194191","treatment",2019-05-19,0,8
"w_969421","control",2025-10-29,1,9
"w_402585","control",2024-01-02,0,9
"w_461175","treatment",2018-06-08,3,3
"w_298252","control",2025-06-12,4,9
"w_586014","control",2021-03-27,0,9
"w_687670","control",2022-02-28,13,9
"w_529876","control",2018-07-21,0,12
"w_559317","control",2023-10-17,0,11
"w_429109","control",2024-10-01,0,11
"w_135003","treatment",2020-05-31,0,8
"w_904523","treatment",2025-04-16,3,13
"w_601377","treatment",2020-04-05,3,8
"w_659400","control",2020-09-29,0,8
"w_223609","control",2024-10-14,15,14
"w_875283","treatment",2026-07-04,0,8
"w_452797","control",2024-02-10,0,11
"w_245388","treatment",2021-08-05,3,6
"w_108027","treatment",2023-06-03,20,11
"w_743499","control",2025-05-27,0,13
"w_628383","treatment",2023-02-25,2,15
"w_623452","treatment",2024-07-15,4,9
"w_394943","treatment",2023-03-07,0,10
"w_729241","control",2024-07-14,0,6
"w_889936","treatment",2021-03-13,12,9
"w_257838","control",2024-10-09,9,16
"w_236032","control",2025-08-20,19,11
"w_733823","control",2021-10-08,0,15
"w_853485","treatment",2024-02-27,0,15
"w_186291","treatment",2021-06-11,51,12
"w_424667","treatment",2023-02-23,6,9
"w_283735","control",2019-09-15,11,4
"w_214709","control",2022-04-28,0,12
"w_694464","control",2021-08-05,11,10
"w_626202","control",2022-01-05,0,10
"w_542874","control",2020-07-04,0,7
"w_701262","treatment",2020-04-15,0,11
"w_701258","control",2022-09-05,45,9
"w_203843","treatment",2022-11-16,0,12
"w_732842","treatment",2018-12-11,8,11
"w_823306","treatment",2021-04-11,18,10
"w_399375","treatment",2020-02-08,0,10
"w_142787","control",2020-04-08,4,22
"w_464127","control",2025-06-12,0,11
"w_904667","treatment",2025-08-22,0,14
"w_922264","treatment",2019-09-30,0,13
"w_476209","control",2024-07-14,0,9
"w_863969","treatment",2025-09-17,33,8
"w_779890","control",2023-08-01,3,9
"w_681004","control",2021-12-23,0,10
"w_687262","control",2024-06-17,0,10
"w_961252","treatment",2025-11-13,42,9
"w_359591","control",2019-03-05,2,7
"w_737891","control",2025-08-31,0,17
"w_800652","treatment",2022-05-22,3,8
"w_922460","control",2024-07-11,0,7
"w_379661","treatment",2019-08-19,0,7
"w_607872","control",2019-05-29,10,4
"w_112619","treatment",2021-09-18,0,9
"w_597435","control",2024-08-08,3,6
"w_394821","treatment",2019-09-07,0,12
"w_396675","treatment",2021-10-26,0,6
"w_587001","treatment",2023-01-02,0,13
"w_162833","control",2019-01-27,18,12
"w_835556","control",2021-05-11,0,10
"w_520802","treatment",2020-05-09,1,9
"w_551409","control",2019-07-14,2,10
"w_261722","treatment",2026-01-07,0,12
"w_899728","treatment",2026-07-14,31,6
"w_187351","control",2023-05-08,3,10
"w_119248","treatment",2021-08-27,0,10
"w_480543","treatment",2024-08-14,0,5
"w_316577","control",2026-07-03,42,13
"w_253650","treatment",2023-10-01,4,7
"w_225976","treatment",2023-03-27,0,9
"w_356628","treatment",2024-11-08,1,8
"w_659189","treatment",2018-09-11,29,3
"w_123483","treatment",2022-01-27,0,10
"w_323061","control",2018-09-07,0,10
"w_690814","treatment",2025-08-03,11,8
"w_224725","control",2020-07-13,0,7
"w_711220","control",2025-09-22,14,8
"w_891824","treatment",2020-04-20,3,8
"w_858865","treatment",2023-09-04,0,12
"w_904967","treatment",2019-02-07,4,7
"w_490006","control",2021-12-18,0,17
"w_964889","control",2022-03-27,0,9
"w_480267","control",2025-09-29,2,11
"w_607480","control",2026-01-10,2,10
"w_593493","control",2021-11-01,3,13
"w_614394","treatment",2021-04-27,2,2
"w_479825","control",2022-12-05,0,9
"w_992443","treatment",2020-11-20,0,7
"w_926568","control",2024-06-29,14,7
"w_300441","control",2022-03-30,0,7
"w_750436","control",2025-10-01,2,6
"w_831414","control",2021-05-22,3,8
"w_797314","treatment",2018-08-15,0,9
"w_872048","control",2024-08-29,0,18
"w_333001","control",2020-03-13,0,14
"w_483435","control",2020-12-07,7,11
"w_603949","control",2020-02-15,4,5
"w_348354","treatment",2021-06-04,0,10
"w_722793","control",2019-09-16,0,13
"w_629182","control",2018-08-17,0,10
"w_515787","control",2020-02-01,0,10
"w_464064","treatment",2024-05-19,17,6
"w_761897","treatment",2022-01-19,1,8
"w_548349","control",2020-12-07,2,7
"w_864934","control",2022-11-18,8,11
"w_413132","treatment",2020-01-31,0,19
"w_491769","control",2021-02-28,0,6
"w_831553","control",2024-12-20,0,11
"w_631537","treatment",2025-05-10,0,12
"w_272051","treatment",2019-06-18,0,12
"w_577711","treatment",2019-07-25,0,7
"w_958432","treatment",2022-09-21,2,10
"w_106230","treatment",2026-01-29,0,8
"w_899537","treatment",2020-01-09,0,13
"w_292923","treatment",2025-11-02,0,10
"w_587486","treatment",2024-02-17,0,11
"w_463256","control",2024-04-01,0,8
"w_249978","treatment",2021-01-25,0,9
"w_242637","control",2022-02-01,2,12
"w_521345","treatment",2020-06-16,0,9
"w_614388","treatment",2019-01-10,3,7
"w_846861","treatment",2024-04-08,0,13
"w_570146","treatment",2018-12-14,0,6
"w_564471","control",2021-04-15,6,16
"w_383363","treatment",2022-07-25,0,11
"w_561172","treatment",2019-11-04,13,4
"w_675889","control",2018-09-16,0,7
"w_272376","treatment",2022-04-30,38,8
"w_292949","treatment",2024-10-16,2,12
"w_956774","control",2026-02-16,0,9
"w_206406","treatment",2020-03-26,3,9
"w_576720","control",2020-08-15,1,9
"w_771347","control",2024-06-14,0,7
"w_227771","control",2021-07-27,62,14
"w_810820","treatment",2024-10-28,0,13
"w_403368","control",2019-11-14,0,12
"w_615590","control",2019-05-24,0,10
"w_323112","control",2022-03-14,0,10
"w_882692","treatment",2025-01-18,0,8
"w_224662","treatment",2018-09-03,0,8
"w_150074","treatment",2024-03-16,0,7
"w_624747","treatment",2025-07-11,16,14
"w_221834","control",2018-11-03,0,10
"w_717060","control",2026-07-07,3,8
"w_213616","control",2022-08-02,0,9
"w_362058","control",2022-01-17,0,9
"w_331486","control",2026-03-03,0,8
"w_338568","treatment",2019-05-12,7,9
"w_671445","control",2025-07-22,12,7
"w_969077","treatment",2018-12-12,4,8
"w_231801","treatment",2024-07-04,16,7
"w_243455","treatment",2019-11-20,2,10
"w_704881","control",2019-01-19,0,7
"w_470426","control",2021-10-12,2,11
"w_496342","treatment",2023-04-13,0,10
"w_284260","treatment",2025-06-01,0,13
"w_322330","treatment",2023-07-09,0,7
"w_132956","treatment",2022-02-22,10,9
"w_818747","control",2024-07-13,0,10
"w_481529","control",2019-01-14,9,17
"w_989886","control",2020-09-12,0,9
"w_446751","control",2024-12-06,0,15
"w_418643","control",2026-03-31,4,9
"w_957125","control",2018-08-22,0,11
"w_205900","treatment",2023-04-21,0,14
"w_574676","control",2023-02-26,0,9
"w_954500","treatment",2024-04-25,3,7
"w_354703","control",2018-08-13,0,9
"w_604826","control",2021-04-20,0,9
"w_410519","treatment",2020-08-22,0,8
"w_604381","control",2024-08-18,0,8
"w_179510","control",2026-03-10,0,9
"w_717175","treatment",2021-11-03,18,10
"w_916464","control",2020-05-11,0,7
"w_804378","control",2026-04-22,0,15
"w_512130","treatment",2024-11-27,40,16
"w_475752","treatment",2023-10-27,0,16
"w_101338","control",2023-12-24,0,15
"w_703830","treatment",2022-09-29,0,4
"w_591343","control",2021-10-06,7,11
"w_563867","treatment",2025-05-17,0,9
"w_155427","treatment",2022-04-26,0,8
"w_755226","treatment",2024-04-28,1,9
"w_802861","control",2020-03-15,0,11
"w_424195","control",2019-10-16,0,11
"w_260463","control",2022-09-14,0,14
"w_630931","treatment",2022-04-26,0,12
"w_946571","control",2024-06-27,0,7
"w_584564","treatment",2023-03-01,0,10
"w_783107","control",2022-01-25,43,9
"w_741906","control",2021-12-12,0,12
"w_854666","treatment",2019-03-19,4,7
"w_894370","treatment",2023-10-29,0,6
"w_458127","control",2026-02-20,0,14
"w_196997","treatment",2020-06-19,0,13
"w_917542","control",2018-07-28,15,16
"w_976337","treatment",2018-11-20,0,8
"w_871126","control",2021-04-09,28,10
"w_412974","control",2022-12-04,0,14
"w_211652","treatment",2019-08-11,0,8
"w_287951","treatment",2020-09-03,14,13
"w_113077","control",2024-05-12,3,10
"w_319367","treatment",2026-01-09,4,12
"w_185948","control",2021-06-06,0,11
"w_337713","treatment",2025-02-24,0,11
"w_618845","treatment",2026-01-20,0,11
"w_572924","control",2021-05-27,0,9
"w_958577","control",2020-04-21,0,7
"w_106992","control",2020-12-17,2,12
"w_972728","treatment",2018-08-11,0,7
"w_262468","treatment",2024-06-17,0,11
"w_895008","treatment",2025-01-19,0,11
"w_835298","treatment",2019-08-19,12,9
"w_310875","treatment",2019-08-20,3,12
"w_106242","control",2024-10-21,0,6
"w_369861","treatment",2020-05-07,0,11
"w_302789","control",2021-02-15,0,8
"w_932881","treatment",2023-07-04,3,6
"w_649492","control",2024-06-12,0,14
"w_111905","treatment",2018-11-25,0,13
"w_159895","control",2020-01-01,30,11
"w_716696","control",2021-07-17,0,10
"w_737235","control",2026-03-16,4,9
"w_440544","treatment",2018-12-08,4,10
"w_680053","treatment",2024-04-21,0,9
"w_900583","control",2025-11-18,0,9
"w_115003","treatment",2018-06-20,64,11
"w_261653","control",2024-02-05,7,4
"w_632391","control",2020-09-09,0,8
"w_550215","treatment",2024-05-28,19,11
"w_104172","treatment",2026-02-15,4,6
"w_433959","treatment",2025-09-30,0,13
"w_732445","treatment",2022-02-12,0,6
"w_385059","control",2019-11-09,0,11
"w_863626","control",2019-11-18,0,10
"w_254760","treatment",2021-09-04,11,8
"w_493022","control",2021-01-20,1,6
"w_282202","control",2018-10-15,0,15
"w_912520","control",2024-12-16,8,13
"w_191773","treatment",2023-10-27,0,10
"w_456012","control",2025-02-13,1,9
"w_741348","control",2022-09-30,0,14
"w_251372","control",2024-03-05,0,10
"w_822729","treatment",2025-03-06,0,5
"w_208056","control",2019-06-03,4,6
"w_676135","treatment",2024-09-06,0,9
"w_741967","treatment",2021-01-18,0,10
"w_768291","treatment",2023-09-17,1,11
"w_778664","treatment",2018-07-02,0,13
"w_652706","treatment",2022-07-01,25,8
"w_931758","control",2025-04-23,0,4
"w_153311","control",2025-07-18,0,11
"w_977721","control",2025-07-11,0,11
"w_978153","treatment",2026-07-08,0,12
"w_591452","treatment",2020-09-25,0,8
"w_353391","control",2025-09-30,3,8
"w_284730","treatment",2023-07-21,17,12
"w_112739","treatment",2023-01-18,3,12
"w_779159","treatment",2020-06-25,0,5
"w_847493","control",2019-02-09,0,10
"w_918503","control",2021-05-25,0,8
"w_664763","control",2021-08-18,0,14
"w_848398","treatment",2020-12-15,0,9
"w_509635","control",2020-05-16,0,17
"w_588647","control",2023-06-26,3,10
"w_563255","treatment",2021-09-30,0,13
"w_688249","treatment",2021-07-28,0,11
"w_896387","control",2023-09-24,8,14
"w_473117","treatment",2024-09-15,0,10
"w_320137","control",2025-01-17,4,7
"w_888599","treatment",2018-11-04,0,11
"w_406278","control",2022-01-15,0,9
"w_610496","control",2026-04-01,3,8
"w_567034","control",2026-06-16,0,8
"w_468237","treatment",2025-12-10,59,7
"w_593758","control",2019-10-31,2,11
"w_534073","treatment",2021-01-09,6,8
"w_412668","treatment",2021-09-16,0,11
"w_477362","treatment",2024-09-30,0,8
"w_834271","treatment",2019-11-14,0,11
"w_205409","control",2024-03-21,3,12
"w_729749","control",2025-08-04,2,12
"w_913666","treatment",2024-10-27,4,6
"w_266362","control",2018-11-14,15,9
"w_328056","treatment",2025-06-25,0,11
"w_577584","control",2019-10-30,0,10
"w_335552","control",2022-03-20,4,5
"w_439854","control",2022-07-01,12,11
"w_540033","treatment",2023-03-15,0,15
"w_858737","control",2020-05-03,0,17
"w_629378","treatment",2024-06-10,4,10
"w_278314","control",2018-08-21,0,9
"w_955213","treatment",2022-05-12,0,11
"w_129001","control",2025-05-10,10,7
"w_820065","treatment",2023-11-02,0,6
"w_531977","control",2019-06-09,0,15
"w_574337","treatment",2019-06-28,0,9
"w_337023","treatment",2023-12-05,0,16
"w_555392","treatment",2019-06-24,0,10
"w_674043","control",2019-04-29,9,16
"w_194666","treatment",2025-07-05,0,11
"w_809812","treatment",2019-04-09,2,11
"w_935821","treatment",2023-07-09,0,11
"w_202309","control",2024-09-20,0,8
"w_937782","control",2021-10-12,0,7
"w_820646","treatment",2025-01-30,1,7
"w_603482","control",2024-02-28,0,8
"w_688477","control",2021-11-11,0,9
"w_348549","control",2021-12-14,4,10
"w_285649","treatment",2021-04-01,4,6
"w_569670","control",2022-06-06,0,8
"w_622570","treatment",2020-01-20,0,7
"w_388623","treatment",2019-10-08,0,11
"w_403380","control",2022-04-18,0,9
"w_319179","treatment",2023-06-21,0,8
"w_784743","control",2025-06-17,4,10
"w_320591","control",2025-05-19,0,10
"w_714300","control",2019-03-02,4,13
"w_765857","control",2023-12-10,0,9
"w_991333","treatment",2021-04-13,0,9
"w_396903","treatment",2020-03-28,4,10
"w_114298","treatment",2020-07-11,7,9
"w_463681","treatment",2019-07-23,3,15
"w_476640","control",2020-12-20,0,11
"w_491905","control",2025-01-01,13,8
"w_733811","treatment",2024-03-02,0,13
"w_627871","control",2021-01-26,0,11
"w_179407","control",2018-09-25,2,9
"w_518728","control",2024-10-02,0,10
"w_678056","treatment",2023-07-16,0,14
"w_789351","treatment",2019-05-24,0,9
"w_940225","control",2022-12-24,0,7
"w_966091","treatment",2020-09-18,1,13
"w_913647","control",2020-06-04,0,8
"w_341523","control",2025-03-10,4,8
"w_122113","treatment",2021-01-02,0,9
"w_815781","control",2023-10-16,0,6
"w_195471","treatment",2024-08-29,0,8
"w_829514","treatment",2018-09-20,0,5
"w_986118","treatment",2020-07-12,14,11
"w_196663","control",2021-12-13,4,9
"w_498487","control",2020-06-19,19,9
"w_706436","control",2023-06-20,3,13
"w_993839","control",2025-03-11,0,8
"w_677898","control",2024-12-12,0,12
"w_780025","treatment",2025-12-26,4,12
"w_347082","treatment",2022-09-21,12,9
"w_501053","control",2023-08-03,0,15
"w_320346","control",2026-01-30,1,11
"w_999479","control",2018-08-13,5,4
"w_658396","treatment",2018-11-27,8,8
"w_634092","treatment",2019-05-22,4,5
"w_167762","control",2020-10-31,4,8
"w_147995","control",2024-01-25,60,15
"w_357901","control",2024-09-22,0,11
"w_285740","control",2020-03-25,0,11
"w_861835","control",2022-07-06,0,12
"w_861549","treatment",2022-11-12,0,13
"w_678177","control",2020-01-22,15,11
"w_271963","control",2020-09-09,38,11
"w_367776","treatment",2022-11-17,0,6
"w_833294","treatment",2019-02-05,2,5
"w_610950","treatment",2025-03-19,0,10
"w_581290","treatment",2022-01-14,0,6
"w_618862","control",2024-10-30,15,13
"w_262085","treatment",2019-09-04,0,9
"w_924558","control",2023-12-01,0,18
"w_254444","control",2022-06-19,3,8
"w_452535","treatment",2024-02-25,4,7
"w_740773","treatment",2019-12-06,0,14
"w_320402","treatment",2021-04-09,0,9
"w_969879","control",2023-02-16,0,9
"w_525041","treatment",2020-12-11,0,9
"w_729966","control",2024-12-12,25,13
"w_337574","treatment",2026-04-15,0,10
"w_705026","treatment",2022-03-20,11,14
"w_443076","treatment",2025-09-30,41,15
"w_457820","treatment",2021-03-14,1,3
"w_530191","control",2023-09-16,8,7
"w_809293","control",2025-11-05,0,13
"w_558131","treatment",2019-08-28,0,12
"w_540863","treatment",2021-01-30,0,10
"w_259018","control",2026-05-21,19,10
"w_269322","treatment",2022-02-13,3,13
"w_600454","control",2026-04-05,66,13
"w_406165","treatment",2026-06-23,4,9
"w_776520","control",2018-09-08,46,19
"w_433375","treatment",2018-06-24,12,8
"w_769304","control",2020-01-29,0,16
"w_169553","control",2026-06-01,1,5
"w_107787","control",2022-04-12,1,7
"w_343934","control",2023-07-25,1,9
"w_898534","treatment",2026-05-04,0,12
"w_978904","treatment",2019-02-27,1,7
"w_705169","treatment",2021-08-08,2,15
"w_256791","control",2026-06-03,2,11
"w_745237","treatment",2024-08-04,19,8
"w_227458","treatment",2023-04-28,12,5
"w_985328","control",2023-12-23,4,10
"w_258195","control",2026-01-23,0,12
"w_940651","control",2020-11-22,3,14
"w_107055","control",2021-09-18,0,10
"w_247145","control",2018-06-03,25,14
"w_111095","control",2020-06-15,0,8
"w_397211","treatment",2020-05-09,0,9
"w_871708","control",2023-08-29,0,11
"w_193142","control",2025-10-22,0,10
"w_294847","control",2025-02-12,9,13
"w_164952","control",2022-01-09,7,13
"w_644561","control",2021-01-29,0,12
"w_851990","treatment",2019-01-28,0,10
"w_681993","control",2021-02-13,0,11
"w_658188","treatment",2024-08-03,9,11
"w_961019","control",2023-12-25,4,11
"w_488865","treatment",2022-12-09,0,6
"w_158943","control",2026-06-17,2,11
"w_988873","treatment",2019-12-19,0,14
"w_431341","control",2020-06-27,3,14
"w_558271","control",2022-08-02,1,9
"w_563945","treatment",2018-07-27,22,10
"w_598165","control",2024-01-06,14,13
"w_657815","control",2020-01-16,3,8
"w_613513","treatment",2023-05-26,0,10
"w_408791","treatment",2019-03-06,3,8
"w_824382","treatment",2022-03-14,0,7
"w_287680","treatment",2022-11-08,4,10
"w_689691","control",2021-02-10,54,6
"w_418422","control",2026-05-13,2,5
"w_492610","control",2024-01-24,2,12
"w_825060","treatment",2022-10-04,42,10
"w_768833","control",2020-11-16,0,12
"w_240114","control",2026-01-28,0,8
"w_690289","treatment",2018-11-12,0,13
"w_714758","control",2025-12-02,0,7
"w_603267","control",2019-01-25,0,8
"w_824507","treatment",2019-05-02,0,5
"w_346396","treatment",2023-09-13,4,5
"w_559593","control",2022-09-22,0,11
"w_806410","control",2024-02-16,0,12
"w_976485","treatment",2026-01-23,3,15
"w_452443","control",2019-12-22,0,4
"w_259623","control",2026-06-04,0,14
"w_441162","treatment",2024-11-25,0,5
"w_935048","control",2024-04-08,96,12
"w_312240","treatment",2024-09-01,0,11
"w_614842","control",2022-10-19,0,14
"w_223753","treatment",2021-05-28,2,8
"w_317495","control",2021-12-06,4,7
"w_961210","treatment",2025-04-19,3,9
"w_782835","control",2025-01-27,18,9
"w_301369","control",2024-07-18,24,10
"w_739414","control",2026-01-02,0,11
"w_609380","treatment",2021-05-08,6,8
"w_680309","treatment",2026-01-30,3,11
"w_744884","control",2022-08-04,4,10
"w_600748","control",2026-01-16,1,13
"w_335683","treatment",2021-03-28,2,7
"w_124031","control",2025-07-28,2,12
"w_462470","treatment",2018-09-18,4,10
"w_493459","treatment",2022-11-03,3,9
"w_214656","control",2024-04-18,18,9
"w_543496","control",2021-03-27,0,10
"w_846908","treatment",2024-12-09,16,9
"w_244797","control",2021-10-04,0,12
"w_898343","control",2020-01-11,0,13
"w_489270","treatment",2025-06-25,0,9
"w_618563","treatment",2020-01-23,0,12
"w_413640","control",2026-02-04,0,15
"w_178036","control",2023-08-17,11,16
"w_544884","control",2025-05-06,0,10
"w_938312","treatment",2024-10-24,0,7
"w_126571","control",2021-07-10,0,8
"w_382015","control",2025-05-08,0,18
"w_395992","control",2020-11-12,0,5
"w_833894","treatment",2024-06-23,4,9
"w_998122","treatment",2021-04-11,16,9
"w_660078","treatment",2018-12-11,0,9
"w_382646","treatment",2022-06-18,2,9
"w_817146","control",2024-03-17,10,10
"w_602428","treatment",2025-09-15,0,13
"w_931109","control",2025-10-28,0,13
"w_607563","treatment",2024-09-29,0,16
"w_924610","control",2021-03-08,2,10
"w_974539","control",2023-10-20,62,10
"w_163019","treatment",2022-12-07,0,12
"w_333331","treatment",2020-04-21,72,10
"w_244465","control",2024-02-27,4,13
"w_413981","control",2019-01-01,14,8
"w_159098","control",2020-03-09,38,10
"w_681130","treatment",2025-09-01,0,14
"w_188253","treatment",2023-11-28,0,13
"w_911662","control",2022-05-29,0,12
"w_566055","control",2024-05-03,0,19
"w_344481","control",2020-10-23,0,12
"w_137762","treatment",2024-11-02,4,12
"w_259663","control",2020-11-18,0,11
"w_107003","control",2022-05-26,0,10
"w_800265","control",2024-10-05,2,10
"w_784839","control",2023-12-25,1,6
"w_473575","treatment",2025-06-28,0,9
"w_933881","control",2023-04-17,2,7
"w_918505","control",2025-05-13,0,14
"w_635687","control",2022-07-13,2,13
"w_377041","control",2019-09-20,0,10
"w_568254","treatment",2019-09-22,2,9
"w_775863","control",2021-02-02,0,9
"w_311206","control",2019-02-11,3,7
"w_616739","treatment",2020-04-08,3,9
"w_974683","control",2023-01-25,4,12
"w_845475","treatment",2020-12-02,2,9
"w_326885","treatment",2026-05-05,0,8
"w_723436","control",2024-11-17,15,7
"w_451840","control",2023-12-21,0,17
"w_688952","control",2022-12-01,8,13
"w_662770","control",2022-02-26,0,9
"w_443771","treatment",2022-10-17,0,5
"w_908143","treatment",2022-04-13,2,10
"w_781821","treatment",2026-07-07,13,17
"w_333736","treatment",2023-09-10,4,9
"w_288697","control",2023-12-21,1,9
"w_807237","control",2019-08-26,0,14
"w_418837","treatment",2026-02-28,1,11
"w_246929","treatment",2025-08-05,2,15
"w_574548","control",2020-08-29,1,12
"w_596363","control",2020-03-30,2,7
"w_663813","treatment",2022-12-23,5,11
"w_340400","treatment",2025-07-19,16,11
"w_160574","treatment",2019-09-25,7,14
"w_697040","treatment",2024-01-02,0,7
"w_722622","control",2022-11-04,0,6
"w_958274","treatment",2019-05-05,0,8
"w_139261","treatment",2026-03-09,14,14
"w_361242","treatment",2024-07-04,0,10
"w_260468","control",2021-12-08,0,15
"w_272475","control",2020-02-10,0,13
"w_334194","treatment",2024-08-07,0,10
"w_202130","control",2025-03-03,0,7
"w_180866","treatment",2019-11-03,3,9
"w_440841","treatment",2021-09-24,0,11
"w_467457","control",2018-09-16,0,8
"w_669987","treatment",2018-08-13,18,5
"w_856444","control",2018-09-05,2,14
"w_852085","control",2023-05-14,1,9
"w_373166","control",2018-08-10,39,13
"w_394079","treatment",2020-02-06,0,11
"w_789605","control",2023-08-21,3,11
"w_724365","treatment",2019-03-21,0,12
"w_494698","control",2024-03-14,1,6
"w_421714","treatment",2025-08-29,0,14
"w_503802","treatment",2021-03-22,3,8
"w_410786","treatment",2023-08-31,8,11
"w_619482","control",2019-06-26,3,9
"w_934202","treatment",2022-04-18,3,15
"w_998358","control",2026-03-10,0,9
"w_181231","control",2019-05-13,0,14
"w_588989","control",2026-01-16,0,15
"w_791348","control",2020-04-22,0,12
"w_301891","treatment",2021-10-24,0,9
"w_351558","control",2020-01-30,0,4
"w_140052","treatment",2024-07-06,0,6
"w_795348","control",2025-01-05,0,7
"w_298675","control",2024-08-06,0,9
"w_378395","control",2022-01-28,2,12
"w_520741","treatment",2023-07-18,0,9
"w_831937","treatment",2022-04-17,42,8
"w_399372","treatment",2025-05-16,0,12
"w_154768","treatment",2026-02-25,14,11
"w_751794","treatment",2020-09-15,0,11
"w_670718","treatment",2024-12-06,0,8
"w_325383","treatment",2023-01-05,0,7
"w_286700","control",2023-03-30,0,12
"w_955402","treatment",2024-01-25,0,9
"w_463109","treatment",2023-09-22,0,9
"w_473021","treatment",2026-03-12,0,11
"w_851598","treatment",2021-03-28,0,13
"w_301918","treatment",2020-07-06,0,12
"w_955926","control",2025-04-25,0,10
"w_730721","treatment",2024-02-26,0,2
"w_901638","control",2026-06-10,0,11
"w_326289","control",2025-04-18,0,12
"w_795453","control",2018-08-05,0,9
"w_648266","treatment",2026-02-09,16,3
"w_760126","control",2023-07-01,0,7
"w_110155","control",2023-02-28,0,5
"w_537547","treatment",2022-05-29,4,6
"w_412980","treatment",2024-03-09,15,11
"w_775572","control",2020-11-10,2,9
"w_710149","control",2020-09-14,1,3
"w_672916","treatment",2019-04-06,0,15
"w_531288","treatment",2021-06-21,1,9
"w_774429","treatment",2020-05-26,0,9
"w_631127","control",2025-05-13,0,7
"w_840361","control",2019-12-09,1,13
"w_929658","treatment",2019-08-19,0,6
"w_778822","treatment",2021-11-21,2,11
"w_278132","treatment",2021-06-20,0,5
"w_554344","control",2019-05-14,1,12
"w_946114","treatment",2025-07-05,0,12
"w_204149","control",2020-02-25,13,12
"w_735222","treatment",2021-08-14,1,15
"w_440756","control",2023-09-06,7,10
"w_666647","control",2025-07-01,28,5
"w_279029","treatment",2020-04-04,2,9
"w_264735","treatment",2023-06-01,0,10
"w_481250","treatment",2022-02-03,79,10
"w_686464","control",2025-04-10,0,5
"w_238116","treatment",2019-03-30,0,10
"w_908591","treatment",2019-10-11,2,7
"w_348491","treatment",2024-02-14,0,14
"w_612846","treatment",2026-01-14,0,14
"w_200361","treatment",2022-10-14,0,16
"w_646205","control",2024-05-23,3,14
"w_264936","control",2025-12-08,19,14
"w_298739","treatment",2020-06-19,0,7
"w_998345","treatment",2019-08-20,14,9
"w_947138","control",2021-12-19,0,6
"w_844336","control",2023-12-31,0,7
"w_974807","treatment",2023-02-25,0,8
"w_978801","treatment",2023-01-25,0,10
"w_663002","control",2023-02-13,0,7
"w_398005","control",2026-02-10,0,13
"w_456190","treatment",2020-11-16,4,9
"w_928304","control",2021-08-12,0,6
"w_366453","treatment",2021-03-09,0,12
"w_647314","control",2019-05-07,6,12
"w_246824","treatment",2021-10-26,14,9
"w_209421","treatment",2018-09-09,0,8
"w_543979","treatment",2023-02-14,11,10
"w_327632","treatment",2024-06-17,1,8
"w_260148","treatment",2022-09-28,0,7
"w_710670","control",2023-02-19,0,9
"w_155644","treatment",2023-03-27,0,10
"w_949929","control",2021-08-29,0,18
"w_542021","control",2022-05-27,0,9
"w_850974","control",2022-11-25,9,11
"w_432737","control",2019-07-13,17,6
"w_294489","control",2023-06-21,0,8
"w_530000","treatment",2022-10-28,14,6
"w_753797","control",2019-05-02,0,15
"w_879729","control",2025-11-23,0,12
"w_435406","control",2022-12-01,3,10
"w_165002","control",2018-08-23,4,12
"w_569422","control",2026-06-16,6,11
"w_798560","treatment",2026-05-10,0,6
"w_873027","treatment",2020-01-16,0,16
"w_685477","treatment",2025-08-28,2,4
"w_499300","treatment",2019-11-03,0,9
"w_436281","treatment",2023-09-13,0,7
"w_132972","treatment",2018-09-29,0,13
"w_225783","control",2020-12-21,0,5
"w_785608","control",2018-11-14,61,6
"w_477092","treatment",2023-10-19,0,8
"w_805961","treatment",2020-09-01,0,13
"w_826560","treatment",2019-02-24,0,13
"w_748499","control",2023-10-11,0,12
"w_242266","control",2020-02-20,0,5
"w_332900","treatment",2023-05-12,0,13
"w_115664","control",2023-12-24,4,13
"w_996371","control",2025-12-15,5,10
"w_166125","control",2024-01-29,0,10
"w_980719","treatment",2022-07-05,12,11
"w_198624","control",2024-08-11,6,14
"w_408908","control",2023-07-24,0,8
"w_477535","control",2024-03-24,1,11
"w_807558","control",2025-04-06,0,13
"w_103897","treatment",2020-06-02,14,14
"w_574890","control",2020-09-27,0,10
"w_832384","control",2021-02-26,0,10
"w_369697","treatment",2026-06-11,3,15
"w_477731","treatment",2023-05-14,0,24
"w_883063","treatment",2022-03-28,0,8
"w_409572","control",2024-11-27,4,13
"w_388494","control",2021-04-06,0,12
"w_962757","treatment",2018-08-14,16,7
"w_804262","control",2024-03-24,6,10
"w_347274","control",2023-03-08,2,14
"w_819405","control",2020-05-19,0,9
"w_886242","control",2026-06-21,14,14
"w_372017","control",2022-07-28,15,8
"w_927084","control",2022-03-26,0,7
"w_999817","treatment",2021-07-24,0,6
"w_136308","treatment",2021-05-14,61,10
"w_600476","treatment",2021-06-25,0,7
"w_665515","treatment",2022-07-22,0,11
"w_260698","control",2024-05-16,0,6
"w_836972","treatment",2024-02-15,0,10
"w_542999","control",2025-10-08,0,11
"w_188036","control",2021-10-12,5,10
"w_949980","treatment",2025-02-03,0,11
"w_416880","treatment",2019-06-25,0,7
"w_628885","treatment",2019-08-11,0,17
"w_829093","control",2022-09-29,6,10
"w_491993","control",2024-05-11,2,10
"w_367328","control",2022-11-26,9,13
"w_924512","control",2019-08-19,0,8
"w_704757","control",2023-01-25,0,4
"w_734221","treatment",2022-03-12,1,11
"w_946915","control",2024-10-21,2,7
"w_239904","treatment",2019-09-10,0,12
"w_342925","treatment",2020-03-06,0,9
"w_942455","treatment",2025-01-04,4,8
"w_841850","control",2024-10-21,0,6
"w_905868","control",2024-10-07,0,14
"w_368747","treatment",2019-04-16,4,9
"w_341322","treatment",2024-04-17,2,12
"w_302386","treatment",2021-05-24,0,17
"w_754690","control",2019-05-15,0,6
"w_892867","control",2020-03-17,0,16
"w_135240","treatment",2018-06-28,4,13
"w_522329","control",2020-09-13,0,10
"w_702311","control",2025-08-22,0,12
"w_951231","treatment",2021-10-27,0,11
"w_370694","control",2026-06-30,4,10
"w_145730","treatment",2022-11-05,15,9
"w_873712","control",2023-06-17,0,4
"w_571438","treatment",2019-06-22,0,15
"w_872787","treatment",2019-12-21,0,16
"w_573671","treatment",2020-07-23,0,10
"w_595842","control",2018-12-10,0,14
"w_997309","control",2018-08-19,33,9
"w_158983","control",2024-01-19,0,13
"w_690744","control",2021-09-10,0,5
"w_616311","treatment",2020-11-01,3,9
"w_229340","control",2026-06-13,4,5
"w_646745","treatment",2026-02-23,31,7
"w_107190","control",2021-05-06,2,6
"w_476954","control",2025-09-26,8,11
"w_242540","control",2018-08-07,0,8
"w_925322","control",2026-07-03,1,7
"w_456201","treatment",2020-04-08,10,13
"w_296009","treatment",2019-11-28,0,12
"w_886666","treatment",2019-08-14,1,12
"w_495140","treatment",2025-11-05,14,15
"w_540598","control",2020-04-06,3,16
"w_330203","control",2019-08-28,0,9
"w_555751","treatment",2018-11-19,4,12
"w_442475","treatment",2024-07-14,0,8
"w_954853","control",2024-02-26,19,12
"w_701520","control",2020-04-22,44,10
"w_223892","treatment",2026-02-25,0,9
"w_669251","control",2023-10-06,2,16
"w_396772","control",2021-06-11,0,11
"w_260388","control",2020-06-28,17,12
"w_832734","control",2022-05-06,0,10
"w_881745","control",2024-10-10,0,9
"w_256234","treatment",2023-04-14,0,9
"w_392084","treatment",2022-06-01,0,16
"w_186793","treatment",2019-05-30,0,8
"w_890048","control",2020-04-08,7,16
"w_364668","treatment",2019-08-26,9,10
"w_256795","control",2026-03-10,16,15
"w_915392","treatment",2020-12-23,1,12
"w_585019","treatment",2025-02-11,0,7
"w_677919","treatment",2021-03-28,1,8
"w_964676","control",2026-04-18,4,9
"w_876788","treatment",2023-09-17,13,9
"w_356218","treatment",2022-07-30,17,8
"w_321116","treatment",2022-10-11,4,6
"w_878706","control",2019-03-10,0,12
"w_777959","control",2018-10-31,1,16
"w_851544","control",2024-06-03,0,10
"w_715878","treatment",2026-05-28,3,10
"w_503895","treatment",2020-03-26,1,7
"w_564591","control",2019-09-25,28,5
"w_790316","control",2022-09-24,0,13
"w_564964","control",2019-04-01,0,12
"w_980309","treatment",2020-01-07,0,4
"w_404994","treatment",2022-04-13,0,17
"w_129132","control",2020-07-09,7,13
"w_541184","control",2018-08-05,7,11
"w_536990","treatment",2023-08-17,0,13
"w_921803","control",2022-06-23,3,8
"w_559820","control",2019-05-25,4,8
"w_257821","control",2018-07-02,4,11
"w_720805","control",2025-08-16,8,7
"w_603335","treatment",2021-04-23,1,7
"w_589900","treatment",2019-06-03,12,9
"w_716668","control",2020-03-18,4,7
"w_446592","treatment",2020-09-16,3,11
"w_857166","treatment",2025-12-18,1,7
"w_547463","control",2025-02-19,0,15
"w_600156","treatment",2021-12-02,0,8
"w_140888","treatment",2021-12-09,0,11
"w_765914","control",2022-03-23,0,8
"w_932606","control",2019-06-25,4,6
"w_100075","control",2025-11-22,0,7
"w_706902","treatment",2020-02-25,0,8
"w_120282","treatment",2021-01-03,0,2
"w_357109","treatment",2024-11-01,0,7
"w_552547","treatment",2021-01-09,19,13
"w_444353","control",2023-06-28,3,8
"w_147466","treatment",2023-08-14,0,10
"w_502440","control",2018-06-25,4,11
"w_229215","control",2020-12-21,2,15
"w_393883","control",2023-10-01,15,13
"w_927822","control",2023-04-11,0,6
"w_224887","treatment",2019-09-09,0,10
"w_529611","treatment",2023-08-15,0,8
"w_231000","treatment",2022-07-06,4,8
"w_492921","control",2022-01-12,3,10
"w_573041","treatment",2022-01-07,1,11
"w_416071","control",2020-04-11,16,13
"w_595943","control",2018-11-24,4,12
"w_487592","control",2020-09-06,4,17
"w_992983","control",2024-03-07,0,10
"w_551568","control",2025-11-27,0,13
"w_550329","control",2020-12-23,0,5
"w_871787","control",2020-09-02,0,11
"w_538565","treatment",2023-03-23,0,12
"w_527058","control",2022-01-27,0,8
"w_779947","control",2024-10-21,0,13
"w_177931","control",2022-12-13,0,14
"w_927922","control",2023-03-30,1,9
"w_590667","treatment",2025-11-15,0,9
"w_791854","control",2023-08-29,0,10
"w_484752","control",2023-01-27,2,8
"w_520088","control",2025-11-02,2,7
"w_223166","treatment",2024-08-19,0,12
"w_304948","control",2020-02-06,0,10
"w_516529","treatment",2021-10-12,0,11
"w_369617","treatment",2022-02-16,43,8
"w_979641","treatment",2026-06-23,4,5
"w_874358","treatment",2023-11-29,0,9
"w_548732","control",2023-12-18,0,6
"w_742601","control",2025-03-27,2,10
"w_558841","treatment",2024-03-01,3,11
"w_102938","control",2024-02-28,0,12
"w_273583","treatment",2020-12-26,1,6
"w_956180","control",2022-07-14,4,8
"w_757956","control",2025-07-02,3,11
"w_740325","treatment",2019-01-19,3,6
"w_265654","treatment",2025-02-02,0,10
"w_648946","treatment",2026-04-03,0,14
"w_845885","treatment",2022-07-24,0,12
"w_418141","treatment",2024-09-26,3,13
"w_126684","treatment",2025-11-24,0,7
"w_276653","control",2019-06-29,3,13
"w_287405","control",2025-10-23,24,13
"w_181261","control",2019-04-15,0,10
"w_962269","treatment",2025-12-09,0,10
"w_863763","control",2023-08-24,1,10
"w_337080","treatment",2022-12-03,15,7
"w_335616","treatment",2022-08-06,0,7
"w_934049","control",2023-12-11,0,15
"w_582834","control",2021-07-29,8,7
"w_230912","treatment",2024-08-02,0,16
"w_575633","treatment",2020-12-16,0,6
"w_117462","treatment",2023-08-18,3,8
"w_522379","control",2020-01-27,0,12
"w_149181","treatment",2025-12-08,0,10
"w_943592","treatment",2026-01-04,0,7
"w_966863","control",2019-09-09,0,13
"w_768528","control",2018-10-29,0,13
"w_204206","control",2025-08-03,4,13
"w_330651","control",2024-08-19,4,5
"w_771269","treatment",2021-12-11,3,11
"w_482905","treatment",2024-11-30,0,9
"w_858967","treatment",2024-11-25,5,11
"w_128908","treatment",2018-08-07,0,11
"w_187085","treatment",2019-08-18,1,10
"w_310546","treatment",2020-06-27,11,9
"w_239429","treatment",2019-05-06,4,10
"w_624037","treatment",2025-12-20,0,11
"w_367922","treatment",2026-01-28,0,13
"w_310481","treatment",2025-11-26,5,19
"w_225063","control",2023-01-06,0,9
"w_861034","control",2024-06-07,0,12
"w_643214","treatment",2022-01-11,0,13
"w_560031","treatment",2022-03-21,13,15
"w_156020","treatment",2022-08-07,3,11
"w_438074","treatment",2026-01-11,0,8
"w_450103","treatment",2023-10-20,0,9
"w_620908","control",2020-02-08,0,11
"w_360113","control",2019-04-06,4,7
"w_319921","treatment",2021-09-13,0,8
"w_104211","control",2022-10-26,3,9
"w_967157","control",2024-03-08,0,15
"w_311500","treatment",2025-06-18,1,15
"w_116175","treatment",2024-06-13,0,9
"w_583286","control",2023-12-21,0,11
"w_172339","treatment",2019-09-27,0,10
"w_968705","control",2021-09-14,18,10
"w_967243","treatment",2024-04-18,14,7
"w_335347","treatment",2020-03-31,1,7
"w_799504","treatment",2020-06-24,0,10
"w_223832","control",2021-06-10,1,8
"w_384393","control",2024-01-17,0,8
"w_728804","control",2019-04-02,72,12
"w_887310","control",2020-04-28,4,10
"w_679564","treatment",2023-04-20,1,8
"w_762895","control",2019-07-20,0,12
"w_970815","control",2018-07-21,0,8
"w_490707","control",2018-08-20,0,9
"w_312012","treatment",2025-12-31,3,9
"w_594794","treatment",2025-12-05,9,11
"w_189512","treatment",2018-06-12,3,7
"w_849838","control",2023-10-08,0,6
"w_404465","control",2023-05-13,0,7
"w_454870","treatment",2021-12-26,0,9
"w_692081","treatment",2026-02-04,0,9
"w_523059","treatment",2020-04-10,0,8
"w_735074","treatment",2019-06-09,0,14
"w_667852","treatment",2022-08-30,0,7
"w_633752","treatment",2022-08-03,0,9
"w_310631","treatment",2018-11-10,0,11
"w_732531","control",2024-05-23,0,6
"w_979366","treatment",2025-06-22,2,8
"w_574182","control",2019-11-10,0,12
"w_416542","control",2020-05-19,2,5
"w_246651","treatment",2025-08-01,2,9
"w_126797","control",2023-08-04,16,7
"w_606202","control",2020-04-11,2,13
"w_424210","treatment",2019-06-30,1,10
"w_888777","treatment",2026-04-17,23,12
"w_944322","treatment",2021-01-29,0,6
"w_722326","treatment",2020-12-30,0,9
"w_605479","control",2022-12-16,5,6
"w_970793","control",2020-07-23,0,8
"w_605494","control",2025-07-24,2,5
"w_890520","treatment",2021-08-18,2,11
"w_717668","treatment",2020-08-04,0,8
"w_232059","control",2026-03-21,1,11
"w_977525","control",2023-09-08,0,9
"w_867325","treatment",2021-12-31,2,12
"w_288931","control",2024-07-09,60,13
"w_927892","treatment",2023-05-19,0,12
"w_711994","treatment",2022-05-29,0,5
"w_469545","treatment",2021-08-09,0,9
"w_420241","treatment",2018-07-22,13,11
"w_748377","treatment",2023-12-23,4,14
"w_210475","control",2021-01-14,0,8
"w_261930","control",2025-12-08,2,12
"w_532570","control",2025-01-16,4,10
"w_558767","control",2022-05-07,106,10
"w_381095","control",2022-11-16,0,4
"w_329541","control",2020-07-02,13,12
"w_215323","treatment",2023-06-01,0,10
"w_470247","control",2026-04-28,4,9
"w_310082","control",2019-10-01,0,14
"w_630662","treatment",2026-06-04,1,10
"w_362173","treatment",2025-08-11,1,11
"w_393897","control",2025-04-03,0,7
"w_221718","control",2022-05-23,2,11
"w_986052","treatment",2025-12-14,12,4
"w_846154","treatment",2021-01-05,0,10
"w_701116","control",2022-01-17,18,9
"w_861146","control",2020-06-05,3,8
"w_971268","control",2022-11-20,0,11
"w_529517","control",2020-02-09,4,15
"w_298182","treatment",2023-05-06,0,11
"w_150079","treatment",2020-02-20,5,8
"w_149773","control",2026-03-07,0,12
"w_122310","treatment",2019-09-19,4,17
"w_720850","control",2021-03-14,8,15
"w_712278","control",2026-07-19,3,7
"w_979522","control",2024-11-13,0,12
"w_619411","treatment",2026-04-25,9,3
"w_225189","control",2022-10-27,5,12
"w_524018","control",2025-12-04,20,8
"w_559811","control",2026-06-02,1,8
"w_756261","treatment",2026-03-06,0,10
"w_397242","control",2025-10-14,6,6
"w_763890","treatment",2021-02-21,1,7
"w_558097","treatment",2024-11-03,17,10
"w_334965","treatment",2026-05-22,0,14
"w_760353","treatment",2023-05-31,0,11
"w_663355","treatment",2021-08-07,0,11
"w_188472","treatment",2023-10-07,4,10
"w_557298","treatment",2023-09-11,0,13
"w_988683","treatment",2022-01-15,0,8
"w_736258","control",2021-12-08,0,12
"w_611279","control",2023-03-22,9,4
"w_788255","control",2021-02-12,40,14
"w_638842","control",2026-03-26,0,13
"w_789320","treatment",2019-12-10,0,9
"w_318907","treatment",2021-04-28,0,10
"w_550633","control",2023-05-16,0,15
"w_449492","control",2026-07-14,4,9
"w_837841","treatment",2020-10-06,7,17
"w_809715","control",2022-02-05,0,12
"w_222271","treatment",2025-04-24,4,9
"w_135744","control",2024-07-18,0,10
"w_230688","control",2022-04-21,0,9
"w_492704","treatment",2026-03-17,0,10
"w_585524","treatment",2019-05-26,0,8
"w_255015","treatment",2020-03-14,0,10
"w_498601","control",2023-09-24,0,9
"w_519068","control",2020-05-03,0,13
"w_505561","treatment",2019-03-13,0,11
"w_577977","control",2025-04-25,0,9
"w_464233","control",2020-07-30,14,14
"w_987878","control",2018-07-10,0,12
"w_762261","treatment",2022-06-19,2,7
"w_595715","treatment",2023-08-21,0,10
"w_976932","treatment",2025-07-20,0,15
"w_261943","treatment",2024-10-13,1,8
"w_978443","control",2024-12-19,0,12
"w_796092","control",2026-05-20,10,10
"w_375516","treatment",2020-05-07,0,11
"w_894928","control",2021-08-12,0,11
"w_617830","treatment",2023-09-30,85,11
"w_690276","treatment",2020-06-24,0,13
"w_703188","control",2019-07-14,7,9
"w_702337","control",2020-06-26,0,12
"w_842088","control",2019-03-20,0,15
"w_942932","treatment",2022-11-28,1,7
"w_282374","treatment",2024-03-07,4,9
"w_784493","treatment",2022-01-11,0,8
"w_418998","treatment",2026-02-17,15,14
"w_643713","treatment",2022-12-06,25,10
"w_832326","control",2021-12-13,0,10
"w_690712","treatment",2019-07-03,0,12
"w_399492","control",2023-08-04,0,9
"w_543352","control",2025-11-29,0,12
"w_669616","treatment",2025-04-09,0,14
"w_143295","treatment",2023-12-07,0,8
"w_953524","control",2019-09-16,0,6
"w_896919","treatment",2020-07-08,4,11
"w_548294","control",2021-01-28,3,6
"w_150697","treatment",2025-09-10,0,10
"w_423222","treatment",2019-02-21,0,7
"w_949792","treatment",2020-09-04,0,5
"w_575928","control",2020-11-10,4,10
"w_215598","control",2024-02-25,0,6
"w_373438","control",2024-04-19,0,12
"w_550721","treatment",2018-09-27,0,14
"w_639261","treatment",2025-10-08,2,8
"w_940054","control",2021-11-22,9,13
"w_258576","control",2021-11-22,0,10
"w_781554","control",2022-08-01,0,8
"w_516174","treatment",2019-10-09,0,5
"w_674688","control",2024-08-06,0,7
"w_178632","control",2019-02-19,0,7
"w_274361","control",2023-08-18,2,12
"w_888703","control",2024-10-15,0,7
"w_257612","treatment",2020-11-22,11,7
"w_223417","treatment",2022-06-06,0,11
"w_856428","treatment",2019-04-05,0,14
"w_519712","control",2021-05-07,0,11
"w_539712","treatment",2019-09-19,1,8
"w_520752","control",2025-12-28,0,5
"w_458891","control",2026-03-09,50,14
"w_798157","treatment",2020-08-27,15,7
"w_802247","control",2022-09-13,0,13
"w_901912","treatment",2026-05-15,0,10
"w_636226","control",2018-12-17,3,11
"w_275135","control",2022-06-26,3,12
"w_875655","control",2022-01-12,0,14
"w_438449","control",2018-09-20,2,7
"w_431115","control",2020-08-06,0,9
"w_686781","control",2025-03-25,0,12
"w_931218","control",2023-12-24,0,8
"w_926700","control",2024-01-05,0,13
"w_405155","control",2018-09-25,4,6
"w_499170","treatment",2024-10-19,18,7
"w_147058","treatment",2018-09-12,19,7
"w_158501","control",2023-10-19,1,11
"w_296810","treatment",2022-07-11,4,8
"w_944649","control",2023-01-26,2,12
"w_456284","treatment",2025-11-28,0,10
"w_132957","treatment",2023-07-04,0,11
"w_536503","treatment",2024-03-01,0,12
"w_936296","treatment",2022-04-15,0,6
"w_206304","treatment",2023-01-17,0,14
"w_532418","treatment",2021-03-26,0,9
"w_879439","treatment",2023-03-21,1,10
"w_428666","treatment",2025-03-03,0,10
"w_955340","treatment",2023-08-16,1,12
"w_320228","control",2021-04-20,0,9
"w_971703","treatment",2019-05-03,0,11
"w_569254","control",2026-05-09,0,14
"w_939393","control",2023-01-09,0,13
"w_491627","treatment",2025-07-01,3,12
"w_835193","treatment",2024-09-24,0,5
"w_121874","treatment",2020-03-07,0,8
"w_985592","control",2020-06-22,2,15
"w_655907","control",2019-02-27,0,10
"w_847227","treatment",2022-07-18,0,9
"w_620502","control",2019-02-22,4,10
"w_308990","treatment",2025-04-10,0,14
"w_747863","treatment",2024-01-11,2,8
"w_832680","control",2021-07-11,0,13
"w_467880","treatment",2023-05-10,0,17
"w_961039","control",2021-02-22,0,8
"w_310103","control",2025-11-16,0,8
"w_477478","treatment",2019-10-16,3,5
"w_849228","treatment",2023-03-21,0,9
"w_287671","treatment",2018-09-15,0,12
"w_460553","treatment",2019-01-10,2,12
"w_951290","treatment",2021-12-24,0,20
"w_756381","treatment",2021-04-01,0,11
"w_457723","control",2023-11-17,0,7
"w_465126","treatment",2021-07-17,0,6
"w_852907","treatment",2020-08-03,15,16
"w_751191","control",2021-12-02,0,9
"w_698930","control",2019-12-03,4,4
"w_281687","control",2018-06-12,0,13
"w_760610","control",2018-10-02,3,10
"w_975816","treatment",2024-11-28,0,12
"w_260305","control",2018-12-02,2,6
"w_342716","treatment",2020-06-11,0,6
"w_786522","treatment",2025-11-19,0,10
"w_937963","treatment",2021-12-25,0,14
"w_298805","control",2024-08-18,6,15
"w_109319","treatment",2022-07-20,0,13
"w_995700","control",2023-03-09,0,13
"w_915805","treatment",2025-08-16,2,15
"w_489790","control",2026-03-13,8,9
"w_514178","control",2021-01-07,0,10
"w_245640","control",2021-07-31,2,10
"w_222306","control",2025-09-26,4,15
"w_569335","treatment",2022-12-28,0,10
"w_280770","control",2022-03-03,11,18
"w_508189","treatment",2019-05-01,0,4
"w_942792","control",2022-01-19,3,4
"w_704986","control",2022-01-21,0,7
"w_298149","treatment",2019-12-10,0,8
"w_635061","treatment",2019-10-11,0,9
"w_391169","control",2022-05-22,0,7
"w_377716","control",2022-10-09,1,11
"w_401601","control",2018-10-01,15,13
"w_213132","control",2023-06-29,2,6
"w_417766","control",2022-02-23,27,11
"w_381933","treatment",2022-09-18,0,9
"w_449119","treatment",2019-08-30,12,13
"w_703022","treatment",2025-02-11,0,13
"w_914502","control",2019-12-04,3,9
"w_793132","control",2023-03-14,4,7
"w_625518","control",2019-07-19,0,9
"w_930619","treatment",2018-11-02,0,9
"w_515626","control",2020-03-09,0,5
"w_171470","control",2026-06-16,0,8
"w_651809","treatment",2024-06-21,0,13
"w_293682","treatment",2024-08-24,0,6
"w_294281","treatment",2020-07-03,17,6
"w_564727","control",2024-05-30,0,11
"w_990722","control",2020-07-18,2,10
"w_497321","control",2022-03-19,0,6
"w_304620","treatment",2026-06-06,4,17
"w_553937","control",2023-08-07,0,11
"w_939041","control",2019-01-31,0,20
"w_973154","control",2019-03-22,40,10
"w_345856","control",2019-05-02,0,11
"w_688195","control",2022-02-14,0,8
"w_573155","treatment",2025-12-13,0,9
"w_716875","treatment",2024-11-10,0,8
"w_302701","control",2026-05-05,14,11
"w_751517","control",2019-03-13,13,6
"w_990291","treatment",2021-11-09,0,15
"w_712807","control",2020-12-26,0,19
"w_529798","treatment",2020-05-17,0,8
"w_513683","treatment",2022-11-20,0,9
"w_280812","treatment",2019-12-07,17,14
"w_576785","control",2021-03-26,0,9
"w_855332","treatment",2020-12-31,0,7
"w_344640","treatment",2025-06-12,1,12
"w_620996","control",2022-03-07,0,5
"w_875509","treatment",2022-11-07,0,4
"w_650203","treatment",2021-01-23,0,14
"w_903257","treatment",2025-09-01,1,11
"w_409766","treatment",2022-01-17,0,8
"w_695960","control",2019-01-30,15,9
"w_617962","treatment",2023-08-13,0,9
"w_205932","treatment",2022-11-30,4,10
"w_105021","treatment",2018-06-24,0,9
"w_768410","treatment",2025-03-23,12,11
"w_710434","control",2024-08-19,0,7
"w_826210","treatment",2020-04-10,2,6
"w_537494","treatment",2019-12-10,1,13
"w_978224","treatment",2026-02-20,0,12
"w_311725","control",2021-10-11,19,4
"w_771030","treatment",2022-05-15,0,14
"w_722092","treatment",2023-04-17,0,17
"w_568725","treatment",2023-02-11,7,8
"w_917257","treatment",2025-11-01,2,6
"w_483557","control",2021-07-02,0,9
"w_949779","treatment",2025-02-03,0,12
"w_603549","control",2020-04-03,64,10
"w_472677","treatment",2023-07-29,0,10
"w_743379","control",2026-05-24,69,13
"w_851540","control",2026-05-15,1,5
"w_268532","control",2019-09-18,7,9
"w_369962","control",2020-06-17,0,13
"w_668684","treatment",2026-01-13,61,6
"w_523466","treatment",2026-02-18,0,6
"w_924450","control",2021-01-16,0,12
"w_976627","treatment",2023-02-03,0,9
"w_969259","control",2026-05-06,9,12
"w_805137","control",2021-10-27,0,13
"w_346655","treatment",2024-03-28,4,9
"w_414519","control",2022-02-19,0,9
"w_912363","control",2025-03-06,3,11
"w_340127","treatment",2021-10-15,0,8
"w_955461","control",2022-11-04,0,11
"w_246646","control",2018-06-23,0,12
"w_954173","treatment",2022-08-28,7,11
"w_784337","treatment",2025-04-06,0,9
"w_603908","control",2024-04-24,2,16
"w_113563","control",2020-04-01,0,5
"w_412979","treatment",2023-02-23,23,5
"w_432867","treatment",2020-04-02,54,9
"w_943041","control",2025-03-19,2,12
"w_961732","treatment",2018-10-04,0,9
"w_829867","treatment",2022-05-01,1,9
"w_386481","control",2019-04-30,19,16
"w_885478","treatment",2023-11-19,0,11
"w_374099","control",2021-04-07,1,11
"w_308524","control",2024-11-26,4,8
"w_566383","treatment",2024-09-18,1,9
"w_978601","treatment",2025-01-21,0,13
"w_259788","treatment",2026-01-19,2,13
"w_595430","treatment",2024-06-04,16,10
"w_961050","treatment",2020-11-21,36,16
"w_453296","control",2023-10-18,0,18
"w_702404","treatment",2021-07-18,0,13
"w_521803","control",2026-07-13,0,6
"w_710991","treatment",2023-08-25,4,9
"w_257384","treatment",2019-10-02,0,16
"w_913463","treatment",2019-07-02,2,6
"w_540450","control",2021-04-13,0,13
"w_940555","treatment",2018-07-06,0,8
"w_769794","treatment",2023-01-15,1,8
"w_143887","treatment",2022-08-26,0,9
"w_944894","treatment",2020-01-20,2,14
"w_691772","treatment",2018-11-30,0,8
"w_206872","control",2025-04-23,0,9
"w_455955","control",2025-03-03,13,8
"w_320027","treatment",2023-03-29,0,6
"w_375596","treatment",2021-12-25,0,12
"w_898210","control",2026-03-05,10,12
"w_609953","treatment",2024-04-29,0,12
"w_110171","control",2018-06-06,7,9
"w_868306","treatment",2018-06-06,0,8
"w_165378","control",2025-08-05,7,11
"w_217612","control",2018-08-07,0,8
"w_896847","control",2025-08-09,120,9
"w_248561","treatment",2023-08-14,0,7
"w_836220","treatment",2024-01-22,0,9
"w_385637","treatment",2026-06-06,0,7
"w_295190","treatment",2019-07-08,1,7
"w_464412","control",2025-04-11,12,12
"w_467145","control",2022-11-23,0,7
"w_107104","control",2021-05-19,0,10
"w_211296","treatment",2024-03-07,32,11
"w_709320","control",2019-04-19,10,10
"w_121978","treatment",2019-09-16,3,9
"w_906332","control",2019-03-10,0,11
"w_242170","treatment",2026-06-19,3,7
"w_921556","treatment",2023-02-02,0,16
"w_270769","control",2021-06-27,1,8
"w_342009","treatment",2018-08-03,0,9
"w_727001","control",2024-07-18,0,13
"w_270315","control",2022-07-26,0,12
"w_550874","treatment",2019-05-08,0,11
"w_485091","treatment",2023-07-25,0,7
"w_629147","control",2019-12-23,0,11
"w_510641","treatment",2021-09-14,0,8
"w_785402","control",2025-04-07,0,10
"w_691460","treatment",2021-07-30,1,7
"w_535982","treatment",2022-12-13,0,8
"w_679588","treatment",2020-04-30,0,13
"w_962931","control",2024-05-02,0,9
"w_989584","treatment",2023-08-09,5,8
"w_191416","treatment",2025-10-27,2,8
"w_267587","control",2025-07-13,9,9
"w_279573","treatment",2020-12-14,0,12
"w_159841","control",2024-08-20,0,7
"w_167895","treatment",2025-03-07,0,8
"w_974273","treatment",2022-09-25,0,13
"w_100982","treatment",2024-09-15,6,11
"w_613051","treatment",2021-08-19,0,8
"w_720205","control",2020-05-26,0,8
"w_343905","treatment",2023-07-27,0,6
"w_644327","control",2025-12-28,19,9
"w_942840","treatment",2019-05-10,0,6
"w_454988","treatment",2021-11-05,0,10
"w_967190","control",2019-06-05,0,8
"w_816540","control",2023-04-15,0,10
"w_664224","treatment",2022-09-09,1,5
"w_673973","treatment",2025-10-03,0,13
"w_878473","treatment",2021-04-21,0,6
"w_423103","control",2024-03-22,0,11
"w_480913","treatment",2021-11-11,0,10
"w_910368","control",2023-03-28,0,17
"w_163711","control",2019-06-16,0,6
"w_997794","control",2021-04-14,1,8
"w_709327","treatment",2021-11-14,38,8
"w_212160","control",2020-01-03,0,14
"w_225612","control",2024-04-09,3,12
"w_576186","control",2019-08-21,0,17
"w_718990","treatment",2025-03-16,13,9
"w_505757","control",2023-12-27,4,9
"w_848728","control",2025-02-23,44,11
"w_378863","control",2020-09-06,0,13
"w_880176","treatment",2022-06-20,0,13
"w_590775","treatment",2026-04-03,12,11
"w_505823","control",2020-06-30,0,10
"w_364941","treatment",2020-09-22,0,6
"w_527322","control",2018-07-17,1,7
"w_631590","control",2019-10-03,4,9
"w_473459","treatment",2019-10-10,51,13
"w_703735","control",2026-07-14,3,11
"w_407335","control",2021-12-29,11,8
"w_396141","treatment",2022-04-24,0,11
"w_548094","control",2023-02-06,0,12
"w_333656","treatment",2019-06-18,0,7
"w_563009","control",2026-05-01,6,16
"w_825784","control",2021-06-05,2,8
"w_256942","treatment",2025-05-24,0,6
"w_772493","control",2023-06-13,0,8
"w_682456","control",2022-11-07,7,9
"w_140578","treatment",2021-07-22,18,9
"w_890753","treatment",2023-02-21,0,15
"w_736902","treatment",2026-04-29,0,8
"w_919670","control",2020-10-08,2,11
"w_766787","treatment",2025-12-19,1,10
"w_759862","treatment",2025-07-20,3,8
"w_330870","control",2026-07-16,2,7
"w_983252","control",2022-06-11,2,9
"w_488651","control",2024-07-09,0,9
"w_339505","treatment",2020-03-28,0,9
"w_915982","treatment",2026-02-24,0,11
"w_835521","control",2018-11-03,0,12
"w_997118","treatment",2022-09-16,2,10
"w_127443","control",2024-09-06,5,11
"w_874746","control",2019-05-23,0,14
"w_538704","control",2023-06-03,68,12
"w_421358","control",2023-01-12,0,10
"w_949718","treatment",2024-12-03,0,10
"w_234015","treatment",2026-04-15,0,7
"w_981545","treatment",2023-09-02,0,10
"w_690381","treatment",2020-08-27,1,10
"w_929618","treatment",2023-03-14,2,8
"w_350230","control",2019-02-02,1,15
"w_778448","treatment",2018-12-24,0,8
"w_277594","control",2023-11-30,0,14
"w_412283","control",2025-07-08,3,10
"w_760305","control",2022-06-16,11,10
"w_974670","treatment",2021-01-15,5,10
"w_814941","treatment",2025-04-24,26,8
"w_248708","treatment",2023-11-11,0,15
"w_665102","control",2024-01-24,0,10
"w_812955","control",2026-04-25,0,12
"w_917220","control",2025-06-05,0,15
"w_693960","treatment",2019-05-19,0,7
"w_754120","control",2018-09-12,0,13
"w_771335","control",2022-05-13,4,10
"w_754753","treatment",2019-03-01,0,11
"w_724510","treatment",2022-04-22,0,16
"w_889899","treatment",2022-04-10,2,9
"w_481980","control",2024-12-21,0,12
"w_474071","control",2020-09-03,14,9
"w_211991","treatment",2021-05-06,0,14
"w_506401","treatment",2020-09-28,3,13
"w_898488","treatment",2025-06-28,0,9
"w_775890","control",2021-04-01,0,8
"w_637247","control",2018-09-16,0,8
"w_619993","control",2023-12-07,4,11
"w_197792","treatment",2024-07-07,0,7
"w_890506","control",2023-12-14,0,12
"w_551230","control",2025-10-06,0,8
"w_704205","control",2018-07-08,0,9
"w_959433","treatment",2024-02-11,0,13
"w_595358","control",2024-03-10,0,11
"w_155600","control",2025-05-08,4,15
"w_973339","treatment",2022-02-16,12,7
"w_844203","treatment",2019-01-06,0,13
"w_966510","treatment",2025-07-16,0,8
"w_528076","control",2021-07-24,1,9
"w_875309","control",2018-11-21,0,9
"w_739567","control",2023-09-18,1,5
"w_825926","treatment",2022-08-28,2,10
"w_798586","treatment",2022-11-26,2,11
"w_348383","treatment",2023-03-20,1,9
"w_492360","treatment",2019-12-20,0,7
"w_206793","control",2021-01-25,0,9
"w_248340","control",2018-07-18,4,8
"w_606169","treatment",2024-08-24,0,11
"w_810203","treatment",2023-10-24,4,10
"w_290327","control",2026-05-18,0,9
"w_409323","treatment",2019-10-01,0,11
"w_160771","treatment",2025-10-23,0,10
"w_143471","control",2023-09-26,73,8
"w_314206","control",2018-08-22,4,12
"w_358754","control",2025-06-14,11,10
"w_173390","treatment",2021-11-02,0,17
"w_714229","control",2024-01-25,4,9
"w_605429","treatment",2022-03-13,0,13
"w_415798","treatment",2020-02-28,0,7
"w_698934","treatment",2020-05-24,0,14
"w_621316","treatment",2025-06-22,105,9
"w_810267","control",2022-09-11,0,10
"w_523185","control",2024-07-28,3,6
"w_991495","treatment",2020-03-20,0,9
"w_533557","control",2018-07-08,0,11
"w_805795","control",2018-07-26,0,8
"w_561937","treatment",2018-10-22,40,8
"w_411895","control",2023-09-16,0,8
"w_406886","control",2019-11-03,0,12
"w_457079","control",2018-08-30,18,13
"w_939209","treatment",2023-09-23,0,13
"w_931895","control",2026-01-30,0,11
"w_250856","treatment",2025-09-14,4,8
"w_403253","control",2022-07-07,0,7
"w_904872","control",2020-01-01,12,19
"w_920031","treatment",2022-12-26,0,8
"w_830561","treatment",2020-01-07,0,9
"w_391400","treatment",2024-09-29,0,13
"w_420198","control",2021-09-06,1,8
"w_700933","control",2019-12-10,0,13
"w_320800","treatment",2022-10-29,0,6
"w_617863","treatment",2025-11-09,0,7
"w_993713","treatment",2024-08-14,3,11
"w_989647","treatment",2023-05-15,0,11
"w_898623","control",2022-04-13,0,7
"w_171376","treatment",2023-09-15,0,15
"w_630295","control",2024-12-27,13,10
"w_510555","treatment",2025-01-20,3,9
"w_274578","treatment",2021-12-05,12,9
"w_595762","control",2022-05-12,3,11
"w_384096","control",2020-05-02,0,7
"w_381558","treatment",2023-02-28,0,7
"w_533573","treatment",2019-06-15,16,13
"w_352274","control",2018-12-01,0,15
"w_405804","treatment",2021-07-13,0,7
"w_550725","treatment",2020-06-12,4,12
"w_234301","treatment",2021-06-20,19,8
"w_233731","treatment",2025-03-16,0,7
"w_381307","treatment",2019-10-12,13,6
"w_886884","treatment",2020-02-16,0,15
"w_990047","treatment",2022-08-05,0,16
"w_569032","treatment",2026-02-19,4,11
"w_960663","treatment",2023-03-10,0,12
"w_179028","control",2019-06-14,0,6
"w_319274","treatment",2018-07-16,9,15
"w_974188","treatment",2019-07-08,0,10
"w_174823","treatment",2019-09-18,3,8
"w_150728","control",2018-12-29,0,8
"w_322280","treatment",2018-06-26,13,9
"w_725924","control",2020-07-13,4,12
"w_760315","treatment",2023-06-04,0,10
"w_730655","control",2023-08-24,16,13
"w_809093","treatment",2020-06-14,0,6
"w_124929","treatment",2025-11-20,4,15
"w_232942","treatment",2020-02-15,3,8
"w_220247","treatment",2024-11-09,0,5
"w_213159","control",2024-03-17,0,9
"w_957496","treatment",2022-04-11,20,11
"w_636106","treatment",2023-09-25,0,10
"w_943345","control",2020-04-10,0,12
"w_633770","treatment",2019-03-10,0,14
"w_363199","treatment",2026-02-21,174,10
"w_412947","treatment",2023-05-11,0,10
"w_668396","treatment",2026-03-15,0,7
"w_859941","control",2023-07-03,17,13
"w_984556","treatment",2022-10-02,0,12
"w_724558","control",2022-11-13,0,7
"w_653507","treatment",2021-10-20,0,13
"w_926720","control",2021-09-07,0,12
"w_483406","control",2019-01-10,0,7
"w_215672","treatment",2022-07-28,9,7
"w_216470","treatment",2019-04-30,0,8
"w_329166","treatment",2018-07-22,0,13
"w_782761","control",2026-06-24,0,8
"w_359385","control",2022-01-14,0,12
"w_847558","control",2019-08-18,0,8
"w_809179","control",2021-02-28,0,10
"w_588952","treatment",2024-04-05,0,18
"w_450569","control",2026-03-04,0,13
"w_569253","treatment",2025-08-11,4,9
"w_454611","control",2022-10-01,3,8
"w_266859","control",2024-09-12,0,10
"w_878636","treatment",2022-12-09,0,5
"w_292121","control",2025-08-24,0,11
"w_713596","control",2026-02-25,3,9
"w_818622","control",2024-03-21,0,9
"w_812402","control",2023-05-31,4,12
"w_575302","control",2021-12-13,0,12
"w_859315","treatment",2022-01-29,0,17
"w_548108","treatment",2024-06-29,11,12
"w_915843","treatment",2020-03-13,0,17
"w_880392","treatment",2021-08-23,9,8
"w_532262","treatment",2021-03-06,0,10
"w_559686","treatment",2024-03-30,3,5
"w_858124","treatment",2021-03-21,0,7
"w_779657","control",2019-11-05,2,8
"w_847754","control",2019-02-01,0,9
"w_788231","control",2024-09-22,17,9
"w_979055","treatment",2023-06-22,8,9
"w_912051","control",2022-05-06,0,11
"w_476600","treatment",2021-01-24,0,11
"w_806210","treatment",2020-02-14,2,6
"w_836836","control",2024-06-26,22,8
"w_491605","treatment",2023-08-05,0,11
"w_755149","control",2024-10-21,14,8
"w_180658","treatment",2022-05-25,0,5
"w_634153","control",2018-10-17,0,11
"w_246887","treatment",2025-05-24,0,15
"w_451085","control",2025-07-31,0,13
"w_434384","treatment",2022-02-28,0,8
"w_276204","treatment",2020-02-05,2,9
"w_595834","control",2023-12-23,1,12
"w_579838","treatment",2021-11-16,0,11
"w_397646","control",2025-11-24,0,6
"w_248869","treatment",2018-09-22,11,11
"w_256382","control",2022-03-12,0,6
"w_143479","treatment",2023-10-23,8,7
"w_903826","treatment",2019-11-05,0,12
"w_520431","control",2024-01-31,0,11
"w_979306","control",2025-02-24,0,8
"w_874038","control",2024-02-25,0,6
"w_799517","treatment",2020-07-01,0,11
"w_174527","control",2019-11-12,3,13
"w_306908","control",2025-05-17,0,14
"w_576081","control",2019-08-07,2,11
"w_894831","control",2025-03-09,3,12
"w_747117","control",2020-10-15,1,6
"w_839897","control",2018-08-22,3,14
"w_312650","treatment",2018-10-12,0,10
"w_851503","treatment",2021-07-04,0,7
"w_608368","treatment",2019-01-25,0,12
"w_323789","control",2020-07-05,4,12
"w_589192","treatment",2023-03-09,2,16
"w_799601","treatment",2020-10-25,3,8
"w_577930","treatment",2025-10-25,0,14
"w_509449","treatment",2020-11-21,8,12
"w_237359","control",2024-01-03,10,7
"w_545110","control",2021-12-25,0,5
"w_763550","control",2020-01-05,4,11
"w_749530","control",2018-09-08,4,10
"w_908813","treatment",2026-02-06,2,8
"w_834652","treatment",2020-10-22,0,14
"w_184696","treatment",2021-01-30,0,13
"w_328535","treatment",2019-12-01,6,11
"w_704472","treatment",2020-08-16,2,12
"w_632459","treatment",2024-04-26,3,8
"w_801703","control",2025-06-03,2,9
"w_471265","control",2019-11-01,0,7
"w_387409","treatment",2026-07-13,0,10
"w_452440","control",2025-10-14,0,12
"w_490901","treatment",2019-11-23,0,7
"w_714748","control",2025-06-19,3,12
"w_295729","control",2021-07-26,0,11
"w_402970","treatment",2024-02-03,0,10
"w_270835","treatment",2019-02-08,0,16
"w_175535","control",2025-12-04,2,7
"w_694187","control",2025-10-05,0,11
"w_325409","control",2022-05-01,2,6
"w_122822","treatment",2021-10-10,0,8
"w_501757","control",2023-11-24,0,8
"w_423762","treatment",2024-12-04,14,11
"w_687954","control",2018-10-12,0,6
"w_413970","treatment",2025-01-08,0,12
"w_178614","treatment",2022-10-31,6,5
"w_632327","control",2018-12-22,0,10
"w_715848","treatment",2022-08-21,0,9
"w_975475","treatment",2019-09-23,1,13
"w_393665","control",2020-02-09,4,11
"w_640362","treatment",2020-05-09,0,11
"w_508004","control",2024-02-27,0,10
"w_298878","treatment",2021-09-27,0,11
"w_713764","control",2019-01-10,0,7
"w_431960","control",2025-06-18,27,8
"w_435786","control",2025-11-28,74,9
"w_549113","control",2020-12-07,0,15
"w_294491","treatment",2026-05-17,1,11
"w_892759","control",2025-11-01,0,18
"w_436188","control",2024-03-09,0,14
"w_281545","treatment",2022-08-16,1,11
"w_653775","treatment",2025-04-06,0,13
"w_192894","treatment",2024-05-08,0,10
"w_459596","treatment",2019-01-04,13,13
"w_935358","treatment",2022-04-30,19,12
"w_802427","treatment",2024-04-26,10,7
"w_305579","control",2021-10-26,0,10
"w_699094","treatment",2020-04-25,1,7
"w_103151","treatment",2025-04-27,23,10
"w_315421","treatment",2020-05-04,0,9
"w_712236","treatment",2019-11-16,0,7
"w_752367","treatment",2025-02-03,0,10
"w_223248","treatment",2023-06-14,4,7
"w_175298","control",2020-06-10,4,11
"w_809030","treatment",2025-05-30,0,8
"w_934539","control",2025-11-20,2,13
"w_721270","control",2021-07-17,0,14
"w_826622","treatment",2021-06-26,22,10
"w_492891","control",2025-06-16,0,9
"w_661169","treatment",2023-06-13,14,10
"w_897115","control",2024-04-15,0,9
"w_298397","control",2026-04-09,3,5
"w_492876","control",2021-01-19,31,9
"w_578081","control",2022-06-08,0,11
"w_258215","control",2021-11-29,18,7
"w_207982","control",2018-11-19,0,7
"w_218697","control",2019-02-19,17,10
"w_179207","control",2019-07-02,0,8
"w_142324","treatment",2022-04-24,0,9
"w_866950","treatment",2021-07-16,0,11
"w_430666","treatment",2019-02-03,0,11
"w_886168","control",2023-06-11,0,19
"w_832129","control",2020-04-20,0,6
"w_107656","control",2018-10-10,0,10
"w_521260","treatment",2019-06-26,4,11
"w_655030","control",2021-05-25,9,12
"w_377266","treatment",2021-11-09,2,9
"w_934433","treatment",2025-03-21,11,10
"w_121763","control",2024-12-27,3,13
"w_857355","treatment",2021-12-06,0,16
"w_815135","treatment",2018-10-21,0,14
"w_576008","treatment",2023-04-26,0,6
"w_421680","treatment",2019-05-05,4,15
"w_188386","treatment",2021-12-15,7,5
"w_189282","control",2021-03-30,0,10
"w_396752","control",2020-09-13,0,10
"w_308719","control",2023-02-02,1,15
"w_581785","treatment",2020-01-28,0,8
"w_333566","treatment",2019-08-24,0,9
"w_792376","control",2019-10-11,0,16
"w_320764","control",2021-06-20,0,15
"w_275066","treatment",2020-08-13,7,4
"w_426455","treatment",2024-01-26,0,9
"w_791861","treatment",2024-05-10,2,9
"w_123577","control",2024-12-26,3,13
"w_836649","control",2024-11-12,0,11
"w_765597","control",2022-10-18,10,12
"w_899699","control",2019-11-04,1,10
"w_362914","control",2024-08-25,17,6
"w_658820","control",2020-03-15,0,9
"w_543573","treatment",2019-09-17,6,9
"w_596511","treatment",2020-04-20,0,8
"w_102863","control",2025-07-26,0,12
"w_685538","control",2019-12-03,34,11
"w_632483","control",2022-09-13,0,7
"w_278685","control",2021-12-07,10,9
"w_384277","treatment",2024-12-27,0,10
"w_158465","treatment",2019-03-09,3,8
"w_954144","treatment",2021-09-05,0,10
"w_875090","control",2019-02-13,0,8
"w_141306","control",2024-04-05,0,6
"w_335430","treatment",2019-04-28,5,10
"w_781448","treatment",2018-06-14,7,12
"w_667361","treatment",2021-03-03,0,10
"w_411900","treatment",2025-03-08,0,11
"w_533141","control",2025-10-08,0,7
"w_233766","treatment",2021-08-28,52,7
"w_288003","treatment",2020-07-07,4,6
"w_359657","control",2019-11-03,0,8
"w_147885","control",2021-04-06,14,11
"w_560977","control",2022-09-08,36,10
"w_743168","control",2019-01-01,0,17
"w_746024","control",2019-10-11,2,11
"w_633617","control",2025-04-24,1,12
"w_826498","treatment",2020-10-31,0,10
"w_504129","treatment",2020-11-01,0,12
"w_127553","treatment",2026-01-07,0,8
"w_424367","control",2022-10-16,17,9
"w_651957","treatment",2023-05-05,1,15
"w_347282","treatment",2021-05-01,0,13
"w_599179","control",2019-10-15,0,14
"w_557140","control",2021-03-29,0,7
"w_117568","treatment",2021-06-05,0,10
"w_865399","treatment",2022-02-20,0,9
"w_543673","treatment",2020-11-15,17,9
"w_569803","control",2026-01-01,0,7
"w_368598","control",2022-12-10,0,7
"w_739012","control",2024-08-02,0,12
"w_166966","control",2019-10-27,0,7
"w_808049","treatment",2022-07-29,4,8
"w_378323","control",2023-05-15,0,10
"w_805490","treatment",2025-03-01,0,13
"w_242505","treatment",2024-04-25,0,10
"w_829686","control",2019-07-05,0,10
"w_238596","treatment",2025-01-22,0,11
"w_129131","control",2026-03-25,0,10
"w_382862","treatment",2023-11-22,1,7
"w_469734","treatment",2025-10-06,7,11
"w_514129","control",2024-12-10,1,12
"w_730074","control",2021-06-16,0,6
"w_647419","control",2019-06-11,18,6
"w_155890","control",2020-04-02,1,14
"w_387743","control",2025-06-01,0,8
"w_535673","control",2019-12-21,1,7
"w_929037","control",2020-08-24,2,15
"w_985731","control",2020-01-19,0,17
"w_511741","control",2026-01-31,1,17
"w_904336","treatment",2019-01-01,0,12
"w_147369","control",2021-09-24,0,12
"w_148920","treatment",2026-05-09,0,7
"w_254607","control",2018-11-02,0,11
"w_749774","treatment",2025-02-08,0,14
"w_144899","control",2024-10-26,0,9
"w_892910","control",2020-12-30,3,3
"w_769203","control",2021-05-23,3,14
"w_547098","control",2020-08-06,0,15
"w_427870","control",2018-11-05,0,10
"w_429357","treatment",2024-07-28,0,8
"w_226893","treatment",2026-06-14,0,7
"w_309473","control",2019-06-08,13,9
"w_790248","control",2024-09-08,10,9
"w_615545","treatment",2019-09-16,2,12
"w_949834","treatment",2021-12-13,16,9
"w_443899","control",2020-12-30,1,10
"w_837180","treatment",2026-01-15,2,11
"w_637444","control",2026-02-16,33,8
"w_816972","treatment",2022-01-26,0,7
"w_460359","control",2018-08-08,12,12
"w_423788","treatment",2020-01-18,1,9
"w_615979","control",2025-09-17,19,12
"w_689777","treatment",2026-04-02,19,15
"w_962812","control",2021-09-13,36,8
"w_823258","control",2019-08-12,4,9
"w_418673","control",2020-04-08,3,6
"w_149340","treatment",2026-04-12,0,15
"w_727347","control",2018-11-24,3,12
"w_538965","treatment",2020-08-14,0,7
"w_404471","treatment",2020-04-29,0,12
"w_794132","treatment",2026-01-27,0,9
"w_551757","treatment",2024-06-11,0,12
"w_506298","control",2020-10-08,13,7
"w_560695","control",2019-12-08,4,16
"w_995794","treatment",2019-11-29,3,10
"w_669533","treatment",2020-02-02,3,8
"w_910846","treatment",2025-08-14,0,10
"w_793380","control",2019-04-12,0,10
"w_584986","treatment",2021-02-16,1,12
"w_570986","control",2026-02-06,12,12
"w_429685","control",2024-09-16,0,9
"w_936913","treatment",2025-12-05,3,9
"w_903057","control",2022-06-23,0,14
"w_537660","control",2021-09-18,2,14
"w_291294","control",2018-10-07,0,16
"w_226802","control",2026-03-19,0,6
"w_782455","treatment",2024-01-03,3,7
"w_599507","control",2022-04-03,0,10
"w_280410","control",2020-08-04,0,6
"w_471478","treatment",2022-10-25,4,16
"w_316760","control",2025-11-01,0,8
"w_783336","treatment",2021-03-17,8,9
"w_524688","treatment",2020-03-11,0,4
"w_434508","treatment",2019-03-01,0,9
"w_248342","control",2022-02-01,1,13
"w_114933","treatment",2020-12-24,0,11
"w_298716","control",2022-04-13,4,12
"w_544702","control",2023-09-12,0,14
"w_802191","control",2020-05-08,1,7
"w_298501","treatment",2026-04-24,0,19
"w_228219","treatment",2021-07-07,0,9
"w_659646","treatment",2021-06-30,0,11
"w_989945","treatment",2021-12-31,0,10
"w_558088","treatment",2021-01-26,0,10
"w_642277","treatment",2024-10-24,4,13
"w_931540","treatment",2025-10-02,2,5
"w_426283","treatment",2024-10-12,0,7
"w_565529","treatment",2026-02-09,1,10
"w_356607","control",2025-05-25,0,7
"w_800306","treatment",2021-04-15,15,12
"w_461812","control",2018-08-10,1,11
"w_636110","control",2024-03-14,0,11
"w_808780","treatment",2024-12-23,1,10
"w_557692","control",2025-08-10,45,11
"w_254820","treatment",2019-11-19,104,8
"w_280965","control",2026-03-16,0,12
"w_110290","treatment",2023-05-11,0,9
"w_716841","control",2023-06-04,18,5
"w_716429","control",2025-04-27,0,11
"w_921521","control",2025-02-18,3,8
"w_582185","treatment",2026-05-07,0,5
"w_707287","control",2026-02-01,0,13
"w_406449","control",2026-02-08,0,14
"w_672622","control",2020-12-24,17,11
"w_746229","control",2021-12-21,0,12
"w_884842","control",2021-01-27,0,10
"w_100998","treatment",2025-02-27,4,12
"w_369509","control",2021-09-05,0,14
"w_159362","treatment",2022-01-04,0,7
"w_609536","control",2025-11-30,1,10
"w_143378","control",2019-02-06,18,11
"w_657736","treatment",2023-11-06,16,9
"w_369497","control",2023-11-04,0,10
"w_372640","treatment",2022-11-24,0,7
"w_947855","treatment",2018-08-18,0,15
"w_790870","treatment",2019-09-22,0,10
"w_373348","treatment",2025-01-11,4,12
"w_567989","control",2021-06-05,6,9
"w_462653","control",2024-07-29,23,7
"w_534986","treatment",2019-08-08,17,10
"w_707499","control",2020-05-17,2,14
"w_498179","treatment",2018-12-03,0,15
"w_680229","treatment",2021-12-23,0,8
"w_468164","treatment",2021-02-09,0,8
"w_621104","control",2025-03-09,0,11
"w_513238","treatment",2019-02-14,0,12
"w_664217","treatment",2026-03-29,0,5
"w_954751","control",2019-04-24,0,12
"w_491313","treatment",2019-03-27,0,9
"w_151043","treatment",2019-06-01,0,10
"w_135775","treatment",2021-03-20,0,10
"w_849590","treatment",2020-04-20,0,14
"w_655634","treatment",2023-04-05,0,9
"w_321353","control",2018-10-04,0,10
"w_690850","treatment",2025-08-08,3,9
"w_500681","treatment",2025-04-14,3,8
"w_339936","treatment",2019-12-31,0,9
"w_626407","treatment",2022-03-11,0,9
"w_672201","treatment",2023-08-05,0,14
"w_242862","treatment",2018-06-14,2,10
"w_644403","control",2019-06-07,0,13
"w_837208","control",2025-12-29,15,9
"w_212443","treatment",2024-07-29,0,16
"w_239831","treatment",2025-03-03,0,14
"w_600343","control",2022-02-15,0,8
"w_100450","treatment",2018-06-24,3,8
"w_509537","control",2020-07-22,2,6
"w_277959","control",2025-01-17,0,11
"w_561186","control",2023-12-11,11,11
"w_329150","control",2022-06-13,12,10
"w_283017","treatment",2021-11-23,0,13
"w_754749","treatment",2022-01-19,0,10
"w_397530","control",2018-12-07,2,14
"w_177204","treatment",2019-01-09,5,11
"w_259182","control",2022-12-05,0,13
"w_824920","treatment",2024-02-04,0,8
"w_960158","control",2019-02-07,0,9
"w_895904","control",2022-01-24,0,11
"w_472133","treatment",2018-11-02,1,9
"w_734718","control",2018-11-15,0,16
"w_419347","control",2019-08-22,0,12
"w_295110","control",2024-07-01,14,13
"w_734521","control",2023-01-25,10,8
"w_151932","treatment",2019-02-01,1,13
"w_276143","control",2026-07-10,0,9
"w_428877","treatment",2021-05-13,0,6
"w_864677","treatment",2023-06-18,4,11
"w_341217","control",2019-01-13,0,11
"w_629237","treatment",2025-04-20,4,6
"w_700104","control",2020-04-29,0,7
"w_792972","treatment",2019-12-16,9,13
"w_503561","control",2025-09-04,0,13
"w_297483","control",2021-07-17,0,14
"w_263583","control",2022-02-15,0,8
"w_392377","treatment",2021-06-16,4,12
"w_820653","control",2025-03-27,4,13
"w_828110","treatment",2024-12-30,2,10
"w_636897","treatment",2018-11-11,3,7
"w_280149","control",2018-09-03,3,11
"w_406999","control",2018-12-29,1,7
"w_915685","control",2023-08-18,18,9
"w_905359","treatment",2021-11-29,0,11
"w_175066","control",2022-07-13,17,16
"w_985572","treatment",2021-06-28,0,9
"w_910204","control",2025-12-19,0,9
"w_494096","treatment",2024-08-10,3,11
"w_438100","treatment",2019-08-17,0,13
"w_495110","control",2023-10-25,0,10
"w_711743","control",2020-05-20,0,13
"w_496979","treatment",2022-04-09,14,18
"w_309876","control",2026-01-10,0,8
"w_856118","treatment",2021-01-21,0,13
"w_799304","treatment",2018-10-17,13,5
"w_179212","treatment",2020-02-24,22,10
"w_123512","control",2021-03-01,0,4
"w_960727","control",2020-08-02,3,11
"w_760544","treatment",2022-12-10,0,11
"w_447168","treatment",2025-09-23,0,11
"w_204150","control",2022-10-14,0,6
"w_518927","control",2020-03-19,4,14
"w_405846","treatment",2023-09-03,0,12
"w_810588","treatment",2025-08-29,2,16
"w_925374","treatment",2021-08-31,10,8
"w_782139","treatment",2020-02-28,0,8
"w_898604","treatment",2025-03-10,3,14
"w_572919","treatment",2020-08-21,3,11
"w_463111","control",2024-08-08,14,12
"w_110304","control",2024-01-13,0,12
"w_460900","control",2021-09-09,8,14
"w_212745","control",2026-05-02,1,8
"w_307736","treatment",2018-10-25,3,15
"w_467120","treatment",2021-05-03,0,10
"w_331295","control",2025-01-06,35,8
"w_989664","treatment",2020-08-23,0,11
"w_243578","control",2020-07-23,4,13
"w_395727","control",2021-12-01,5,9
"w_370596","treatment",2021-09-04,0,7
"w_615957","treatment",2019-02-26,0,10
"w_168657","control",2021-06-21,5,6
"w_726150","control",2021-02-18,0,8
"w_323472","treatment",2019-07-09,0,8
"w_670579","treatment",2024-07-17,0,8
"w_352984","treatment",2024-06-09,2,8
"w_522091","treatment",2023-05-14,0,10
"w_223886","control",2025-08-15,4,12
"w_910696","treatment",2025-12-03,0,12
"w_350418","control",2025-04-22,19,14
"w_210478","treatment",2025-08-22,3,7
"w_717096","treatment",2021-02-28,1,13
"w_622556","control",2019-01-01,2,10
"w_188619","control",2024-10-14,0,15
"w_180168","control",2022-10-28,0,8
"w_835079","treatment",2018-10-16,0,10
"w_280487","treatment",2023-04-10,0,8
"w_328635","control",2018-10-09,0,8
"w_244403","control",2021-05-19,0,9
"w_610530","treatment",2019-05-18,0,10
"w_179553","control",2022-01-31,4,6
"w_640071","control",2020-10-27,3,13
"w_914120","control",2023-03-16,0,7
"w_828343","treatment",2023-12-28,0,15
"w_295428","treatment",2023-09-13,0,10
"w_871967","treatment",2023-06-05,0,10
"w_859738","control",2026-02-18,2,9
"w_720142","treatment",2020-03-28,24,8
"w_444646","treatment",2018-07-07,0,6
"w_802984","treatment",2024-04-12,0,11
"w_311489","control",2019-07-30,36,5
"w_408942","control",2020-10-26,0,7
"w_365408","control",2019-01-12,0,13
"w_638308","treatment",2024-11-04,0,9
"w_969909","treatment",2019-09-27,2,16
"w_233535","control",2025-06-23,12,7
"w_750318","control",2020-04-15,0,8
"w_124348","control",2021-07-20,4,10
"w_504978","treatment",2022-08-11,1,8
"w_674460","control",2022-05-09,6,9
"w_894605","control",2023-10-07,22,8
"w_486354","treatment",2021-07-28,3,13
"w_357834","control",2025-07-23,1,12
"w_201594","control",2019-06-19,3,5
"w_686046","control",2026-01-25,7,10
"w_999289","treatment",2021-01-01,0,15
"w_960228","control",2023-04-21,4,15
"w_368801","control",2020-03-06,2,12
"w_361733","treatment",2019-01-05,0,7
"w_697828","treatment",2024-01-14,0,14
"w_543268","control",2024-05-18,0,15
"w_269574","treatment",2026-05-26,0,12
"w_610993","treatment",2021-01-25,7,5
"w_634445","treatment",2022-10-16,0,10
"w_484199","treatment",2019-02-25,6,6
"w_924439","control",2023-04-15,0,14
"w_976091","control",2023-08-19,0,15
"w_355867","control",2024-05-30,3,13
"w_473563","control",2024-10-28,0,8
"w_160584","control",2022-04-19,6,10
"w_412578","control",2021-02-03,0,13
"w_230713","control",2025-11-28,1,5
"w_994744","treatment",2020-09-19,0,10
"w_625901","control",2021-10-19,2,12
"w_992568","control",2024-08-13,0,10
"w_670812","control",2021-07-28,0,12
"w_692237","control",2025-10-13,3,12
"w_883512","treatment",2025-10-01,0,14
"w_905624","control",2023-04-25,0,11
"w_689284","treatment",2026-02-02,0,9
"w_168684","treatment",2021-12-03,0,8
"w_475000","control",2025-04-22,4,10
"w_976131","control",2022-11-12,0,14
"w_110410","treatment",2024-04-04,9,19
"w_913767","treatment",2022-10-05,13,8
"w_552694","control",2019-04-26,0,9
"w_104178","treatment",2020-05-09,2,10
"w_786675","treatment",2020-07-15,9,17
"w_109084","control",2019-11-25,0,15
"w_781158","treatment",2025-03-29,13,5
"w_481334","control",2024-05-10,0,10
"w_699601","treatment",2023-04-14,0,11
"w_774670","control",2024-09-27,15,12
"w_119314","treatment",2020-01-27,2,10
"w_498154","control",2022-11-26,0,8
"w_586942","control",2023-06-21,3,5
"w_942569","treatment",2019-10-18,0,10
"w_605818","treatment",2019-09-21,0,7
"w_743982","control",2020-01-12,0,10
"w_823288","treatment",2023-07-23,8,8
"w_977446","treatment",2023-08-26,0,6
"w_262997","treatment",2019-12-04,4,8
"w_103687","control",2022-09-01,23,11
"w_231803","treatment",2022-05-29,7,13
"w_810984","treatment",2025-01-16,0,7
"w_424217","control",2022-12-02,0,9
"w_303811","control",2021-01-28,22,9
"w_281152","control",2023-09-04,0,9
"w_500430","control",2023-01-11,0,12
"w_540777","treatment",2025-06-28,0,9
"w_539686","treatment",2020-03-01,0,13
"w_264387","control",2018-09-28,0,9
"w_185748","control",2020-09-18,0,18
"w_320483","treatment",2022-10-10,0,9
"w_157576","control",2022-02-07,0,11
"w_592902","control",2022-03-22,3,9
"w_358804","treatment",2019-05-09,0,7
"w_867334","control",2023-04-08,19,8
"w_366312","control",2019-01-10,0,8
"w_258997","treatment",2021-08-26,0,15
"w_845452","control",2019-04-07,3,9
"w_978271","control",2020-10-04,14,10
"w_650279","treatment",2019-04-01,0,8
"w_193606","treatment",2018-11-02,0,11
"w_903879","control",2022-02-25,27,12
"w_136562","control",2026-01-10,4,9
"w_369486","control",2019-07-10,0,9
"w_895659","treatment",2019-01-17,15,7
"w_285082","treatment",2024-06-16,0,8
"w_138638","treatment",2021-09-05,0,10
"w_710067","treatment",2025-04-26,0,7
"w_304125","control",2025-04-18,0,12
"w_215932","control",2025-11-11,0,11
"w_479639","treatment",2019-04-02,0,9
"w_732099","control",2025-06-13,0,11
"w_334182","control",2021-01-10,0,14
"w_463722","control",2018-11-29,4,17
"w_831820","treatment",2019-05-05,43,8
"w_916877","control",2021-08-09,0,9
"w_648980","treatment",2020-07-27,1,10
"w_745400","control",2025-10-06,14,12
"w_598527","control",2026-04-14,16,3
"w_549934","control",2025-01-27,2,8
"w_484583","control",2019-06-18,0,10
"w_470764","treatment",2023-08-13,1,10
"w_721040","treatment",2021-02-14,0,8
"w_282311","control",2025-05-28,89,10
"w_878361","treatment",2018-10-22,0,12
"w_770463","treatment",2025-08-01,0,16
"w_749367","treatment",2020-05-22,3,8
"w_136103","treatment",2023-12-20,0,12
"w_750864","treatment",2019-12-08,0,10
"w_593211","treatment",2020-11-07,0,6
"w_286141","treatment",2026-06-02,19,9
"w_411970","treatment",2020-02-08,0,17
"w_436849","treatment",2019-02-27,2,12
"w_780377","treatment",2025-03-22,1,6
"w_431779","treatment",2022-07-31,1,11
"w_685554","control",2022-05-01,3,8
"w_825488","treatment",2023-10-10,0,8
"w_569006","control",2018-11-10,10,12
"w_550361","control",2021-08-27,32,7
"w_910753","treatment",2025-07-27,2,12
"w_768294","control",2025-10-19,1,10
"w_252542","control",2019-11-09,0,8
"w_994021","treatment",2020-07-10,0,6
"w_129808","control",2024-08-14,0,11
"w_677175","control",2024-05-28,0,13
"w_258584","treatment",2019-02-09,1,9
"w_530902","treatment",2024-02-11,0,10
"w_848988","treatment",2023-11-27,0,7
"w_353165","treatment",2022-11-18,0,13
"w_269560","treatment",2024-02-26,0,12
"w_931802","treatment",2019-09-12,0,7
"w_552755","treatment",2019-10-10,43,7
"w_891763","control",2021-06-05,4,11
"w_225187","treatment",2025-12-09,0,11
"w_259233","treatment",2024-01-04,0,7
"w_185693","treatment",2018-11-05,0,10
"w_772421","control",2024-12-18,3,8
"w_183817","treatment",2020-01-08,1,12
"w_350654","treatment",2020-05-18,0,10
"w_418913","treatment",2019-01-05,0,12
"w_809676","control",2021-07-18,4,9
"w_181344","treatment",2022-06-18,0,7
"w_981272","treatment",2024-01-25,1,12
"w_992917","treatment",2024-03-29,0,7
"w_771432","treatment",2022-07-25,0,5
"w_191427","treatment",2021-06-29,2,7
"w_131289","control",2019-09-04,0,11
"w_559390","treatment",2022-03-11,0,9
"w_978479","control",2025-02-13,0,9
"w_367455","control",2023-04-26,0,9
"w_806890","control",2025-03-29,0,18
"w_505917","control",2021-10-04,0,12
"w_216912","treatment",2025-07-24,13,14
"w_547083","treatment",2020-12-01,4,11
"w_616712","treatment",2018-07-01,0,6
"w_138281","treatment",2023-02-02,109,8
"w_296502","control",2023-09-29,0,7
"w_155719","treatment",2023-01-24,18,10
"w_107308","treatment",2018-07-19,0,9
"w_775798","treatment",2025-01-14,0,5
"w_824386","control",2024-09-05,10,13
"w_761388","control",2026-04-30,0,15
"w_524466","treatment",2019-05-06,0,7
"w_270046","treatment",2021-06-20,2,13
"w_295080","control",2025-06-17,3,11
"w_744234","treatment",2020-05-28,0,8
"w_604523","treatment",2019-01-30,0,9
"w_276209","treatment",2022-05-02,12,12
"w_485388","treatment",2023-03-20,16,18
"w_504701","control",2018-08-31,14,10
"w_341173","treatment",2023-10-09,3,14
"w_917996","treatment",2025-09-01,0,6
"w_509198","treatment",2021-04-14,0,14
"w_889123","control",2020-07-21,2,10
"w_806036","control",2019-11-15,2,11
"w_240293","control",2020-01-18,0,14
"w_413886","treatment",2026-02-11,18,12
"w_491500","treatment",2020-03-22,0,8
"w_423243","treatment",2021-08-08,4,9
"w_156226","treatment",2024-03-27,0,7
"w_591894","treatment",2020-04-25,0,10
"w_685122","control",2021-10-22,0,9
"w_761821","treatment",2023-07-13,0,9
"w_173427","control",2025-11-26,0,9
"w_665625","control",2019-07-23,4,10
"w_209379","treatment",2022-12-17,0,12
"w_681843","control",2020-11-22,0,11
"w_236931","control",2024-08-27,18,9
"w_890962","treatment",2022-03-17,0,5
"w_128982","treatment",2025-04-07,0,16
"w_542810","control",2019-02-27,2,9
"w_538556","control",2024-06-16,2,14
"w_553559","control",2024-10-15,0,11
"w_838885","treatment",2019-12-15,3,9
"w_886249","treatment",2025-07-02,7,11
"w_728736","treatment",2022-08-21,14,10
"w_524346","treatment",2022-02-05,1,6
"w_159382","treatment",2020-05-03,0,10
"w_516560","control",2026-04-19,4,14
"w_837485","control",2021-11-02,3,7
"w_437848","treatment",2022-12-20,0,14
"w_577586","control",2021-02-09,9,13
"w_154182","treatment",2018-06-25,4,11
"w_478657","treatment",2024-12-07,0,10
"w_799035","treatment",2026-02-13,1,12
"w_664393","treatment",2019-08-31,17,12
"w_126009","treatment",2024-03-11,4,7
"w_793969","control",2023-05-21,0,7
"w_905137","treatment",2025-11-25,0,10
"w_358616","treatment",2020-05-01,0,10
"w_624304","control",2025-08-18,0,11
"w_966838","control",2023-08-15,2,6
"w_694290","control",2023-07-29,4,12
"w_825664","control",2020-05-25,14,11
"w_761141","control",2022-03-23,0,17
"w_964552","treatment",2023-09-06,0,8
"w_947747","treatment",2021-12-15,0,8
"w_577688","treatment",2024-10-23,0,11
"w_308764","control",2018-10-28,18,10
"w_714826","control",2022-11-26,0,12
"w_133780","control",2020-03-02,6,10
"w_820728","treatment",2026-06-03,0,9
"w_294567","treatment",2024-03-02,0,9
"w_490207","control",2024-11-12,0,16
"w_561575","treatment",2021-07-09,6,8
"w_617482","control",2021-07-27,0,5
"w_564054","treatment",2020-09-19,13,7
"w_909665","control",2019-07-27,97,16
"w_238988","control",2023-02-23,10,12
"w_650788","treatment",2020-03-05,26,10
"w_295801","treatment",2023-03-01,27,6
"w_373247","treatment",2019-04-18,18,8
"w_280553","control",2026-04-03,3,7
"w_431493","control",2020-02-15,46,8
"w_957967","treatment",2024-08-03,0,13
"w_756298","control",2022-09-04,4,11
"w_856157","control",2024-07-31,0,9
"w_213365","treatment",2023-07-03,7,5
"w_181656","treatment",2022-03-12,17,11
"w_495120","treatment",2024-09-16,0,10
"w_500357","treatment",2020-04-22,1,8
"w_507688","control",2026-04-18,0,8
"w_999884","control",2023-03-12,0,12
"w_931432","treatment",2024-03-27,0,7
"w_245711","control",2024-11-18,0,14
"w_564003","control",2021-08-19,43,11
"w_543848","control",2018-08-15,0,12
"w_936136","control",2020-03-08,4,8
"w_307147","control",2025-05-05,0,17
"w_156454","treatment",2024-03-11,0,7
"w_125697","control",2023-07-27,0,15
"w_742499","treatment",2022-01-01,0,13
"w_195851","control",2025-10-29,0,10
"w_851256","treatment",2021-11-28,0,9
"w_715747","treatment",2026-05-14,0,9
"w_185792","treatment",2020-11-27,0,10
"w_413886","control",2026-02-11,18,12
"w_947628","control",2018-12-13,0,8
"w_788400","treatment",2019-09-09,2,14
"w_590332","treatment",2025-07-04,0,9
"w_623153","control",2025-10-19,0,15
"w_134433","treatment",2021-12-04,0,7
"w_778973","control",2024-04-06,3,10
"w_955197","treatment",2020-07-21,0,13
"w_483534","treatment",2018-10-18,15,12
"w_813199","control",2026-01-07,0,10
"w_473380","treatment",2023-08-19,0,14
"w_308401","control",2025-05-11,33,8
"w_975637","control",2021-01-06,2,19
"w_945433","treatment",2023-04-16,6,9
"w_172591","treatment",2021-06-08,0,9
"w_787835","control",2024-04-05,0,7
"w_427794","control",2019-07-03,6,9
"w_750572","treatment",2025-07-04,1,9
"w_850412","treatment",2019-12-24,7,11
"w_179608","treatment",2023-08-31,0,14
"w_706640","control",2026-04-21,0,8
"w_264122","treatment",2020-05-17,0,12
"w_713681","treatment",2019-12-23,0,10
"w_515319","control",2024-11-19,0,7
"w_582595","control",2021-02-01,0,13
"w_958333","treatment",2024-04-26,0,6
"w_843197","control",2025-03-18,3,13
"w_814488","treatment",2019-04-09,0,11
"w_667771","treatment",2023-03-26,0,6
"w_416769","control",2019-01-17,3,9
"w_831693","control",2020-07-14,0,10
"w_858154","treatment",2024-03-25,0,9
"w_294063","treatment",2023-10-21,3,15
"w_790205","control",2026-02-05,0,8
"w_925683","treatment",2021-02-28,7,11
"w_372258","control",2025-10-27,10,21
"w_867996","treatment",2020-08-14,0,12
"w_535828","control",2022-09-21,9,8
"w_786791","control",2023-01-14,6,12
"w_163553","control",2025-12-02,1,15
"w_536498","control",2019-04-07,1,6
"w_426894","control",2022-04-19,3,11
"w_106787","treatment",2023-04-16,2,6
"w_922706","treatment",2020-08-28,1,11
"w_206829","treatment",2025-06-16,0,7
"w_803250","control",2026-03-25,0,7
"w_548247","treatment",2022-06-18,23,10
"w_512507","control",2019-08-03,0,6
"w_447923","control",2020-03-01,2,9
"w_440421","control",2018-10-14,0,4
"w_718866","treatment",2024-01-05,0,14
"w_675173","control",2021-02-27,13,11
"w_824085","control",2023-05-29,38,8
"w_424411","treatment",2024-01-08,3,13
"w_281102","treatment",2025-10-26,4,5
"w_560209","control",2024-07-06,0,4
"w_783838","control",2023-02-20,6,9
"w_812106","treatment",2021-11-15,0,9
"w_502815","control",2019-04-06,0,9
"w_603560","control",2020-03-24,0,5
"w_659996","treatment",2026-03-25,10,9
"w_936221","treatment",2022-02-25,0,10
"w_611450","control",2025-01-30,4,12
"w_525082","control",2018-10-02,0,16
"w_456669","treatment",2020-02-05,20,7
"w_957307","treatment",2024-07-18,6,9
"w_765033","control",2018-10-19,0,14
"w_989772","treatment",2021-11-11,0,12
"w_108870","treatment",2021-05-25,49,13
"w_526168","treatment",2025-02-07,4,13
"w_867696","control",2022-09-09,0,12
"w_835147","control",2021-12-26,1,6
"w_453673","treatment",2024-05-12,0,11
"w_460629","treatment",2025-07-14,17,11
"w_599065","control",2020-10-24,0,13
"w_616869","treatment",2025-05-24,0,14
"w_363789","control",2026-02-13,1,14
"w_883589","treatment",2022-09-10,0,7
"w_644987","treatment",2022-12-08,0,11
"w_417434","treatment",2022-01-06,0,10
"w_843098","control",2024-01-24,0,11
"w_740353","control",2025-05-10,3,15
"w_619526","control",2019-03-27,1,7
"w_686026","control",2024-01-25,0,13
"w_787048","control",2020-11-11,0,11
"w_473650","treatment",2018-06-30,0,13
"w_273918","treatment",2021-05-31,0,8
"w_494079","control",2026-05-15,0,7
"w_863445","control",2021-03-25,1,11
"w_517474","treatment",2020-10-10,0,6
"w_265485","control",2020-07-18,3,10
"w_829588","control",2026-01-21,0,9
"w_302449","control",2019-09-09,18,7
"w_417551","treatment",2023-10-12,3,7
"w_582374","treatment",2018-12-14,1,10
"w_556663","treatment",2026-04-30,3,14
"w_489352","treatment",2022-03-10,0,6
"w_398326","treatment",2022-09-01,0,12
"w_858723","control",2026-05-29,19,10
"w_202394","treatment",2021-06-08,0,15
"w_510497","treatment",2020-11-03,1,10
"w_873793","control",2023-10-04,0,12
"w_773639","control",2019-06-10,0,12
"w_618861","treatment",2023-08-04,4,6
"w_691174","control",2019-05-18,0,10
"w_501163","control",2022-11-21,0,13
"w_437838","treatment",2019-10-17,3,8
"w_774732","control",2019-08-08,1,9
"w_683671","control",2023-05-30,75,11
"w_307987","treatment",2023-05-25,0,11
"w_218566","treatment",2021-11-14,2,13
"w_448802","control",2026-05-08,15,7
"w_484032","control",2023-09-11,0,10
"w_543366","treatment",2020-03-23,3,8
"w_343054","control",2020-11-07,13,11
"w_413112","control",2026-03-31,0,13
"w_718377","control",2024-08-15,15,4
"w_949219","control",2021-03-03,4,14
"w_578347","treatment",2024-09-10,0,9
"w_418392","treatment",2020-02-11,4,14
"w_278953","treatment",2022-12-10,0,9
"w_705884","treatment",2026-04-19,3,14
"w_471335","treatment",2021-06-01,0,13
"w_811601","control",2019-11-26,0,14
"w_273437","treatment",2023-10-07,19,10
"w_892492","control",2021-11-08,11,8
"w_582840","treatment",2026-03-11,19,8
"w_596434","control",2020-07-09,4,4
"w_871127","control",2019-09-19,0,8
"w_248150","treatment",2026-07-07,0,8
"w_301750","control",2021-08-23,0,9
"w_551896","control",2023-07-24,0,10
"w_961187","control",2025-10-22,4,12
"w_189869","control",2019-07-09,0,9
"w_251190","control",2022-01-23,3,5
"w_882873","treatment",2021-05-05,0,10
"w_278723","control",2021-11-20,4,10
"w_103958","treatment",2019-12-19,4,17
"w_590608","treatment",2020-04-16,3,7
"w_415553","treatment",2021-11-20,0,14
"w_143962","control",2022-02-26,1,7
"w_371155","control",2023-08-26,11,12
"w_877998","treatment",2019-07-07,4,9
"w_907485","control",2018-06-01,4,15
"w_493524","treatment",2025-08-02,13,10
"w_871938","treatment",2019-10-02,3,13
"w_287890","treatment",2020-07-22,3,11
"w_496306","control",2025-06-04,0,9
"w_407147","control",2023-09-30,0,8
"w_612150","treatment",2019-06-07,0,9
"w_364685","control",2021-07-13,0,6
"w_257883","control",2019-03-17,15,10
"w_409939","control",2019-05-29,10,11
"w_397077","control",2022-07-11,0,7
"w_306707","treatment",2019-01-04,0,8
"w_726347","control",2026-04-23,0,8
"w_227013","control",2026-07-13,0,7
"w_307240","treatment",2023-06-26,6,12
"w_169698","control",2022-01-12,14,5
"w_368838","treatment",2019-11-22,0,21
"w_999987","control",2021-08-11,0,9
"w_150963","treatment",2025-08-08,0,4
"w_250255","control",2025-12-17,0,15
"w_826902","control",2023-02-21,12,14
"w_756278","treatment",2025-11-14,11,10
"w_941937","treatment",2019-01-30,0,11
"w_339527","treatment",2026-04-23,0,8
"w_972782","control",2025-09-14,0,9
"w_458522","control",2020-07-12,0,11
"w_968468","control",2024-06-22,0,13
"w_101858","treatment",2023-07-11,1,6
"w_290911","control",2019-10-20,3,13
"w_540646","control",2020-09-17,19,12
"w_701059","control",2022-12-28,11,5
"w_438384","control",2021-12-10,0,12
"w_776126","treatment",2018-06-28,4,7
"w_104039","treatment",2024-02-05,0,7
"w_598717","control",2024-12-15,0,10
"w_418415","control",2020-12-01,0,8
"w_404335","treatment",2023-09-03,2,10
"w_852550","treatment",2022-06-02,0,15
"w_777462","treatment",2024-10-07,0,16
"w_763855","treatment",2025-02-03,7,9
"w_260856","treatment",2022-07-01,0,10
"w_652312","treatment",2023-08-06,4,12
"w_184257","control",2024-04-06,18,11
"w_637091","treatment",2023-07-27,0,12
"w_988810","control",2020-11-07,32,17
"w_302811","control",2026-03-10,12,14
"w_320668","control",2023-09-16,2,11
"w_436820","control",2024-12-05,0,8
"w_709439","treatment",2021-12-30,8,10
"w_364217","treatment",2022-05-16,10,5
"w_460317","treatment",2018-12-14,0,8
"w_420461","treatment",2024-02-04,15,5
"w_607228","control",2021-11-05,1,9
"w_934434","control",2021-05-28,4,10
"w_219048","treatment",2020-10-23,6,6
"w_542697","treatment",2019-11-23,76,8
"w_277818","treatment",2020-01-04,50,5
"w_149646","control",2025-03-31,4,12
"w_426017","treatment",2019-01-13,4,12
"w_608690","treatment",2022-03-29,16,12
"w_822929","treatment",2021-07-20,0,5
"w_126280","control",2020-02-11,0,8
"w_690110","control",2026-04-15,8,14
"w_334652","treatment",2025-03-02,0,11
"w_675524","control",2022-11-28,0,8
"w_905846","control",2018-12-15,29,15
"w_701536","control",2021-09-08,0,10
"w_583091","control",2022-07-13,0,11
"w_787741","control",2020-06-27,0,10
"w_491978","treatment",2024-04-29,0,11
"w_418878","treatment",2024-09-21,4,10
"w_795736","treatment",2022-12-08,4,9
"w_609604","control",2025-01-28,3,7
"w_426576","treatment",2026-06-23,2,9
"w_494244","treatment",2020-09-24,0,9
"w_812917","control",2023-03-24,2,17
"w_154601","control",2023-06-30,2,11
"w_547293","control",2025-02-20,3,13
"w_540155","control",2020-06-10,0,4
"w_986333","control",2026-05-09,0,9
"w_669373","treatment",2024-04-30,32,8
"w_492248","treatment",2022-05-17,0,10
"w_496313","treatment",2025-07-17,64,16
"w_755485","treatment",2022-02-25,0,8
"w_367603","control",2020-09-13,3,9
"w_358537","treatment",2025-05-07,0,9
"w_712685","treatment",2025-02-12,0,8
"w_180213","treatment",2018-11-25,0,6
"w_200213","control",2019-12-30,8,15
"w_264663","treatment",2021-06-24,0,10
"w_493171","treatment",2020-01-13,4,12
"w_313726","treatment",2021-05-30,1,11
"w_244635","control",2018-09-13,4,3
"w_786397","treatment",2019-11-14,5,5
"w_775290","control",2024-11-22,2,11
"w_259378","control",2019-09-26,0,7
"w_393829","control",2020-04-23,0,7
"w_469539","control",2023-12-11,0,12
"w_167932","treatment",2018-11-28,0,6
"w_140348","treatment",2025-06-10,0,6
"w_404487","treatment",2023-02-26,1,8
"w_418842","treatment",2021-08-22,40,4
"w_921614","treatment",2024-02-03,0,14
"w_887628","treatment",2020-09-09,0,14
"w_923023","treatment",2024-12-08,2,7
"w_817530","treatment",2023-01-26,17,13
"w_130045","control",2024-03-27,10,8
"w_247333","control",2022-04-25,0,6
"w_527325","control",2022-06-21,0,14
"w_438258","control",2020-07-05,2,12
"w_562807","treatment",2019-12-18,0,8
"w_228226","treatment",2023-07-17,0,8
"w_174947","control",2020-05-20,1,6
"w_493901","control",2026-04-16,0,12
"w_818981","control",2018-07-14,0,12
"w_794569","treatment",2021-04-02,1,8
"w_607009","treatment",2020-07-02,3,10
"w_816280","control",2023-04-26,0,4
"w_258744","control",2021-02-05,0,7
"w_271062","treatment",2026-04-24,17,4
"w_700792","treatment",2023-02-13,2,3
"w_251043","control",2022-04-08,0,10
"w_391436","control",2018-06-23,11,10
"w_580534","control",2019-02-25,87,12
"w_464757","control",2024-02-04,0,6
"w_200256","treatment",2024-07-14,0,15
"w_183490","control",2020-02-13,0,9
"w_490587","treatment",2026-04-09,4,11
"w_779805","control",2023-10-15,0,13
"w_546126","treatment",2020-11-16,16,11
"w_618028","treatment",2020-10-07,0,12
"w_454471","control",2025-07-03,0,6
"w_462405","treatment",2019-10-20,0,12
"w_605044","control",2022-06-18,0,8
"w_373120","control",2021-04-21,2,16
"w_419564","treatment",2020-04-26,0,12
"w_570377","treatment",2019-09-19,0,11
"w_142040","control",2022-08-01,4,7
"w_975623","control",2025-09-26,13,13
"w_991686","control",2019-07-31,26,11
"w_450469","control",2018-12-18,12,9
"w_966484","control",2024-08-08,2,10
"w_924104","control",2019-12-10,0,6
"w_255583","treatment",2026-02-08,0,10
"w_172743","control",2023-01-14,0,8
"w_380985","treatment",2021-10-24,3,6
"w_815887","treatment",2024-09-10,2,11
"w_444981","treatment",2025-05-24,0,4
"w_886495","treatment",2020-07-20,2,9
"w_241491","treatment",2022-11-11,18,14
"w_702773","control",2019-09-04,4,7
"w_698841","treatment",2021-11-11,0,13
"w_530524","control",2024-03-21,0,8
"w_764003","treatment",2018-08-24,1,11
"w_671952","control",2024-06-05,0,10
"w_499660","treatment",2020-02-10,0,5
"w_851412","control",2022-07-24,5,4
"w_456394","control",2021-02-23,3,13
"w_480674","control",2022-12-17,3,13
"w_485173","treatment",2024-10-10,0,10
"w_600385","control",2025-04-23,18,7
"w_195987","control",2019-04-20,0,9
"w_192496","treatment",2023-11-15,0,8
"w_465131","treatment",2023-02-16,0,10
"w_111887","treatment",2019-10-30,7,9
"w_523287","control",2022-02-04,0,9
"w_418727","control",2020-04-27,4,10
"w_587500","control",2022-06-12,19,10
"w_934923","treatment",2022-11-13,28,8
"w_404666","treatment",2023-09-08,0,10
"w_330032","treatment",2023-05-17,13,9
"w_649964","treatment",2019-11-17,0,10
"w_141535","treatment",2024-03-12,0,13
"w_252906","treatment",2020-07-07,4,8
"w_868078","treatment",2021-04-12,4,6
"w_213333","treatment",2023-05-15,0,14
"w_756566","treatment",2024-12-05,0,10
"w_469787","treatment",2021-02-16,4,7
"w_252141","control",2025-10-30,3,12
"w_661724","control",2019-06-27,0,11
"w_602289","treatment",2023-05-25,0,9
"w_290778","control",2023-01-12,0,8
"w_837643","treatment",2020-12-28,9,9
"w_774791","treatment",2018-08-20,0,6
"w_102860","control",2018-10-23,3,10
"w_918268","control",2022-09-28,0,15
"w_404595","control",2023-10-29,0,9
"w_726823","control",2019-06-10,0,13
"w_594805","treatment",2019-04-04,2,6
"w_478541","control",2026-06-07,0,12
"w_724487","treatment",2020-10-06,0,6
"w_433401","control",2023-05-23,0,5
"w_219530","treatment",2023-11-11,2,12
"w_900952","control",2023-03-04,0,5
"w_257149","treatment",2025-01-19,6,13
"w_920561","control",2020-10-18,0,16
"w_467949","control",2020-10-23,2,14
"w_826938","treatment",2019-10-15,4,11
"w_379050","control",2024-09-20,0,6
"w_303254","treatment",2023-05-17,0,14
"w_647401","control",2022-02-25,0,10
"w_451868","treatment",2024-01-01,0,7
"w_252012","control",2020-03-05,3,11
"w_770199","treatment",2024-12-18,0,4
"w_596014","treatment",2019-06-02,0,7
"w_168025","treatment",2024-05-21,0,7
"w_158985","control",2024-08-10,2,9
"w_672868","treatment",2020-08-27,0,13
"w_367864","control",2023-03-12,0,6
"w_794939","treatment",2021-03-11,0,14
"w_869132","control",2023-01-21,0,9
"w_508417","treatment",2024-03-16,0,11
"w_408235","control",2022-12-28,0,9
"w_933325","control",2024-11-20,0,12
"w_395753","control",2021-10-29,0,11
"w_824275","treatment",2019-12-31,7,11
"w_474970","control",2026-06-02,0,9
"w_923665","treatment",2025-03-08,0,8
"w_744594","control",2026-01-19,0,9
"w_562910","treatment",2018-10-04,2,11
"w_350307","treatment",2023-10-11,15,15
"w_214754","treatment",2019-08-31,8,14
"w_701522","control",2022-12-02,0,7
"w_183575","treatment",2026-04-21,2,11
"w_546649","control",2022-03-16,0,12
"w_520603","control",2025-08-26,4,11
"w_689625","control",2021-11-09,4,6
"w_972279","treatment",2024-10-18,2,14
"w_261486","treatment",2023-08-02,0,12
"w_430848","treatment",2019-07-06,0,9
"w_560803","control",2018-08-12,15,8
"w_631286","treatment",2021-04-17,0,12
"w_169922","control",2022-01-24,4,8
"w_983672","control",2021-02-05,0,7
"w_521354","treatment",2022-07-31,0,8
"w_504426","treatment",2025-12-31,133,9
"w_758488","treatment",2025-04-30,2,13
"w_388377","control",2019-04-30,0,6
"w_815765","treatment",2025-01-01,0,7
"w_375390","treatment",2018-08-05,0,13
"w_110672","treatment",2020-10-07,0,14
"w_873433","treatment",2023-03-09,0,10
"w_109690","control",2023-05-15,0,9
"w_336055","control",2023-08-29,3,12
"w_602147","treatment",2024-08-19,4,13
"w_209458","control",2020-06-10,11,7
"w_453790","control",2023-06-15,3,5
"w_414753","treatment",2026-05-17,4,14
"w_507564","control",2025-09-24,0,11
"w_314008","control",2026-02-15,1,12
"w_780529","treatment",2022-08-05,8,10
"w_663195","control",2024-01-10,0,9
"w_893852","control",2026-06-16,0,10
"w_347386","treatment",2024-07-10,24,13
"w_886140","treatment",2019-07-04,0,5
"w_986596","treatment",2018-07-28,0,9
"w_146349","treatment",2018-12-11,1,9
"w_120557","treatment",2024-09-23,3,13
"w_746468","treatment",2024-10-06,13,9
"w_240453","treatment",2024-08-11,3,5
"w_987514","treatment",2021-08-03,0,4
"w_677730","treatment",2021-09-19,0,11
"w_915267","control",2023-12-03,1,13
"w_981111","treatment",2018-11-28,4,10
"w_894631","treatment",2018-10-05,0,3
"w_654277","treatment",2026-02-22,0,11
"w_518269","treatment",2025-09-02,0,15
"w_352357","control",2019-04-14,4,5
"w_222779","treatment",2019-07-27,0,8
"w_559238","control",2021-01-19,0,9
"w_773544","control",2024-05-19,10,10
"w_171058","control",2025-09-22,0,12
"w_972800","treatment",2026-05-20,0,10
"w_629264","treatment",2021-04-07,0,11
"w_303842","treatment",2026-02-07,16,11
"w_227681","treatment",2021-06-25,0,5
"w_684831","treatment",2025-12-28,0,8
"w_598947","treatment",2019-07-24,0,9
"w_537158","control",2026-03-14,2,10
"w_524178","treatment",2020-09-07,0,11
"w_763130","control",2021-03-09,19,6
"w_547513","control",2019-10-25,0,12
"w_293300","treatment",2019-02-16,4,7
"w_235425","treatment",2023-05-29,0,10
"w_910697","treatment",2022-12-12,6,8
"w_449706","treatment",2023-06-02,0,9
"w_791394","treatment",2020-01-29,0,15
"w_905563","control",2020-11-28,52,13
"w_180386","treatment",2026-03-07,0,10
"w_936461","control",2019-06-23,0,11
"w_857875","control",2018-12-30,0,9
"w_249709","control",2021-03-09,12,8
"w_410707","treatment",2025-03-29,6,16
"w_326555","treatment",2023-02-28,0,7
"w_701512","control",2022-12-07,0,9
"w_459713","treatment",2022-04-21,0,12
"w_936205","treatment",2022-04-29,1,8
"w_279391","control",2022-08-15,12,11
"w_777081","treatment",2020-01-20,0,15
"w_898077","treatment",2026-04-10,1,13
"w_507264","control",2020-05-18,12,14
"w_901775","treatment",2025-06-15,8,11
"w_288420","control",2020-04-24,4,7
"w_630910","control",2019-03-14,0,12
"w_332420","treatment",2025-10-30,0,7
"w_595664","treatment",2022-07-30,2,9
"w_673617","treatment",2026-05-12,0,10
"w_151026","treatment",2026-07-17,4,11
"w_751525","treatment",2023-08-04,14,13
"w_557973","treatment",2025-02-09,3,9
"w_995543","treatment",2019-09-20,0,8
"w_958331","treatment",2020-12-18,16,12
"w_209489","treatment",2018-11-05,6,12
"w_930785","control",2024-09-22,0,9
"w_313689","treatment",2025-09-27,3,9
"w_118417","control",2025-06-10,17,6
"w_728516","control",2020-03-15,0,11
"w_987597","control",2025-05-26,2,13
"w_673540","treatment",2019-02-21,11,9
"w_721684","control",2024-06-13,0,9
"w_129345","control",2025-01-05,0,17
"w_151946","treatment",2018-11-12,0,10
"w_116116","treatment",2023-06-20,2,9
"w_947923","treatment",2026-07-10,18,20
"w_132964","treatment",2020-05-15,3,11
"w_347019","control",2025-06-15,1,16
"w_571171","treatment",2023-04-26,1,9
"w_672265","control",2023-05-16,3,14
"w_513027","control",2019-09-03,0,6
"w_475220","control",2022-08-29,1,13
"w_592849","treatment",2024-01-29,1,7
"w_899831","control",2025-06-16,3,12
"w_179438","control",2021-02-05,19,9
"w_320752","control",2022-11-08,0,9
"w_636789","control",2024-06-23,0,7
"w_536455","treatment",2020-05-07,0,10
"w_833434","treatment",2022-09-30,0,9
"w_584968","control",2023-12-15,0,9
"w_531230","treatment",2025-10-05,9,10
"w_935139","treatment",2024-10-16,0,7
"w_268078","control",2025-04-21,0,10
"w_180070","control",2019-04-27,0,14
"w_760709","control",2026-02-20,0,6
"w_415681","treatment",2025-05-25,23,12
"w_111040","treatment",2025-08-12,3,17
"w_778036","control",2024-06-14,0,11
"w_870589","treatment",2018-11-06,4,8
"w_759549","control",2024-11-14,0,13
"w_669426","treatment",2022-01-19,0,9
"w_759025","treatment",2021-08-21,0,11
"w_681129","control",2019-11-26,2,12
"w_471698","treatment",2025-03-18,0,10
"w_313630","treatment",2020-01-07,35,8
"w_550216","treatment",2024-01-28,0,14
"w_674989","control",2020-05-12,2,11
"w_592638","control",2021-04-02,21,15
"w_238835","treatment",2026-02-14,3,13
"w_844100","treatment",2023-07-04,2,13
"w_380488","control",2023-06-15,48,12
"w_615614","treatment",2021-04-12,5,10
"w_232931","control",2019-03-20,16,10
"w_503681","treatment",2023-10-14,0,11
"w_379518","treatment",2021-10-20,3,10
"w_882989","control",2026-02-17,2,10
"w_623910","treatment",2021-07-27,11,7
"w_344859","control",2024-07-01,0,6
"w_922900","treatment",2026-05-02,58,13
"w_640914","treatment",2025-01-28,0,16
"w_998961","treatment",2024-05-25,78,12
"w_431997","control",2018-10-18,0,11
"w_958764","treatment",2020-08-15,3,7
"w_679882","treatment",2025-01-03,0,13
"w_200595","treatment",2024-07-24,4,9
"w_948747","treatment",2019-11-03,0,5
"w_105430","treatment",2024-07-25,3,12
"w_795204","treatment",2018-10-05,0,13
"w_125855","control",2025-05-19,0,12
"w_276492","control",2019-05-21,22,7
"w_289142","control",2024-07-24,0,13
"w_612693","treatment",2025-06-02,15,11
"w_280605","treatment",2021-06-02,0,5
"w_295094","treatment",2021-03-18,3,7
"w_346888","treatment",2019-12-14,26,13
"w_483955","treatment",2018-09-02,0,8
"w_333353","control",2022-06-22,18,13
"w_543424","control",2024-12-27,2,13
"w_109628","control",2026-06-18,3,7
"w_556530","treatment",2021-05-24,0,12
"w_359599","control",2022-01-09,3,5
"w_553277","control",2019-09-27,4,7
"w_162829","control",2018-07-05,0,10
"w_978878","treatment",2019-12-28,0,8
"w_600898","treatment",2025-10-21,0,8
"w_286565","treatment",2020-07-08,2,10
"w_233235","control",2019-10-08,44,10
"w_969655","control",2019-12-13,0,9
"w_981504","treatment",2022-05-29,0,17
"w_208554","treatment",2026-01-05,2,13
"w_770720","control",2025-08-25,0,9
"w_661770","control",2018-06-04,0,8
"w_893720","control",2025-11-08,3,11
"w_823405","treatment",2023-04-01,0,10
"w_965032","control",2019-04-09,0,17
"w_346865","control",2021-03-10,0,9
"w_389829","control",2020-12-17,11,10
"w_151914","treatment",2023-04-24,0,12
"w_619479","treatment",2024-09-13,0,8
"w_448485","treatment",2018-10-15,0,9
"w_408608","treatment",2026-01-24,0,8
"w_632700","treatment",2023-11-02,2,15
"w_500990","treatment",2023-04-18,0,4
"w_267656","treatment",2026-02-08,0,8
"w_642029","control",2024-10-23,0,13
"w_234478","treatment",2022-02-19,0,14
"w_201610","control",2019-05-01,0,10
"w_528217","treatment",2023-06-15,0,14
"w_354040","treatment",2023-07-09,6,11
"w_816876","treatment",2023-01-31,0,10
"w_468903","treatment",2025-08-01,0,7
"w_934130","treatment",2021-01-21,0,9
"w_519320","control",2023-07-06,0,16
"w_743833","treatment",2022-12-30,0,7
"w_402378","control",2022-04-16,0,12
"w_856446","control",2019-12-02,15,10
"w_397259","control",2026-03-10,1,8
"w_343510","control",2021-02-13,8,13
"w_350948","treatment",2020-10-12,4,6
"w_881828","control",2025-09-20,0,22
"w_593399","treatment",2024-06-03,7,8
"w_999787","treatment",2018-08-05,0,11
"w_709873","treatment",2020-12-03,14,13
"w_603663","control",2025-02-02,0,10
"w_658835","treatment",2025-05-24,2,9
"w_841723","control",2024-10-30,44,12
"w_721107","treatment",2021-02-08,1,10
"w_479657","treatment",2021-10-31,0,6
"w_301698","control",2024-04-03,0,9
"w_452712","treatment",2024-07-27,0,9
"w_564577","treatment",2024-04-04,0,7
"w_158769","treatment",2020-04-12,1,9
"w_138444","treatment",2019-01-13,0,12
"w_559246","control",2020-08-21,1,9
"w_525660","treatment",2021-01-10,0,10
"w_766505","control",2024-05-20,12,11
"w_872218","treatment",2025-01-28,0,10
"w_244822","control",2021-07-29,0,11
"w_388840","control",2020-08-11,0,11
"w_544497","treatment",2018-09-01,0,8
"w_851279","control",2020-04-23,0,6
"w_662525","control",2021-06-24,17,8
"w_165672","treatment",2026-05-02,4,5
"w_355258","treatment",2020-08-25,0,10
"w_877883","treatment",2026-02-26,4,10
"w_375171","treatment",2018-10-21,2,10
"w_291839","control",2019-08-22,1,10
"w_477623","control",2019-02-07,39,13
"w_248267","treatment",2021-08-08,0,14
"w_789818","control",2018-06-09,0,14
"w_276852","control",2024-05-20,29,10
"w_664499","control",2024-08-04,0,15
"w_782261","control",2024-11-06,2,12
"w_185521","control",2021-10-09,4,11
"w_727383","control",2025-02-12,3,6
"w_579714","treatment",2022-04-17,0,7
"w_621334","treatment",2024-02-29,2,5
"w_235133","control",2023-08-11,0,11
"w_338325","treatment",2022-04-24,4,8
"w_238713","control",2022-03-19,0,7
"w_861651","treatment",2022-09-15,0,9
"w_454822","control",2025-11-06,0,11
"w_882414","control",2024-12-31,0,14
"w_976500","treatment",2025-01-10,4,1
"w_968830","control",2025-02-26,0,6
"w_377677","control",2021-06-26,15,10
"w_805644","treatment",2021-02-21,0,3
"w_182857","treatment",2022-03-01,26,9
"w_287876","control",2019-02-25,0,17
"w_811012","control",2024-08-01,0,8
"w_811731","treatment",2021-01-27,0,10
"w_569011","control",2022-12-11,0,11
"w_583646","treatment",2022-09-17,3,11
"w_530406","treatment",2023-05-27,47,10
"w_352167","treatment",2024-08-12,0,11
"w_519142","treatment",2020-04-27,0,14
"w_939122","control",2026-05-05,0,12
"w_856376","control",2025-04-14,36,9
"w_876732","control",2024-11-15,12,15
"w_782869","control",2024-08-26,0,16
"w_456081","control",2026-03-24,1,8
"w_789006","control",2026-05-22,0,7
"w_579980","treatment",2024-11-21,0,12
"w_144804","control",2026-05-15,0,14
"w_778702","control",2019-11-14,8,18
"w_209336","control",2024-06-22,0,10
"w_775826","control",2018-11-10,4,8
"w_156953","control",2023-12-01,1,5
"w_808105","control",2026-06-06,15,6
"w_978364","control",2026-07-02,0,8
"w_537469","treatment",2024-05-22,18,10
"w_757153","control",2024-02-21,0,8
"w_504398","treatment",2023-10-27,0,8
"w_790742","control",2019-09-08,0,11
"w_309594","treatment",2023-03-21,15,6
"w_624450","control",2021-03-07,0,6
"w_439682","control",2026-06-22,0,7
"w_605582","treatment",2023-06-16,3,11
"w_813215","treatment",2023-10-31,3,11
"w_634038","control",2018-06-09,3,12
"w_190401","treatment",2019-04-01,0,13
"w_753398","control",2023-03-31,0,10
"w_664815","treatment",2022-12-29,0,12
"w_233134","control",2022-12-07,0,10
"w_312010","control",2022-02-12,0,13
"w_682402","treatment",2023-06-01,3,13
"w_894259","treatment",2024-11-23,0,13
"w_321324","treatment",2019-01-07,1,10
"w_913131","control",2024-12-22,7,6
"w_814072","treatment",2026-03-13,0,8
"w_149709","control",2019-06-19,11,13
"w_291263","treatment",2026-03-12,2,17
"w_396963","treatment",2025-02-11,0,8
"w_764873","control",2020-04-13,4,12
"w_135702","control",2020-09-23,0,13
"w_598277","treatment",2021-03-05,0,11
"w_274487","control",2018-09-02,0,9
"w_778611","control",2020-04-09,13,10
"w_603506","treatment",2022-03-01,0,14
"w_949910","treatment",2023-03-30,16,8
"w_928971","control",2022-04-29,0,7
"w_366885","treatment",2024-04-05,0,13
"w_824917","control",2025-01-30,0,11
"w_186139","control",2025-07-23,1,17
"w_303119","treatment",2026-02-21,0,7
"w_377145","treatment",2021-10-27,0,11
"w_967031","treatment",2019-09-16,4,12
"w_336164","control",2023-02-04,4,13
"w_680258","treatment",2023-04-10,0,11
"w_115024","control",2018-12-05,11,9
"w_454790","treatment",2020-08-27,0,10
"w_276101","treatment",2024-05-19,0,9
"w_788675","control",2019-03-17,3,8
"w_725930","treatment",2025-09-02,0,8
"w_373626","treatment",2025-03-30,0,15
"w_312618","control",2022-12-14,16,12
"w_518467","control",2024-09-02,3,9
"w_756443","treatment",2021-04-07,3,14
"w_926082","control",2021-07-01,17,8
"w_226670","treatment",2025-03-06,14,9
"w_484051","treatment",2020-03-31,13,16
"w_612350","treatment",2020-05-29,0,8
"w_366611","treatment",2024-03-30,0,10
"w_792880","control",2020-03-14,14,14
"w_700265","control",2019-09-20,0,9
"w_827637","treatment",2024-02-24,1,4
"w_369709","control",2022-06-26,4,10
"w_419196","treatment",2025-08-10,3,13
"w_475631","control",2025-01-27,0,12
"w_123128","treatment",2023-11-16,0,13
"w_212857","treatment",2025-02-18,0,9
"w_220843","treatment",2023-10-24,3,14
"w_508644","control",2021-09-29,0,15
"w_947908","control",2020-12-21,0,7
"w_470571","control",2023-09-04,0,10
"w_898223","treatment",2019-04-14,0,5
"w_264785","treatment",2021-01-05,0,11
"w_433683","control",2018-07-04,1,12
"w_254551","treatment",2026-01-02,2,8
"w_585033","treatment",2024-01-22,4,9
"w_197132","treatment",2024-03-22,3,10
"w_446893","control",2022-05-25,0,7
"w_803682","control",2022-04-03,7,5
"w_364130","control",2018-08-19,0,9
"w_590971","treatment",2021-01-30,0,5
"w_802746","treatment",2022-01-30,0,6
"w_309480","treatment",2024-12-26,0,7
"w_766223","treatment",2018-07-03,0,7
"w_223095","control",2025-12-16,0,8
"w_968811","control",2021-05-04,2,7
"w_155058","control",2021-11-10,3,12
"w_678262","control",2024-05-11,2,14
"w_129143","control",2022-07-19,0,16
"w_905251","treatment",2021-04-03,0,7
"w_770618","treatment",2024-12-30,5,5
"w_710794","treatment",2025-02-16,16,10
"w_286515","treatment",2020-02-18,3,9
"w_518365","treatment",2022-03-22,0,11
"w_967600","treatment",2020-07-05,12,6
"w_305877","control",2022-05-02,3,14
"w_340989","control",2019-01-14,2,10
"w_146294","treatment",2020-10-03,0,13
"w_485212","control",2019-01-08,4,9
"w_782960","control",2026-03-10,1,11
"w_654853","control",2019-03-11,11,11
"w_234648","treatment",2025-05-28,2,9
"w_586834","treatment",2023-12-02,1,9
"w_741788","treatment",2018-07-24,0,13
"w_762467","control",2024-07-20,10,7
"w_898732","control",2019-05-22,10,8
"w_581376","control",2022-08-07,0,13
"w_388087","treatment",2022-06-25,2,7
"w_304032","control",2019-12-27,0,12
"w_860698","treatment",2024-10-26,3,10
"w_521889","control",2024-02-23,0,10
"w_130497","treatment",2020-08-13,2,10
"w_585018","treatment",2022-07-20,0,14
"w_703098","treatment",2019-12-31,0,11
"w_612907","control",2024-09-26,0,6
"w_229920","treatment",2019-12-27,1,6
"w_678228","treatment",2019-06-30,2,12
"w_322029","treatment",2025-09-23,1,13
"w_417218","treatment",2018-09-30,19,10
"w_291758","control",2022-05-18,3,13
"w_702922","treatment",2021-01-24,13,9
"w_544775","treatment",2018-09-14,0,7
"w_605059","treatment",2026-06-12,45,16
"w_590682","treatment",2024-10-15,1,12
"w_390419","treatment",2021-05-25,0,13
"w_864627","treatment",2026-02-27,0,17
"w_878403","treatment",2022-08-22,6,11
"w_218112","treatment",2020-01-25,0,8
"w_383069","treatment",2019-01-16,0,8
"w_548199","treatment",2026-06-18,12,10
"w_957380","treatment",2018-09-25,0,6
"w_650165","treatment",2025-09-30,15,13
"w_144174","treatment",2024-01-19,0,7
"w_288992","control",2021-05-09,1,11
"w_264187","treatment",2018-06-11,0,10
"w_931255","control",2023-05-13,4,15
"w_404137","control",2019-01-05,0,13
"w_793616","treatment",2025-06-21,0,6
"w_243133","control",2019-09-11,2,12
"w_227324","control",2025-02-12,0,13
"w_291912","treatment",2026-05-16,3,12
"w_527229","treatment",2024-09-09,0,5
"w_229815","control",2021-08-09,0,7
"w_906555","treatment",2019-02-23,12,8
"w_863185","treatment",2024-04-02,0,7
"w_761730","control",2020-01-28,0,10
"w_380510","control",2024-05-28,0,9
"w_838854","treatment",2024-11-16,14,11
"w_262747","control",2022-09-14,0,12
"w_519264","control",2024-07-12,0,14
"w_716299","control",2026-03-03,15,10
"w_178341","control",2023-02-27,0,13
"w_390017","treatment",2023-01-30,0,15
"w_442140","treatment",2019-05-21,0,13
"w_851596","treatment",2025-05-27,0,10
"w_457754","treatment",2023-12-19,0,10
"w_784992","treatment",2021-03-14,8,13
"w_671226","treatment",2022-11-10,27,13
"w_746388","control",2021-07-08,4,10
"w_949772","treatment",2018-06-13,0,8
"w_516303","control",2019-05-12,0,10
"w_981055","control",2023-07-04,4,15
"w_190842","treatment",2021-12-28,0,9
"w_167193","control",2025-05-08,7,11
"w_712974","treatment",2020-08-19,0,9
"w_322347","treatment",2020-04-20,0,8
"w_388125","control",2026-01-05,0,7
"w_503180","control",2022-07-19,1,11
"w_482950","control",2018-08-25,4,11
"w_312514","treatment",2019-01-21,1,14
"w_700526","control",2025-09-26,4,12
"w_351427","treatment",2022-01-17,13,19
"w_342587","treatment",2022-02-11,0,9
"w_274424","control",2021-08-30,4,10
"w_842987","control",2025-05-06,0,6
"w_701469","control",2025-06-14,0,7
"w_174529","treatment",2023-08-28,6,12
"w_239738","control",2023-11-27,0,9
"w_293310","control",2019-01-21,0,7
"w_205089","control",2020-12-11,0,10
"w_615822","control",2022-01-13,0,9
"w_632962","treatment",2019-12-15,0,8
"w_147444","control",2026-01-03,0,9
"w_278146","control",2020-05-02,0,10
"w_827467","control",2025-10-29,3,11
"w_762014","treatment",2025-11-13,0,11
"w_791117","control",2022-09-05,0,14
"w_338708","treatment",2021-01-09,2,7
"w_785882","treatment",2021-04-01,79,9
"w_595138","treatment",2020-03-24,6,8
"w_767821","treatment",2020-06-22,4,13
"w_794133","treatment",2021-01-15,0,9
"w_762804","control",2019-01-27,4,8
"w_155123","control",2018-12-11,4,12
"w_115757","control",2020-11-22,1,18
"w_234044","control",2021-04-21,0,10
"w_236661","control",2021-07-04,4,14
"w_973963","treatment",2020-07-07,0,12
"w_698748","treatment",2024-08-18,0,10
"w_246717","control",2026-01-03,3,7
"w_858130","control",2025-09-22,9,9
"w_343119","treatment",2025-02-28,0,9
"w_966898","treatment",2021-04-08,3,10
"w_361430","control",2026-03-31,0,10
"w_951370","control",2018-07-30,3,15
"w_611982","control",2022-03-08,19,9
"w_501919","treatment",2022-05-12,0,8
"w_723926","control",2021-09-22,0,6
"w_519134","control",2025-06-20,1,19
"w_679262","control",2026-01-03,0,8
"w_604534","treatment",2020-09-23,4,7
"w_341741","treatment",2018-11-27,13,15
"w_850837","treatment",2021-05-19,0,12
"w_365760","control",2023-03-30,3,10
"w_110181","control",2022-12-23,0,9
"w_442477","treatment",2023-02-27,3,13
"w_537309","treatment",2023-11-26,12,8
"w_367979","treatment",2020-03-04,1,16
"w_149937","treatment",2023-09-21,2,8
"w_874966","control",2025-03-12,3,10
"w_721063","treatment",2024-04-26,0,7
"w_875228","control",2021-10-14,0,9
"w_755482","control",2024-06-18,0,11
"w_851158","control",2019-02-17,19,8
"w_973649","treatment",2020-10-11,0,10
"w_439286","treatment",2019-12-18,0,12
"w_714180","treatment",2022-03-18,2,7
"w_924442","treatment",2024-03-16,2,13
"w_394874","control",2024-10-21,15,10
"w_183851","control",2022-11-24,0,9
"w_413648","treatment",2022-07-20,0,11
"w_699426","treatment",2022-09-19,17,13
"w_404548","treatment",2020-05-12,0,13
"w_259088","treatment",2024-03-01,0,8
"w_851732","treatment",2020-10-01,2,8
"w_483938","control",2019-02-27,0,10
"w_575978","treatment",2022-01-29,0,10
"w_221067","control",2022-04-10,0,6
"w_690361","control",2023-10-04,0,8
"w_948639","control",2025-12-05,0,6
"w_774991","treatment",2021-03-03,0,11
"w_743013","treatment",2018-12-31,0,12
"w_200851","treatment",2026-03-14,13,10
"w_550160","treatment",2020-11-20,12,10
"w_235703","control",2022-12-02,0,12
"w_456678","treatment",2024-11-10,0,9
"w_217715","control",2023-03-14,0,6
"w_352815","treatment",2019-11-15,0,10
"w_343031","control",2018-07-03,1,11
"w_351187","control",2019-09-14,3,10
"w_649891","control",2022-03-28,16,10
"w_916582","control",2022-05-09,0,10
"w_637618","control",2020-08-02,1,11
"w_545475","treatment",2021-09-29,0,7
"w_958545","treatment",2023-09-11,3,11
"w_390511","treatment",2022-03-19,0,12
"w_284751","control",2023-03-08,21,8
"w_978497","control",2022-11-23,0,10
"w_941259","treatment",2025-11-25,4,6
"w_580404","treatment",2021-03-08,0,12
"w_836104","control",2022-02-03,13,7
"w_570015","treatment",2025-02-26,0,8
"w_725367","treatment",2024-10-17,18,13
"w_202866","control",2025-05-23,0,12
"w_267097","control",2023-10-18,2,9
"w_686083","treatment",2025-09-23,0,9
"w_788666","treatment",2021-12-09,2,13
"w_450580","treatment",2022-12-02,0,4
"w_169199","control",2020-09-15,0,10
"w_532021","treatment",2024-03-31,0,8
"w_519542","control",2026-07-04,13,9
"w_836246","control",2019-10-08,0,12
"w_860287","treatment",2023-09-26,0,14
"w_735132","control",2025-06-23,0,13
"w_466779","treatment",2024-04-07,19,11
"w_436645","treatment",2018-11-08,36,13
"w_519900","treatment",2024-03-30,0,13
"w_341121","treatment",2024-12-28,10,12
"w_440000","control",2023-11-07,0,13
"w_426498","control",2021-11-26,4,5
"w_724347","treatment",2025-01-23,16,10
"w_779996","treatment",2022-10-09,0,13
"w_489683","control",2021-10-01,0,15
"w_746808","treatment",2021-11-01,0,7
"w_708305","control",2018-12-07,0,10
"w_896549","treatment",2019-07-06,3,11
"w_684869","control",2025-08-18,4,3
"w_536983","treatment",2022-01-19,0,5
"w_765899","treatment",2025-09-04,3,8
"w_821301","treatment",2023-03-27,1,12
"w_702459","treatment",2021-11-03,0,12
"w_188847","treatment",2022-05-17,0,13
"w_660056","control",2024-08-10,0,11
"w_936239","control",2025-08-25,4,10
"w_161260","control",2020-05-08,0,6
"w_142374","treatment",2026-06-07,3,6
"w_766173","treatment",2021-10-24,0,16
"w_167920","treatment",2026-05-12,4,10
"w_929293","control",2020-11-01,0,6
"w_494013","control",2026-01-09,18,6
"w_574258","treatment",2023-05-19,0,7
"w_663369","treatment",2019-01-07,0,6
"w_220466","control",2023-01-31,0,10
"w_147229","treatment",2020-08-09,0,10
"w_714332","treatment",2023-05-15,0,7
"w_515919","treatment",2025-06-06,0,9
"w_257535","treatment",2022-02-27,6,10
"w_843633","control",2021-06-17,1,6
"w_117954","control",2024-06-06,0,11
"w_141918","treatment",2019-12-05,0,11
"w_281933","treatment",2018-08-10,0,6
"w_901363","control",2025-07-04,0,14
"w_115941","treatment",2026-03-09,0,9
"w_150478","control",2020-12-15,0,16
"w_606283","treatment",2021-01-11,76,12
"w_995755","control",2025-09-07,0,10
"w_488478","control",2021-05-16,62,18
"w_617460","control",2021-06-25,14,9
"w_183079","treatment",2024-06-19,4,7
"w_242284","control",2018-12-23,0,19
"w_547880","control",2020-06-07,0,9
"w_535256","control",2024-05-22,0,12
"w_403453","control",2022-06-18,0,10
"w_186734","control",2025-04-27,1,11
"w_285700","control",2021-07-30,0,13
"w_116323","treatment",2024-06-10,13,5
"w_659349","treatment",2022-07-18,0,12
"w_377603","treatment",2022-01-26,4,14
"w_934711","control",2024-08-01,0,12
"w_187137","treatment",2021-09-23,0,11
"w_814928","treatment",2018-09-23,0,13
"w_186347","treatment",2019-03-24,1,7
"w_629876","treatment",2025-02-09,0,10
"w_100793","control",2022-05-11,5,13
"w_703543","treatment",2022-11-24,10,7
"w_171928","treatment",2024-02-09,0,7
"w_614511","control",2020-12-24,0,8
"w_589050","treatment",2020-01-08,0,5
"w_838535","control",2021-06-24,0,10
"w_476707","control",2022-03-29,1,7
"w_991836","treatment",2023-08-09,0,11
"w_223638","control",2024-05-07,4,12
"w_982640","control",2023-03-02,14,9
"w_907143","treatment",2024-05-30,3,8
"w_501407","treatment",2025-12-21,12,9
"w_792146","control",2026-01-25,0,12
"w_377268","control",2022-02-13,0,12
"w_433010","treatment",2019-05-17,0,14
"w_885598","control",2025-08-04,0,6
"w_522734","treatment",2020-08-18,0,9
"w_370434","treatment",2019-05-11,10,14
"w_800235","treatment",2026-01-17,13,20
"w_771960","control",2019-04-02,13,9
"w_202592","control",2020-08-22,2,10
"w_918531","treatment",2024-03-23,0,12
"w_712884","treatment",2023-02-20,2,4
"w_551473","treatment",2025-10-09,12,9
"w_706754","treatment",2019-09-13,0,5
"w_169627","treatment",2019-02-14,0,15
"w_108503","treatment",2018-08-14,0,6
"w_484301","treatment",2018-12-27,18,10
"w_537763","treatment",2021-03-01,0,11
"w_937381","treatment",2026-03-12,0,12
"w_545327","control",2018-12-04,15,6
"w_946598","treatment",2023-03-04,1,9
"w_725452","control",2018-12-27,0,15
"w_801145","treatment",2019-11-12,6,13
"w_924542","treatment",2023-01-28,74,12
"w_622636","treatment",2020-10-13,0,8
"w_446526","treatment",2022-04-30,4,8
"w_882347","treatment",2025-10-12,0,7
"w_841800","control",2021-10-04,1,6
"w_282430","control",2025-01-20,4,6
"w_138723","control",2022-08-24,0,9
"w_945121","treatment",2026-02-28,22,9
"w_233818","control",2024-10-13,0,8
"w_538708","treatment",2018-10-21,0,13
"w_251038","control",2025-02-05,2,12
"w_843834","control",2021-03-13,2,5
"w_979496","control",2023-05-04,0,10
"w_338137","control",2024-08-05,19,12
"w_690034","control",2019-10-31,21,13
"w_680566","treatment",2023-01-01,0,9
"w_185557","treatment",2018-10-08,0,11
"w_395205","control",2022-10-03,8,12
"w_268375","treatment",2023-10-10,0,10
"w_248780","treatment",2023-04-06,0,7
"w_657982","control",2023-03-19,1,13
"w_502204","control",2022-07-23,0,12
"w_826026","control",2022-03-31,1,7
"w_260462","treatment",2020-02-13,4,12
"w_360121","treatment",2023-01-14,3,4
"w_970188","control",2024-07-20,0,10
"w_715636","treatment",2025-09-20,0,14
"w_327194","control",2020-06-04,0,9
"w_205547","treatment",2021-03-23,0,11
"w_810645","control",2019-08-19,2,11
"w_121467","treatment",2019-10-21,1,18
"w_156411","treatment",2023-01-26,0,11
"w_151141","treatment",2025-12-14,4,7
"w_567100","treatment",2020-06-29,14,6
"w_760338","treatment",2021-06-25,0,10
"w_360144","treatment",2025-01-23,0,6
"w_762389","control",2023-09-08,7,16
"w_291268","treatment",2026-07-05,4,11
"w_841629","control",2026-02-10,14,10
"w_925498","control",2019-10-22,0,9
"w_919075","treatment",2025-06-03,0,8
"w_243861","treatment",2023-01-12,13,10
"w_387826","control",2018-11-09,0,8
"w_792864","control",2019-02-25,0,13
"w_741418","control",2026-06-21,0,10
"w_492560","treatment",2025-09-09,48,7
"w_292891","control",2023-07-08,0,11
"w_853981","control",2019-02-20,4,11
"w_134033","control",2021-04-09,14,7
"w_578504","treatment",2020-01-19,18,10
"w_915359","control",2019-08-14,0,6
"w_208288","treatment",2024-08-19,0,12
"w_991762","control",2021-06-12,0,9
"w_611098","control",2019-11-09,0,10
"w_463922","treatment",2024-07-04,4,8
"w_364094","control",2024-06-12,12,9
"w_692270","treatment",2019-03-09,4,12
"w_994067","treatment",2022-04-18,0,12
"w_606124","treatment",2025-09-08,0,9
"w_158875","treatment",2019-01-08,36,8
"w_571123","treatment",2024-11-03,0,13
"w_103416","treatment",2019-05-30,0,17
"w_741851","control",2020-10-31,12,12
"w_810505","control",2026-02-01,0,13
"w_593102","control",2022-12-06,0,13
"w_484214","treatment",2018-07-02,0,12
"w_971837","treatment",2022-07-14,0,11
"w_672858","treatment",2020-08-29,38,10
"w_983300","treatment",2025-02-21,0,6
"w_547382","control",2022-12-03,0,10
"w_858913","control",2019-03-01,3,11
"w_823103","control",2021-11-01,4,7
"w_334748","control",2022-09-17,0,9
"w_816251","treatment",2018-11-22,0,13
"w_345194","treatment",2026-01-16,0,10
"w_358086","treatment",2021-10-04,7,7
"w_679525","control",2022-04-30,0,11
"w_576673","treatment",2020-01-11,0,13
"w_298933","control",2025-02-02,0,14
"w_771097","control",2020-01-12,0,15
"w_189719","control",2020-08-17,0,10
"w_299117","control",2024-10-01,4,8
"w_125173","treatment",2021-03-11,13,6
"w_111317","treatment",2024-08-13,1,8
"w_916497","control",2025-12-27,13,10
"w_854124","control",2023-01-08,1,11
"w_895874","treatment",2026-06-08,12,9
"w_402732","control",2026-03-19,0,10
"w_419794","treatment",2022-07-16,0,13
"w_220323","treatment",2023-11-17,3,10
"w_184474","control",2026-06-13,0,7
"w_176520","control",2024-05-21,0,9
"w_187503","control",2022-02-25,13,11
"w_784900","control",2024-05-06,19,12
"w_282175","treatment",2026-04-05,25,13
"w_808647","control",2018-06-11,0,8
"w_864223","control",2023-04-06,0,9
"w_692459","treatment",2022-07-01,0,12
"w_591603","treatment",2022-08-28,4,7
"w_465531","control",2025-02-20,0,10
"w_635102","control",2019-09-19,0,9
"w_517521","treatment",2021-12-13,0,10
"w_919819","treatment",2022-12-19,0,12
"w_256958","treatment",2020-10-12,0,8
"w_291281","treatment",2018-09-17,3,4
"w_657956","treatment",2025-08-26,7,10
"w_269368","treatment",2019-07-08,0,12
"w_212130","treatment",2024-05-07,0,7
"w_608042","treatment",2024-09-08,0,15
"w_252844","control",2025-08-16,37,9
"w_600404","treatment",2026-06-29,0,9
"w_842402","treatment",2024-01-03,0,8
"w_268159","control",2021-05-28,2,8
"w_262963","treatment",2022-09-24,3,10
"w_845560","treatment",2021-05-16,14,13
"w_648571","treatment",2023-08-23,0,11
"w_751952","control",2020-05-14,1,11
"w_825356","control",2018-11-06,16,8
"w_874260","treatment",2025-01-08,19,10
"w_125378","treatment",2020-05-07,2,7
"w_833709","control",2025-08-19,57,11
"w_904010","control",2023-11-03,0,8
"w_679876","control",2024-12-31,0,9
"w_419634","treatment",2019-03-03,0,6
"w_509785","treatment",2020-09-30,2,9
"w_750135","treatment",2021-11-07,3,6
"w_610692","control",2021-08-24,4,10
"w_471095","treatment",2018-07-29,8,5
"w_642918","control",2021-08-18,0,9
"w_411351","control",2021-10-12,1,5
"w_671866","control",2021-06-05,0,7
"w_529125","treatment",2025-04-07,0,10
"w_167425","treatment",2022-11-09,2,12
"w_112611","treatment",2022-05-23,18,10
"w_803719","control",2021-09-27,0,11
"w_705940","treatment",2023-08-26,4,12
"w_150759","control",2022-04-08,10,8
"w_300150","treatment",2018-09-07,3,7
"w_766908","control",2019-06-05,1,6
"w_994617","treatment",2023-12-14,2,8
"w_271970","treatment",2025-10-24,42,11
"w_390806","treatment",2018-11-11,3,8
"w_468632","control",2024-07-30,0,9
"w_704510","treatment",2021-08-11,2,7
"w_898214","control",2023-12-28,0,9
"w_716763","treatment",2022-07-28,53,7
"w_370721","control",2022-04-03,2,8
"w_878115","treatment",2023-07-17,0,7
"w_739761","treatment",2020-07-20,0,11
"w_922092","control",2018-10-29,0,7
"w_417962","treatment",2021-01-26,2,10
"w_333183","control",2023-01-12,8,11
"w_191466","treatment",2025-02-23,3,8
"w_671967","treatment",2022-08-31,0,5
"w_158791","control",2022-10-25,46,12
"w_799644","control",2019-09-20,0,9
"w_715023","treatment",2025-07-10,0,9
"w_574747","control",2021-11-26,0,11
"w_668265","treatment",2024-04-21,0,7
"w_622415","treatment",2024-12-25,0,9
"w_686061","treatment",2025-09-17,0,4
"w_307635","control",2018-08-08,0,11
"w_766992","treatment",2023-12-09,0,9
"w_713373","treatment",2024-09-12,4,13
"w_830725","treatment",2020-06-30,7,14
"w_951708","treatment",2025-11-09,0,8
"w_999572","treatment",2018-12-31,69,11
"w_373179","control",2023-03-14,0,5
"w_436029","treatment",2024-12-27,2,12
"w_748554","treatment",2019-12-02,4,8
"w_430122","control",2022-02-27,2,5
"w_254582","treatment",2019-02-04,0,6
"w_244517","treatment",2026-04-26,0,11
"w_341485","treatment",2024-05-06,4,12
"w_664635","treatment",2018-07-30,15,11
"w_766391","control",2025-01-08,4,13
"w_859773","treatment",2025-02-07,0,5
"w_262320","control",2019-12-18,2,7
"w_450860","control",2024-09-02,4,14
"w_643139","treatment",2020-12-21,3,9
"w_383552","control",2025-02-15,0,9
"w_169155","treatment",2019-10-18,0,9
"w_205844","treatment",2023-10-24,8,11
"w_805765","control",2019-01-15,0,12
"w_198386","control",2019-07-06,0,11
"w_273924","treatment",2018-08-05,0,10
"w_156069","control",2020-03-29,0,12
"w_668399","control",2019-10-19,3,9
"w_260540","treatment",2023-05-27,8,9
"w_953245","control",2024-02-03,0,11
"w_506500","treatment",2020-10-26,0,12
"w_266901","control",2026-05-16,0,12
"w_908907","control",2020-10-31,0,9
"w_203677","control",2024-11-21,0,14
"w_115942","treatment",2022-07-01,4,5
"w_753015","control",2022-10-18,2,14
"w_952824","control",2023-05-02,1,14
"w_744117","treatment",2020-05-26,0,7
"w_606998","control",2020-08-02,116,7
"w_844402","treatment",2023-12-30,0,9
"w_432917","control",2020-11-15,0,5
"w_544250","control",2024-01-31,7,12
"w_313966","treatment",2020-05-16,32,11
"w_710289","treatment",2021-02-04,1,13
"w_732330","control",2021-01-19,0,9
"w_711423","treatment",2023-11-28,18,10
"w_774916","control",2022-08-20,0,13
"w_568452","control",2024-09-06,0,11
"w_868356","treatment",2022-01-22,2,8
"w_928744","control",2025-10-05,48,10
"w_765737","treatment",2024-04-22,0,12
"w_924145","control",2022-08-02,1,7
"w_429426","control",2023-01-21,6,6
"w_598203","treatment",2018-12-06,10,5
"w_732659","control",2026-02-27,0,15
"w_302631","treatment",2021-07-25,1,9
"w_614146","control",2020-10-20,2,6
"w_642035","control",2022-05-07,7,10
"w_652140","control",2022-02-26,3,14
"w_187311","treatment",2024-08-08,0,3
"w_202514","treatment",2026-07-04,0,7
"w_348597","treatment",2023-09-12,0,12
"w_430327","treatment",2021-10-30,9,13
"w_278096","treatment",2020-05-03,0,6
"w_737295","treatment",2022-07-05,0,8
"w_135822","treatment",2020-04-30,7,9
"w_358489","control",2018-09-11,10,10
"w_100189","control",2019-08-25,0,10
"w_418230","control",2019-05-04,4,7
"w_784823","treatment",2025-08-05,0,9
"w_846567","control",2023-03-14,0,8
"w_715742","treatment",2020-04-30,4,14
"w_533839","treatment",2020-07-01,0,14
"w_580401","treatment",2020-08-30,1,10
"w_962815","treatment",2020-12-15,1,9
"w_952958","treatment",2019-08-12,3,8
"w_801303","treatment",2020-12-01,0,13
"w_790500","control",2023-02-27,0,10
"w_467660","control",2022-11-11,0,13
"w_146276","control",2018-09-14,0,11
"w_932746","control",2021-09-01,15,15
"w_625866","treatment",2019-09-06,0,10
"w_115035","treatment",2023-05-08,0,14
"w_803597","control",2019-10-07,12,9
"w_167981","treatment",2021-12-10,0,9
"w_431731","control",2023-07-16,0,3
"w_269966","treatment",2021-10-10,0,14
"w_712390","treatment",2025-11-14,0,10
"w_234095","control",2020-01-14,17,8
"w_216084","control",2026-07-09,9,6
"w_400840","control",2019-11-13,0,10
"w_825207","treatment",2022-08-22,5,14
"w_446638","treatment",2023-11-11,0,9
"w_745385","control",2022-01-29,0,12
"w_151800","control",2021-07-13,0,7
"w_359158","treatment",2019-08-16,0,10
"w_932416","control",2025-05-09,0,4
"w_905409","treatment",2022-06-21,4,6
"w_860553","treatment",2025-05-11,6,8
"w_744684","treatment",2024-06-18,0,11
"w_336434","control",2023-06-26,4,7
"w_636205","control",2019-01-03,0,13
"w_645141","control",2024-04-07,0,10
"w_383251","treatment",2022-04-08,0,6
"w_167474","treatment",2024-09-10,0,4
"w_189313","control",2020-07-04,0,6
"w_803647","control",2024-07-23,0,14
"w_317219","treatment",2021-04-04,1,8
"w_423858","treatment",2019-09-16,0,9
"w_216865","treatment",2021-04-07,33,11
"w_280558","treatment",2026-05-11,2,15
"w_259331","treatment",2018-09-11,0,8
"w_561101","treatment",2020-07-05,6,11
"w_604467","treatment",2023-01-16,0,11
"w_567780","control",2020-10-21,3,5
"w_217046","treatment",2018-10-26,0,13
"w_995492","treatment",2023-10-01,4,9
"w_935283","treatment",2021-11-03,0,7
"w_458025","treatment",2023-01-28,0,8
"w_700299","control",2020-05-05,11,16
"w_344884","treatment",2025-08-06,9,6
"w_689224","treatment",2019-11-30,2,13
"w_851977","control",2026-03-09,0,10
"w_143478","treatment",2024-12-04,2,15
"w_474636","treatment",2022-05-29,0,11
"w_251928","control",2025-01-19,3,10
"w_521010","treatment",2020-07-20,0,17
"w_784878","control",2020-10-19,0,12
"w_637571","control",2021-07-06,0,8
"w_439493","control",2023-01-26,2,7
"w_776385","control",2020-07-15,31,10
"w_920053","treatment",2022-09-13,0,15
"w_917827","control",2021-09-27,2,8
"w_209928","treatment",2026-03-21,3,12
"w_859985","treatment",2020-11-16,1,5
"w_611096","control",2024-03-24,0,16
"w_328941","treatment",2023-10-22,0,9
"w_882833","control",2021-02-10,0,12
"w_230956","treatment",2019-06-27,0,13
"w_541995","control",2024-06-09,0,5
"w_531535","control",2018-08-06,0,12
"w_964514","control",2023-02-20,0,7
"w_302375","treatment",2023-05-22,1,12
"w_512254","control",2026-06-13,4,8
"w_826043","control",2022-02-16,8,12
"w_623383","treatment",2022-09-04,4,10
"w_211427","treatment",2026-05-29,0,15
"w_763326","control",2019-03-29,3,6
"w_583392","control",2024-03-26,0,7
"w_776026","control",2021-09-22,0,8
"w_592414","treatment",2018-06-04,0,13
"w_446010","control",2020-01-17,0,10
"w_794276","treatment",2022-09-06,0,10
"w_139428","treatment",2020-02-12,43,20
"w_372274","treatment",2020-11-30,0,7
"w_831795","control",2026-03-04,0,10
"w_706769","control",2022-10-19,0,10
"w_767040","treatment",2019-06-24,3,16
"w_530233","control",2020-07-01,10,8
"w_707570","control",2023-10-06,1,13
"w_960946","control",2024-06-29,19,13
"w_833039","control",2024-09-03,15,10
"w_623907","control",2024-01-17,0,7
"w_854397","treatment",2025-05-28,0,13
"w_315798","treatment",2023-08-25,9,12
"w_802933","treatment",2019-03-31,4,14
"w_343256","treatment",2019-05-01,2,8
"w_970031","treatment",2019-02-23,9,13
"w_416411","control",2019-07-28,0,12
"w_850458","control",2021-11-02,0,15
"w_509938","treatment",2021-07-23,2,7
"w_150628","control",2021-10-01,0,12
"w_945429","control",2019-12-05,1,5
"w_313868","control",2023-03-17,1,11
"w_434686","control",2025-06-07,0,7
"w_217069","control",2022-08-06,0,9
"w_354048","treatment",2018-09-02,0,11
"w_283982","control",2024-07-04,1,13
"w_391135","control",2025-01-21,2,13
"w_573142","control",2023-03-29,0,14
"w_255762","control",2023-06-13,0,16
"w_690475","treatment",2022-04-29,4,8
"w_113820","control",2018-08-31,0,8
"w_249573","treatment",2020-11-04,0,14
"w_555313","treatment",2021-02-09,3,11
"w_593379","control",2024-09-15,4,15
"w_871520","treatment",2024-01-01,3,10
"w_603533","control",2021-08-13,0,13
"w_188456","treatment",2026-04-06,17,4
"w_910989","control",2026-04-21,0,14
"w_479359","treatment",2025-09-10,0,13
"w_951658","control",2022-05-28,0,12
"w_927012","treatment",2026-04-10,0,10
"w_572907","treatment",2021-08-05,1,13
"w_545927","treatment",2018-10-15,16,9
"w_391506","treatment",2022-03-03,2,12
"w_935544","treatment",2026-01-01,0,12
"w_163759","treatment",2020-09-21,16,10
"w_982987","control",2022-02-11,4,14
"w_357670","control",2023-05-11,2,11
"w_709053","treatment",2022-08-02,0,8
"w_579898","control",2018-07-14,0,7
"w_774259","control",2019-10-15,2,9
"w_763397","treatment",2019-12-23,0,10
"w_908287","control",2022-08-21,0,8
"w_256471","control",2025-01-25,0,10
"w_290212","treatment",2026-03-29,4,5
"w_173386","treatment",2024-07-04,15,9
"w_889265","control",2019-12-27,1,13
"w_873315","control",2020-02-11,15,7
"w_461439","treatment",2025-05-31,11,8
"w_460780","treatment",2024-08-16,0,8
"w_566280","control",2020-01-25,0,11
"w_318639","treatment",2024-09-08,3,11
"w_427183","control",2023-12-21,10,13
"w_398107","treatment",2026-01-26,0,8
"w_647098","treatment",2018-06-21,0,11
"w_368455","treatment",2018-09-15,0,7
"w_675788","control",2023-06-29,2,7
"w_870144","control",2026-01-22,1,9
"w_745430","treatment",2020-09-17,0,9
"w_998027","control",2020-10-13,3,10
"w_293292","treatment",2025-12-17,0,12
"w_376126","treatment",2022-05-01,0,6
"w_420986","control",2024-05-02,3,8
"w_247605","treatment",2025-12-03,0,6
"w_602712","treatment",2019-11-25,0,13
"w_890172","treatment",2022-12-30,2,9
"w_343095","control",2024-03-14,0,14
"w_832752","treatment",2022-08-20,0,7
"w_991501","control",2021-12-12,0,15
"w_351238","treatment",2021-09-09,6,9
"w_947564","control",2023-07-20,0,8
"w_904182","control",2021-08-29,0,10
"w_137052","treatment",2024-12-04,0,11
"w_613745","treatment",2021-10-01,0,7
"w_920389","control",2022-07-01,0,9
"w_941511","treatment",2022-04-08,45,17
"w_816630","control",2024-03-24,2,14
"w_189363","treatment",2020-03-20,23,13
"w_599181","treatment",2022-07-30,0,11
"w_462111","control",2025-08-19,23,10
"w_146886","control",2024-10-06,0,3
"w_281596","treatment",2025-12-31,4,10
"w_631911","control",2024-06-18,0,13
"w_156018","control",2019-05-26,0,5
"w_580276","treatment",2024-01-02,13,5
"w_439117","treatment",2023-06-14,1,14
"w_416889","control",2019-11-08,0,9
"w_764098","treatment",2022-12-26,0,14
"w_858875","control",2019-06-29,3,6
"w_865978","treatment",2018-07-08,0,11
"w_244692","treatment",2022-01-22,2,8
"w_395432","treatment",2019-07-05,0,10
"w_555580","control",2025-05-16,5,12
"w_329329","treatment",2021-10-31,4,7
"w_331814","control",2021-01-25,0,12
"w_909257","treatment",2022-03-08,0,14
"w_546981","treatment",2021-03-25,0,10
"w_503270","control",2025-01-04,22,10
"w_945970","treatment",2024-04-13,2,10
"w_253817","treatment",2024-05-30,0,10
"w_265691","treatment",2021-01-10,0,14
"w_804813","treatment",2021-09-09,2,8
"w_895086","treatment",2020-03-21,3,13
"w_772392","treatment",2019-06-14,0,9
"w_932528","control",2023-10-15,0,16
"w_308339","control",2021-09-08,11,9
"w_122429","treatment",2022-09-03,4,10
"w_855112","control",2019-02-17,0,12
"w_866236","treatment",2024-09-02,0,6
"w_604654","control",2023-09-09,0,10
"w_794889","control",2020-11-22,15,11
"w_257459","control",2020-11-20,6,8
"w_958789","treatment",2018-11-30,0,7
"w_347774","treatment",2021-05-03,0,12
"w_980247","control",2021-10-09,0,13
"w_943484","control",2024-09-04,0,5
"w_395317","treatment",2025-03-01,0,10
"w_840412","treatment",2025-02-07,0,6
"w_926002","control",2021-05-27,0,3
"w_152265","control",2022-03-26,0,10
"w_862118","treatment",2023-04-12,0,12
"w_800442","control",2025-05-13,0,7
"w_613190","control",2018-09-09,0,14
"w_530330","treatment",2025-02-05,0,10
"w_235921","treatment",2019-11-03,0,9
"w_561316","control",2019-09-22,0,12
"w_746630","treatment",2018-09-05,25,9
"w_684568","treatment",2021-12-17,11,10
"w_966043","control",2024-11-13,3,15
"w_816989","control",2021-09-03,0,8
"w_807032","control",2021-02-07,0,8
"w_400718","control",2021-08-20,0,9
"w_203527","treatment",2020-08-17,2,9
"w_117936","control",2025-05-31,0,10
"w_792751","treatment",2024-12-14,0,12
"w_757142","control",2021-02-11,3,12
"w_157857","control",2025-11-23,0,5
"w_370322","control",2022-12-24,0,14
"w_264568","control",2019-09-13,11,9
"w_499933","treatment",2020-07-18,0,7
"w_500075","control",2023-01-03,4,10
"w_946421","treatment",2018-08-15,3,9
"w_665378","treatment",2023-08-25,12,6
"w_961241","treatment",2022-01-20,0,12
"w_297884","treatment",2022-05-06,0,11
"w_956732","control",2020-08-13,13,13
"w_144343","treatment",2026-01-28,3,8
"w_629580","treatment",2020-04-12,4,7
"w_248904","control",2023-09-30,3,14
"w_746531","control",2025-01-20,18,7
"w_146524","treatment",2023-02-07,1,5
"w_908070","treatment",2019-10-14,0,7
"w_148870","control",2020-09-09,0,9
"w_759030","treatment",2023-12-08,28,8
"w_499791","control",2024-04-11,3,18
"w_670852","treatment",2026-05-20,0,5
"w_184087","treatment",2019-05-30,16,7
"w_677548","control",2020-01-08,2,10
"w_437828","treatment",2018-12-26,0,12
"w_271797","control",2025-06-07,0,9
"w_329358","control",2020-04-20,1,6
"w_669027","treatment",2022-01-14,0,10
"w_275527","treatment",2020-01-04,0,8
"w_365414","treatment",2021-05-03,26,9
"w_126056","treatment",2023-08-27,1,11
"w_791110","treatment",2025-05-31,4,6
"w_319410","treatment",2019-05-17,4,14
"w_312962","control",2019-11-22,0,10
"w_827668","treatment",2024-01-21,0,10
"w_630929","treatment",2018-09-25,4,8
"w_189606","treatment",2025-06-20,0,15
"w_685144","control",2026-03-11,0,12
"w_886274","treatment",2021-05-09,0,7
"w_653853","control",2021-09-20,0,12
"w_500706","treatment",2025-01-10,17,13
"w_178567","control",2023-09-07,0,9
"w_578727","control",2018-09-26,0,8
"w_569631","treatment",2023-09-18,0,10
"w_512832","control",2024-10-13,0,11
"w_260753","control",2018-10-06,2,12
"w_377398","control",2024-03-18,1,7
"w_384336","treatment",2022-09-19,0,13
"w_281840","control",2022-03-08,1,10
"w_460978","control",2020-12-06,0,15
"w_871836","treatment",2019-09-08,0,8
"w_366414","treatment",2021-01-03,0,13
"w_453112","treatment",2026-05-19,3,14
"w_455088","treatment",2020-11-23,4,7
"w_668016","treatment",2021-09-06,33,13
"w_277511","control",2021-03-28,4,11
"w_897924","treatment",2024-03-20,0,9
"w_154441","control",2026-06-15,14,12
"w_267191","treatment",2019-05-31,0,13
"w_811117","treatment",2024-04-02,3,8
"w_979932","control",2023-04-11,0,12
"w_707515","control",2018-08-20,14,12
"w_921607","control",2018-12-28,2,10
"w_400207","treatment",2022-10-06,13,11
"w_863743","treatment",2022-08-12,0,7
"w_627071","treatment",2024-06-02,19,8
"w_283473","control",2022-11-02,4,5
"w_892020","treatment",2018-12-24,14,14
"w_481461","treatment",2018-06-22,0,4
"w_544674","treatment",2022-08-18,0,3
"w_870522","treatment",2021-03-29,0,12
"w_103343","control",2021-05-29,3,10
"w_325616","control",2023-08-22,0,14
"w_214673","treatment",2020-05-02,1,12
"w_358888","treatment",2022-06-18,1,11
"w_281879","control",2019-12-29,0,10
"w_771735","control",2022-03-29,0,12
"w_616951","control",2023-04-15,0,12
"w_211420","control",2024-05-31,0,12
"w_234149","control",2024-11-27,0,11
"w_112433","treatment",2024-07-04,2,10
"w_903053","control",2026-03-29,0,9
"w_265036","control",2021-02-13,6,17
"w_363518","treatment",2025-02-09,63,10
"w_489992","treatment",2025-08-29,1,7
"w_503876","control",2020-03-31,3,9
"w_471474","control",2024-10-12,14,7
"w_496163","treatment",2022-01-21,14,7
"w_775578","treatment",2019-01-26,0,8
"w_759097","control",2026-07-05,0,9
"w_114807","control",2019-11-07,0,13
"w_182973","treatment",2019-12-26,0,15
"w_432274","treatment",2019-11-12,0,15
"w_323056","control",2021-10-29,4,12
"w_834460","control",2022-02-14,0,10
"w_406731","treatment",2019-05-24,19,5
"w_792536","treatment",2021-10-21,0,9
"w_798411","control",2019-07-04,19,16
"w_473588","treatment",2026-01-18,3,9
"w_954100","treatment",2022-06-23,1,13
"w_748273","control",2022-04-01,0,7
"w_594837","treatment",2023-02-12,0,7
"w_272939","treatment",2019-08-13,0,7
"w_772044","control",2022-10-04,1,7
"w_559841","treatment",2020-09-10,0,12
"w_426143","control",2019-05-09,4,12
"w_967033","treatment",2022-05-01,9,8
"w_557756","treatment",2018-11-10,4,10
"w_808225","control",2025-06-10,2,14
"w_528030","control",2021-08-08,0,8
"w_385976","control",2024-02-27,0,4
"w_739410","treatment",2019-09-19,0,10
"w_856631","control",2021-06-16,0,10
"w_793093","control",2022-11-24,0,8
"w_889421","control",2018-06-23,54,13
"w_305768","control",2025-10-27,20,13
"w_163770","control",2024-03-26,0,6
"w_278291","control",2025-11-25,17,19
"w_706046","treatment",2021-03-02,5,10
"w_245820","treatment",2022-10-15,0,6
"w_321954","control",2025-01-24,0,5
"w_802206","control",2025-02-01,0,12
"w_269935","treatment",2021-07-29,0,3
"w_851617","treatment",2018-12-10,0,15
"w_479461","control",2019-07-24,0,9
"w_439306","treatment",2019-09-20,3,9
"w_148714","treatment",2022-07-17,15,12
"w_437966","control",2020-11-07,0,10
"w_567842","treatment",2019-01-04,0,5
"w_643209","control",2022-07-01,3,10
"w_624319","control",2024-10-12,2,4
"w_756701","control",2024-09-05,0,11
"w_771912","treatment",2019-01-01,0,10
"w_257044","control",2019-02-11,0,8
"w_624528","treatment",2025-05-22,0,5
"w_285960","control",2022-12-09,0,11
"w_851958","control",2026-01-27,0,8
"w_656172","treatment",2022-05-10,0,11
"w_824952","control",2020-10-07,0,10
"w_937008","treatment",2025-01-03,27,5
"w_301389","treatment",2020-12-31,0,4
"w_730924","control",2021-10-03,12,9
"w_821210","control",2019-08-10,0,12
"w_822845","control",2026-04-11,3,7
"w_954719","treatment",2023-12-01,54,6
"w_513782","treatment",2021-02-09,0,11
"w_787701","treatment",2026-05-08,2,11
"w_715419","control",2018-07-22,0,7
"w_891289","treatment",2018-09-08,0,12
"w_664433","treatment",2022-02-24,0,6
"w_411814","control",2023-09-13,28,10
"w_522105","control",2022-06-28,2,13
"w_570154","treatment",2018-07-11,0,13
"w_960563","treatment",2019-04-20,2,8
"w_847159","control",2019-01-21,0,12
"w_287488","control",2019-02-14,0,17
"w_840437","control",2024-01-26,0,12
"w_290101","control",2025-10-08,0,8
"w_108798","treatment",2026-01-16,0,6
"w_142000","control",2025-03-18,4,11
"w_932170","control",2023-09-26,9,5
"w_711120","control",2025-06-19,0,12
"w_859005","control",2026-02-23,0,12
"w_449864","treatment",2025-12-27,0,16
"w_411270","control",2026-01-15,5,7
"w_555247","treatment",2020-03-27,4,8
"w_624832","control",2021-02-02,0,13
"w_945373","control",2025-02-17,0,10
"w_614496","treatment",2025-06-12,0,9
"w_595920","control",2022-07-30,0,12
"w_615152","control",2026-04-20,0,14
"w_612830","control",2025-05-20,0,9
"w_111416","treatment",2022-11-19,0,10
"w_777167","control",2020-08-01,2,9
"w_779847","control",2024-05-21,0,6
"w_712763","control",2026-03-25,0,13
"w_776964","treatment",2026-04-01,6,12
"w_185945","control",2021-01-27,3,9
"w_620277","control",2021-07-20,9,7
"w_653370","treatment",2018-09-24,3,12
"w_855025","treatment",2019-07-27,0,8
"w_708078","control",2022-10-05,1,13
"w_637325","treatment",2019-05-03,90,13
"w_538852","control",2023-03-11,4,13
"w_619757","treatment",2021-11-03,80,11
"w_264889","treatment",2024-01-17,4,9
"w_587170","control",2021-12-11,0,11
"w_534188","control",2021-06-10,0,11
"w_287713","treatment",2024-07-28,3,12
"w_667717","treatment",2025-09-11,13,5
"w_951596","treatment",2020-01-29,7,13
"w_329495","control",2020-10-19,40,9
"w_599520","treatment",2018-06-28,0,12
"w_906511","treatment",2021-10-23,0,7
"w_450312","control",2024-07-05,0,7
"w_600558","treatment",2019-01-19,9,9
"w_699281","control",2024-06-04,0,10
"w_841748","control",2018-10-01,2,13
"w_673771","treatment",2019-04-25,32,11
"w_662490","control",2020-07-14,0,15
"w_256720","control",2021-06-25,0,14
"w_375266","treatment",2020-12-15,0,7
"w_354940","control",2023-03-20,0,11
"w_438940","treatment",2024-06-14,0,9
"w_165897","control",2024-06-11,18,10
"w_192351","treatment",2024-12-08,3,8
"w_674648","control",2025-06-07,0,6
"w_967763","treatment",2019-01-26,13,8
"w_859994","treatment",2023-08-29,2,10
"w_470758","control",2026-03-08,0,10
"w_270892","treatment",2021-12-04,65,5
"w_857530","treatment",2019-05-15,0,10
"w_871594","control",2019-05-09,14,10
"w_353468","treatment",2019-10-21,0,9
"w_568302","treatment",2024-01-02,0,12
"w_696477","control",2019-06-30,0,10
"w_823911","control",2023-01-25,0,10
"w_508776","control",2026-01-06,2,10
"w_643322","control",2022-03-19,17,13
"w_232307","control",2018-07-14,0,15
"w_595540","treatment",2022-08-09,2,5
"w_503357","treatment",2022-05-23,0,12
"w_419896","treatment",2024-05-14,24,13
"w_320368","control",2023-08-07,0,6
"w_417215","control",2022-12-29,1,8
"w_173793","control",2020-05-30,2,14
"w_597217","control",2020-09-10,3,11
"w_941673","treatment",2020-08-18,12,13
"w_317751","treatment",2023-09-08,16,8
"w_311438","control",2022-10-20,1,6
"w_135338","control",2020-10-20,14,11
"w_180011","treatment",2026-05-04,0,13
"w_582013","control",2023-01-28,16,7
"w_525165","treatment",2020-05-02,2,10
"w_535705","treatment",2021-04-18,14,11
"w_741993","treatment",2021-06-07,13,9
"w_204575","control",2022-09-15,0,6
"w_688909","treatment",2022-09-26,0,13
"w_360297","control",2026-05-25,1,8
"w_510865","treatment",2020-09-13,14,9
"w_891748","treatment",2022-07-08,2,10
"w_459118","control",2026-04-12,40,6
"w_913732","control",2024-03-15,0,5
"w_637325","control",2019-05-03,90,13
"w_286064","treatment",2021-11-12,0,8
"w_305480","treatment",2019-03-07,3,8
"w_765202","treatment",2026-01-08,17,14
"w_728261","control",2023-12-02,0,9
"w_487948","control",2020-10-31,10,10
"w_637538","control",2025-10-14,0,13
"w_731506","treatment",2023-11-06,5,10
"w_644586","treatment",2024-11-03,0,10
"w_575311","treatment",2026-01-20,0,13
"w_625989","control",2023-09-25,0,10
"w_877646","treatment",2026-04-18,0,5
"w_387082","treatment",2020-12-15,62,9
"w_138681","control",2023-10-16,2,6
"w_961979","control",2023-11-01,0,16
"w_839046","control",2021-08-04,18,12
"w_626067","control",2018-12-15,50,12
"w_553795","treatment",2022-10-07,2,16
"w_953839","treatment",2025-06-05,2,5
"w_490293","control",2021-06-24,0,7
"w_155874","treatment",2019-06-29,12,8
"w_483327","treatment",2020-09-22,0,8
"w_116165","control",2020-12-06,18,5
"w_717489","treatment",2019-11-10,0,8
"w_281692","treatment",2021-12-05,4,8
"w_785959","control",2019-06-25,0,9
"w_453342","control",2023-09-06,0,13
"w_929421","treatment",2025-04-18,0,7
"w_538647","control",2019-12-10,0,14
"w_779551","treatment",2021-05-11,0,13
"w_619310","treatment",2025-02-04,0,9
"w_166732","control",2026-02-28,34,6
"w_755178","control",2023-06-21,2,6
"w_735736","treatment",2022-10-07,0,9
"w_466252","control",2019-02-05,2,11
"w_196999","control",2019-02-20,3,19
"w_608947","control",2019-05-11,0,9
"w_408157","treatment",2025-04-27,0,8
"w_414957","treatment",2022-02-28,0,6
"w_764109","control",2025-07-08,0,10
"w_741977","control",2025-04-20,0,10
"w_339449","control",2023-10-09,0,10
"w_638971","control",2024-07-18,0,11
"w_462040","control",2018-06-15,0,13
"w_126344","control",2025-10-05,4,13
"w_979375","control",2020-06-18,0,13
"w_116422","treatment",2022-07-17,1,13
"w_326108","treatment",2018-08-12,10,12
"w_394055","treatment",2025-01-30,4,6
"w_238362","control",2018-11-26,9,9
"w_627636","treatment",2024-02-04,0,14
"w_494187","control",2022-12-18,0,10
"w_455799","control",2020-03-08,1,11
"w_464787","treatment",2024-08-29,0,7
"w_917100","treatment",2022-07-31,7,9
"w_186158","control",2019-05-03,0,8
"w_110521","treatment",2018-12-24,0,7
"w_683919","control",2025-07-19,2,12
"w_429489","treatment",2022-09-29,2,8
"w_359024","treatment",2023-04-05,0,11
"w_511064","treatment",2022-12-17,3,8
"w_591806","control",2020-08-27,4,11
"w_159248","control",2023-04-11,0,6
"w_124761","treatment",2020-07-31,0,11
"w_599218","control",2022-01-10,8,11
"w_973108","treatment",2019-05-05,0,9
"w_483937","treatment",2025-06-25,0,10
"w_185036","control",2023-12-08,0,7
"w_896731","treatment",2026-06-20,19,10
"w_678167","treatment",2026-02-21,8,14
"w_804908","treatment",2021-08-24,0,8
"w_649944","treatment",2020-01-23,0,15
"w_376965","control",2023-10-13,0,16
"w_869830","treatment",2024-04-07,0,9
"w_847131","treatment",2021-04-28,24,7
"w_227334","control",2026-07-02,0,9
"w_592870","control",2020-06-11,0,7
"w_662621","control",2023-01-09,0,12
"w_405944","treatment",2025-09-20,0,13
"w_668809","treatment",2025-12-03,10,20
"w_762302","treatment",2020-09-23,13,8
"w_465175","control",2020-02-11,0,7
"w_974023","control",2024-12-30,43,9
"w_334155","control",2024-03-12,8,9
"w_563268","control",2023-06-19,0,17
"w_401262","control",2019-09-06,0,10
"w_164576","control",2021-04-08,0,7
"w_178057","control",2020-02-22,46,9
"w_480641","treatment",2019-05-29,2,5
"w_558307","treatment",2024-05-11,3,7
"w_185300","control",2019-05-01,47,12
"w_347121","treatment",2022-12-21,0,12
"w_555311","treatment",2020-05-07,2,10
"w_337498","treatment",2021-02-07,0,13
"w_234466","treatment",2019-07-08,0,12
"w_591316","treatment",2022-11-29,0,7
"w_733875","treatment",2019-10-06,0,4
"w_672335","treatment",2021-09-06,0,13
"w_705431","treatment",2020-01-10,0,12
"w_246820","control",2022-09-03,0,10
"w_868122","treatment",2019-11-07,1,10
"w_749010","control",2023-01-17,0,5
"w_885556","control",2026-05-07,11,10
"w_174698","treatment",2024-12-25,0,11
"w_775574","treatment",2025-04-09,0,9
"w_753445","control",2019-09-05,0,11
"w_336914","control",2022-06-17,12,10
"w_166199","treatment",2020-04-07,0,3
"w_899644","treatment",2020-12-29,0,8
"w_551351","treatment",2021-08-26,3,9
"w_196826","control",2018-06-09,0,7
"w_144570","control",2024-01-06,1,14
"w_440794","control",2023-10-08,0,19
"w_224845","control",2026-02-25,0,5
"w_878195","treatment",2019-10-31,0,11
"w_831938","control",2023-04-08,0,12
"w_420566","control",2022-08-15,0,9
"w_255091","treatment",2022-10-09,3,10
"w_410937","treatment",2020-11-13,118,11
"w_903885","treatment",2019-08-09,3,6
"w_963925","treatment",2020-07-12,0,7
"w_815900","control",2024-06-11,8,6
"w_934143","treatment",2020-11-05,19,9
"w_506907","treatment",2019-03-01,0,15
"w_206584","treatment",2024-12-20,42,9
"w_765598","treatment",2019-10-02,0,11
"w_297170","treatment",2020-01-19,0,14
"w_149107","control",2020-04-06,0,10
"w_451057","treatment",2024-03-23,0,14
"w_705970","control",2024-05-22,7,7
"w_108102","treatment",2021-05-22,0,12
"w_515099","control",2019-05-24,8,10
"w_822265","control",2022-06-17,0,12
"w_262982","control",2025-07-30,0,12
"w_937169","control",2026-03-08,0,7
"w_537522","treatment",2022-01-19,0,8
"w_433024","treatment",2020-02-16,0,13
"w_336519","control",2025-04-19,1,8
"w_981779","treatment",2022-10-10,15,15
"w_286820","treatment",2021-03-17,0,6
"w_788505","control",2019-04-22,4,14
"w_279177","treatment",2018-09-15,0,11
"w_901692","control",2026-07-03,0,8
"w_258525","treatment",2024-07-13,0,10
"w_176296","treatment",2020-12-16,1,10
"w_121998","control",2024-04-21,0,8
"w_598117","control",2019-04-16,19,8
"w_757083","control",2020-12-13,14,11
"w_508344","control",2026-01-25,0,8
"w_433214","control",2025-01-03,2,11
"w_634750","control",2023-06-30,9,11
"w_986489","control",2020-04-01,3,10
"w_178932","treatment",2020-05-24,0,9
"w_624388","treatment",2025-04-29,0,7
"w_273759","control",2021-05-05,33,14
"w_129201","treatment",2025-08-19,0,10
"w_217287","treatment",2019-10-22,7,8
"w_621328","treatment",2018-09-15,0,11
"w_809022","treatment",2022-03-07,0,10
"w_264224","control",2024-12-24,0,7
"w_130830","treatment",2020-06-15,0,9
"w_554150","treatment",2021-12-30,0,11
"w_236020","control",2019-06-18,0,8
"w_233727","control",2024-02-15,9,10
"w_573997","control",2019-10-06,0,12
"w_573715","control",2019-05-10,16,10
"w_452225","treatment",2019-08-03,11,11
"w_601455","treatment",2023-04-16,0,10
"w_481200","treatment",2020-12-27,0,14
"w_579344","treatment",2021-10-12,9,7
"w_354997","control",2025-06-15,0,5
"w_782834","control",2018-09-29,2,6
"w_409915","control",2019-05-19,0,10
"w_587541","control",2019-02-09,0,5
"w_490538","treatment",2018-08-18,1,12
"w_776251","treatment",2020-04-11,0,9
"w_399492","treatment",2023-08-04,0,9
"w_331909","control",2021-10-31,24,9
"w_344212","control",2019-08-03,1,11
"w_978329","control",2023-03-15,0,13
"w_658970","treatment",2026-06-12,0,14
"w_340223","treatment",2022-08-04,0,10
"w_413604","treatment",2022-07-22,2,11
"w_412426","control",2019-02-22,4,12
"w_383377","control",2022-11-16,0,11
"w_906977","treatment",2026-03-09,5,8
"w_930949","treatment",2024-10-01,0,8
"w_995577","control",2023-08-03,0,13
"w_354945","treatment",2025-01-13,3,8
"w_463223","treatment",2023-01-26,0,17
"w_952189","control",2022-11-02,4,8
"w_627863","control",2020-10-09,0,13
"w_129432","control",2021-03-29,0,11
"w_106220","treatment",2022-04-11,3,9
"w_933054","treatment",2019-10-21,22,10
"w_279095","treatment",2024-03-13,11,5
"w_210784","treatment",2020-09-01,0,12
"w_287461","control",2020-12-30,0,8
"w_133326","control",2019-03-27,3,6
"w_494717","control",2020-07-20,8,10
"w_976239","treatment",2021-11-03,0,11
"w_130746","treatment",2019-03-31,0,11
"w_625333","control",2026-05-01,2,13
"w_637165","control",2023-01-03,33,16
"w_841491","control",2019-09-03,4,12
"w_562201","control",2025-01-05,4,7
"w_357332","control",2025-03-21,0,11
"w_812921","control",2020-07-17,0,9
"w_573290","treatment",2019-09-19,8,11
"w_113727","control",2022-10-03,0,8
"w_743708","control",2024-04-18,0,13
"w_859503","control",2024-05-15,12,11
"w_144660","control",2019-03-23,16,17
"w_124328","treatment",2022-08-02,2,6
"w_458660","control",2019-11-09,1,16
"w_999030","control",2018-06-23,0,4
"w_201620","treatment",2025-06-21,0,8
"w_141845","control",2020-10-23,17,13
"w_772342","treatment",2023-08-13,1,10
"w_850189","treatment",2023-03-26,0,8
"w_461388","control",2018-09-22,0,9
"w_242024","treatment",2021-05-28,31,20
"w_674838","treatment",2026-02-07,4,9
"w_961480","treatment",2023-03-26,0,7
"w_589080","control",2026-02-14,3,6
"w_777802","treatment",2018-07-12,3,11
"w_545217","control",2026-05-21,12,9
"w_301464","control",2026-03-20,22,12
"w_532991","treatment",2021-11-01,2,10
"w_668024","treatment",2019-05-15,1,8
"w_673069","treatment",2022-03-29,15,11
"w_329050","treatment",2025-01-08,0,12
"w_538841","control",2019-11-04,1,8
"w_202311","control",2024-06-24,0,9
"w_657324","control",2023-04-20,0,11
"w_145974","control",2025-07-01,1,7
"w_971354","control",2021-09-05,0,12
"w_937595","control",2024-01-25,3,7
"w_892495","control",2021-10-09,34,13
"w_332972","treatment",2025-02-13,1,14
"w_849113","control",2024-11-08,1,11
"w_343236","control",2025-04-12,0,10
"w_347714","treatment",2019-05-08,4,12
"w_376611","treatment",2024-01-05,12,10
"w_105758","treatment",2020-11-01,0,8
"w_639901","control",2019-11-18,2,9
"w_941161","control",2020-11-19,3,5
"w_301635","control",2021-12-15,0,12
"w_691050","treatment",2022-08-26,4,16
"w_631749","control",2025-06-01,69,8
"w_771913","treatment",2020-02-19,0,17
"w_933318","control",2024-04-08,1,7
"w_216018","treatment",2024-09-08,0,13
"w_751161","treatment",2022-10-23,1,10
"w_989216","treatment",2018-09-22,0,14
"w_391041","control",2019-01-19,0,13
"w_649055","treatment",2025-06-03,0,7
"w_387076","treatment",2022-07-08,0,13
"w_575767","control",2020-04-24,0,9
"w_563992","treatment",2022-11-26,0,9
"w_178392","control",2026-05-20,0,14
"w_134985","treatment",2021-09-05,8,10
"w_433222","treatment",2021-03-06,0,8
"w_743324","treatment",2024-02-15,0,10
"w_155558","treatment",2024-08-28,3,7
"w_302930","treatment",2025-08-29,0,7
"w_207275","treatment",2023-06-30,0,11
"w_139713","treatment",2021-11-08,47,9
"w_208721","control",2021-12-11,0,12
"w_736115","treatment",2022-08-16,0,16
"w_974552","treatment",2020-07-08,36,15
"w_478492","control",2026-06-27,3,6
"w_775828","treatment",2023-12-21,3,7
"w_511325","treatment",2020-03-22,0,6
"w_313063","control",2019-08-15,6,10
"w_973899","treatment",2024-10-02,37,11
"w_799135","treatment",2025-07-31,0,12
"w_453820","control",2021-04-02,0,8
"w_543277","treatment",2020-06-14,3,13
"w_529133","control",2022-05-03,0,15
"w_642721","treatment",2019-06-07,0,8
"w_292725","treatment",2022-11-08,18,7
"w_959345","treatment",2023-04-17,0,17
"w_939530","treatment",2024-12-19,0,18
"w_364080","control",2019-11-07,21,15
"w_695530","treatment",2021-10-22,0,10
"w_808026","control",2026-03-11,0,14
"w_325018","control",2021-11-05,0,14
"w_990323","treatment",2023-12-17,0,11
"w_800679","control",2022-05-26,0,5
"w_524404","treatment",2020-12-11,0,6
"w_245607","control",2026-06-17,0,6
"w_699875","treatment",2025-02-14,47,11
"w_359919","treatment",2023-04-21,0,7
"w_143758","control",2024-12-08,7,9
"w_920263","treatment",2026-05-12,0,10
"w_238022","treatment",2018-08-27,0,8
"w_863186","control",2021-04-24,4,10
"w_375873","control",2025-08-30,0,9
"w_328982","treatment",2018-09-09,11,12
"w_729308","treatment",2021-04-19,61,11
"w_565647","treatment",2024-12-18,0,8
"w_194879","treatment",2021-10-15,0,12
"w_394525","control",2022-04-17,0,11
"w_990741","control",2025-08-15,0,12
"w_574544","control",2025-07-29,4,11
"w_310434","treatment",2025-08-16,18,9
"w_571804","treatment",2023-02-19,20,10
"w_976524","control",2019-10-17,15,5
"w_520920","treatment",2023-08-02,2,11
"w_976246","treatment",2018-08-01,0,8
"w_604403","treatment",2024-10-09,0,7
"w_248177","control",2022-07-02,0,9
"w_227646","treatment",2025-02-21,0,10
"w_111644","treatment",2019-04-30,0,11
"w_133093","control",2021-05-28,0,7
"w_999917","control",2024-08-11,3,9
"w_582955","control",2022-01-09,13,8
"w_609961","control",2019-01-31,0,7
"w_463244","treatment",2026-01-18,2,8
"w_882218","treatment",2022-08-10,0,8
"w_127032","treatment",2021-02-22,0,9
"w_632495","control",2019-03-01,0,7
"w_944775","treatment",2022-12-14,1,11
"w_248407","control",2022-03-02,0,16
"w_487226","treatment",2025-01-30,0,8
"w_876984","control",2025-07-05,0,11
"w_840563","treatment",2019-03-24,18,8
"w_585535","treatment",2019-01-10,0,13
"w_266802","treatment",2024-07-11,0,14
"w_232580","treatment",2024-05-25,0,11
"w_339997","treatment",2021-11-16,0,9
"w_709003","treatment",2024-07-11,0,6
"w_217708","treatment",2024-06-08,4,11
"w_962558","treatment",2020-01-14,16,7
"w_946682","treatment",2022-04-21,28,4
"w_767797","treatment",2022-05-10,0,8
"w_757012","control",2024-06-23,0,14
"w_738825","control",2024-11-20,24,12
"w_334571","control",2020-10-25,0,16
"w_638501","treatment",2020-02-27,0,12
"w_476166","control",2022-11-13,8,16
"w_134596","control",2025-01-28,3,8
"w_587428","control",2025-03-22,1,16
"w_433929","control",2022-05-05,13,8
"w_391824","treatment",2022-02-03,0,10
"w_982578","control",2020-06-21,0,8
"w_287837","control",2019-02-14,1,10
"w_744797","control",2022-09-07,4,13
"w_558567","control",2026-03-19,0,8
"w_708832","treatment",2020-12-22,0,11
"w_113580","treatment",2025-03-27,0,12
"w_774014","control",2021-12-23,0,10
"w_192861","treatment",2020-05-22,0,7
"w_288726","treatment",2018-09-10,0,16
"w_287376","control",2024-08-20,0,7
"w_690767","control",2021-05-08,0,7
"w_917911","treatment",2024-12-13,0,15
"w_692187","treatment",2021-09-10,19,12
"w_870187","control",2024-10-22,0,8
"w_213926","treatment",2025-03-22,0,12
"w_619747","control",2019-06-23,0,9
"w_395787","control",2022-02-02,38,12
"w_885475","control",2025-02-14,0,7
"w_342704","treatment",2023-06-22,0,14
"w_478365","control",2021-11-18,0,12
"w_607445","treatment",2022-12-16,0,7
"w_261496","control",2020-04-10,0,12
"w_102355","control",2025-08-08,40,9
"w_439425","treatment",2026-04-30,1,11
"w_263585","treatment",2022-12-12,4,10
"w_713403","control",2025-04-06,0,11
"w_271780","treatment",2022-04-16,1,12
"w_216375","treatment",2019-03-25,0,5
"w_317006","treatment",2020-10-02,13,12
"w_726947","control",2022-03-01,0,10
"w_718178","control",2024-10-15,3,16
"w_510792","treatment",2019-07-23,0,5
"w_293790","control",2020-12-13,4,12
"w_195646","treatment",2022-07-08,4,11
"w_998962","control",2026-04-23,1,15
"w_218692","control",2019-01-22,0,8
"w_178271","control",2026-07-17,0,12
"w_986517","control",2025-01-20,0,12
"w_208430","control",2026-03-23,32,5
"w_127409","control",2025-03-21,8,7
"w_126328","treatment",2023-03-30,4,6
"w_471782","control",2023-09-11,0,13
"w_841622","control",2023-05-02,11,16
"w_423505","treatment",2019-06-20,22,10
"w_842104","treatment",2026-06-09,4,9
"w_872878","treatment",2022-05-12,0,7
"w_629734","control",2020-08-21,15,5
"w_763691","control",2023-08-13,0,12
"w_257308","control",2023-07-17,16,7
"w_321482","control",2025-12-05,4,8
"w_757892","treatment",2019-02-08,70,14
"w_740163","control",2025-10-19,0,12
"w_398279","treatment",2024-04-11,0,11
"w_770048","treatment",2023-04-06,42,13
"w_457905","control",2018-07-01,0,7
"w_684226","treatment",2020-05-08,0,10
"w_727007","control",2022-11-09,0,13
"w_266817","treatment",2024-03-06,0,8
"w_556673","control",2019-03-12,13,13
"w_402038","treatment",2026-02-12,2,9
"w_446474","treatment",2018-09-26,0,17
"w_727089","treatment",2019-08-03,2,15
"w_497663","control",2020-02-29,1,4
"w_844347","treatment",2024-04-09,0,11
"w_667078","control",2021-08-10,0,9
"w_565193","treatment",2022-03-28,0,7
"w_773475","control",2022-07-07,0,7
"w_242278","control",2022-07-19,2,11
"w_974078","treatment",2021-03-12,4,8
"w_259805","control",2025-06-28,0,4
"w_326898","control",2019-06-05,3,11
"w_287265","treatment",2021-09-19,1,3
"w_776052","treatment",2021-03-10,5,12
"w_987605","treatment",2024-01-31,0,13
"w_485209","control",2022-02-11,0,7
"w_337780","treatment",2025-07-19,0,12
"w_331819","control",2023-02-27,16,4
"w_113575","control",2018-09-01,0,16
"w_504487","treatment",2025-11-14,0,5
"w_219236","control",2025-10-22,0,7
"w_877364","control",2021-07-08,0,9
"w_609219","treatment",2018-09-22,0,13
"w_274422","treatment",2018-07-15,0,12
"w_334803","treatment",2020-03-10,0,9
"w_936734","treatment",2023-08-31,2,9
"w_863884","control",2022-10-22,0,13
"w_746550","control",2024-10-28,0,10
"w_572300","treatment",2025-08-01,0,6
"w_620283","control",2019-02-19,17,14
"w_486651","control",2018-11-06,0,7
"w_170728","control",2021-02-02,0,7
"w_657053","treatment",2024-10-13,21,7
"w_590302","treatment",2025-09-22,5,7
"w_718172","treatment",2025-08-19,0,16
"w_605250","treatment",2018-08-13,0,13
"w_729471","treatment",2026-01-06,0,10
"w_891848","treatment",2020-12-15,4,16
"w_193167","treatment",2024-05-02,7,7
"w_191845","control",2022-02-17,3,11
"w_953266","treatment",2021-10-17,0,3
"w_221395","treatment",2023-03-24,38,18
"w_849529","control",2021-09-15,21,9
"w_488906","control",2019-09-09,0,12
"w_168155","treatment",2018-10-24,27,14
"w_858931","control",2023-07-11,0,6
"w_849373","control",2019-01-23,0,11
"w_886579","treatment",2023-09-30,1,8
"w_899000","control",2024-09-27,5,10
"w_789733","treatment",2024-04-28,4,8
"w_497093","control",2019-12-09,0,10
"w_281518","treatment",2019-11-06,0,7
"w_347214","control",2021-10-08,0,10
"w_125814","control",2023-09-29,0,10
"w_141374","treatment",2022-09-26,2,11
"w_843980","treatment",2020-06-11,0,5
"w_410599","control",2021-06-27,0,5
"w_114989","treatment",2019-07-24,4,9
"w_258946","control",2018-11-10,0,7
"w_299751","treatment",2019-05-19,5,5
"w_624759","control",2023-08-08,0,5
"w_910150","control",2020-03-14,4,13
"w_506046","control",2021-10-26,3,10
"w_354558","treatment",2025-01-28,0,12
"w_945104","control",2019-10-26,0,14
"w_218934","treatment",2024-08-24,1,11
"w_670367","control",2021-06-17,0,8
"w_208687","control",2021-11-10,0,11
"w_934359","control",2023-05-14,13,17
"w_292188","treatment",2018-10-28,0,14
"w_564908","control",2025-12-29,0,6
"w_583791","treatment",2024-10-27,0,17
"w_899401","control",2025-03-13,0,11
"w_288159","control",2019-12-26,0,13
"w_893414","control",2023-10-25,0,13
"w_657443","treatment",2024-02-19,0,6
"w_623672","control",2024-07-18,0,20
"w_342877","control",2020-05-05,15,11
"w_984165","control",2019-02-16,0,19
"w_145988","treatment",2019-09-26,0,10
"w_295614","control",2022-03-30,0,14
"w_179172","control",2023-06-07,16,11
"w_912752","control",2022-08-28,0,14
"w_678953","control",2018-11-14,3,6
"w_789339","control",2020-04-24,0,15
"w_332467","control",2018-10-02,0,14
"w_914476","treatment",2024-05-25,0,8
"w_481339","treatment",2019-05-20,12,9
"w_390982","control",2023-02-06,0,13
"w_180888","control",2020-03-01,119,10
"w_792980","treatment",2021-08-29,3,10
"w_551437","treatment",2024-12-19,1,7
"w_834436","control",2024-05-26,0,11
"w_315777","treatment",2021-10-31,0,11
"w_324200","control",2024-08-21,1,8
"w_817103","treatment",2018-10-25,4,8
"w_107628","control",2025-03-02,17,4
"w_747112","treatment",2022-04-21,0,6
"w_876604","control",2019-11-04,14,8
"w_505094","treatment",2022-07-13,0,15
"w_537657","treatment",2020-08-01,0,9
"w_405339","control",2024-06-25,0,8
"w_603465","control",2023-03-13,9,12
"w_175074","treatment",2024-07-16,0,7
"w_904264","treatment",2022-06-19,0,7
"w_446051","treatment",2022-05-13,2,11
"w_144082","control",2021-02-09,0,14
"w_381332","treatment",2026-04-22,0,14
"w_494893","treatment",2019-12-04,14,5
"w_568276","treatment",2021-07-07,1,10
"w_911164","treatment",2026-03-11,3,9
"w_681867","treatment",2020-09-05,14,8
"w_188268","treatment",2021-07-07,2,8
"w_554687","treatment",2019-04-11,0,9
"w_691522","treatment",2019-11-07,0,9
"w_376340","treatment",2019-12-13,19,9
"w_777043","control",2022-07-05,4,7
"w_796184","control",2020-04-09,0,8
"w_562864","control",2021-02-13,0,10
"w_796392","control",2026-05-10,8,13
"w_686677","control",2020-07-14,0,5
"w_165459","treatment",2022-11-20,4,17
"w_252328","control",2020-05-22,0,8
"w_347465","control",2024-03-02,27,10
"w_529662","treatment",2018-12-08,1,9
"w_718653","treatment",2020-11-29,0,10
"w_150575","treatment",2020-07-20,0,8
"w_563167","treatment",2020-02-18,2,15
"w_673628","treatment",2018-11-12,53,8
"w_415795","control",2019-02-02,1,8
"w_199243","control",2024-03-19,6,16
"w_359794","control",2023-04-06,0,5
"w_559790","control",2023-02-13,0,4
"w_393217","control",2022-04-17,1,10
"w_942560","treatment",2018-10-18,7,12
"w_874099","treatment",2020-07-17,0,12
"w_248915","treatment",2023-12-07,0,5
"w_335639","treatment",2019-05-31,0,12
"w_354484","control",2020-06-14,0,11
"w_469898","control",2024-11-25,0,4
"w_837355","control",2021-04-14,0,10
"w_459748","treatment",2026-06-10,6,7
"w_275244","treatment",2025-01-26,0,7
"w_451196","control",2021-06-30,5,7
"w_363177","control",2021-01-05,0,9
"w_736104","treatment",2021-05-11,0,13
"w_450272","control",2024-05-12,8,6
"w_351314","treatment",2020-09-23,0,9
"w_171588","control",2022-01-12,0,11
"w_191111","control",2019-11-03,0,4
"w_843386","treatment",2021-04-10,0,13
"w_374149","treatment",2021-08-26,11,13
"w_274230","control",2022-03-07,1,14
"w_206029","treatment",2025-02-01,0,11
"w_792634","control",2022-11-04,0,7
"w_288893","control",2023-12-06,2,11
"w_951748","control",2021-10-06,12,7
"w_948368","control",2024-11-29,0,7
"w_456506","treatment",2024-03-17,0,11
"w_915182","treatment",2019-04-20,0,8
"w_699715","treatment",2019-07-25,0,9
"w_310100","treatment",2018-07-15,3,12
"w_798346","treatment",2026-06-29,4,9
"w_183312","treatment",2022-07-07,0,14
"w_679812","treatment",2019-11-09,0,11
"w_679067","control",2026-01-25,0,9
"w_694716","treatment",2019-05-09,18,7
"w_981923","treatment",2025-10-11,0,10
"w_409380","treatment",2018-12-21,10,14
"w_549712","control",2024-05-28,11,8
"w_298992","control",2020-03-07,0,6
"w_746691","treatment",2026-03-11,1,12
"w_377245","control",2023-02-19,3,7
"w_616268","treatment",2023-01-03,0,13
"w_749877","treatment",2021-03-15,3,5
"w_668683","treatment",2021-07-02,2,14
"w_435485","treatment",2024-12-23,0,8
"w_652138","treatment",2022-08-18,16,8
"w_222206","treatment",2024-09-30,0,8
"w_752758","treatment",2020-06-02,0,14
"w_911718","treatment",2023-07-23,2,6
"w_929777","control",2022-09-24,10,7
"w_975033","treatment",2025-11-30,0,12
"w_593303","treatment",2022-01-05,4,4
"w_177137","control",2024-07-25,0,9
"w_399304","treatment",2020-07-12,0,12
"w_224580","treatment",2019-02-16,17,10
"w_441451","control",2025-10-31,14,6
"w_921048","control",2024-09-03,0,11
"w_662907","control",2022-05-11,0,7
"w_471234","treatment",2019-10-25,0,14
"w_296224","treatment",2023-09-08,0,14
"w_962014","control",2020-12-21,4,10
"w_113388","control",2025-01-24,0,11
"w_317353","control",2025-10-19,0,15
"w_578584","treatment",2021-07-23,0,7
"w_706514","control",2021-11-28,0,10
"w_302039","treatment",2025-02-20,0,11
"w_561425","control",2021-09-01,0,7
"w_737772","control",2018-09-07,0,7
"w_900375","treatment",2019-07-18,1,9
"w_295404","control",2021-02-24,0,15
"w_525208","control",2026-05-14,0,7
"w_104260","treatment",2022-03-22,11,4
"w_266087","treatment",2021-09-16,0,11
"w_750263","treatment",2023-05-23,3,11
"w_642610","control",2025-08-04,0,10
"w_944283","treatment",2021-01-13,3,13
"w_681853","control",2023-06-15,34,12
"w_345038","treatment",2019-05-16,5,9
"w_318477","control",2023-09-16,0,12
"w_930972","control",2026-01-09,0,7
"w_105156","control",2025-11-15,0,9
"w_988902","treatment",2025-06-07,3,10
"w_551562","control",2021-08-09,0,11
"w_381786","treatment",2025-12-01,17,7
"w_888960","control",2020-05-12,0,4
"w_728084","treatment",2026-05-19,0,11
"w_298015","control",2023-06-07,15,4
"w_869210","control",2025-03-05,0,12
"w_676228","control",2020-01-15,0,5
"w_748404","control",2024-07-31,2,9
"w_675060","control",2023-11-28,0,10
"w_950542","treatment",2022-03-08,0,8
"w_283992","control",2019-01-26,0,10
"w_851506","control",2025-09-04,2,7
"w_285601","control",2025-12-24,0,12
"w_119202","control",2020-09-11,3,6
"w_579691","treatment",2021-11-30,2,12
"w_343791","control",2025-04-08,0,12
"w_575918","treatment",2023-04-19,15,11
"w_463611","treatment",2026-01-02,12,12
"w_868050","control",2022-09-10,3,14
"w_610062","treatment",2023-03-26,13,7
"w_187432","treatment",2026-03-19,27,9
"w_830820","control",2026-01-21,0,9
"w_307266","control",2025-05-18,4,6
"w_232901","control",2018-11-12,0,13
"w_560898","treatment",2023-06-20,0,12
"w_782307","treatment",2020-09-04,0,8
"w_706217","treatment",2025-08-15,2,7
"w_820187","control",2025-04-07,17,11
"w_288334","control",2022-02-01,0,4
"w_363163","control",2026-06-08,15,13
"w_473139","treatment",2019-03-15,1,13
"w_408994","control",2021-07-13,0,4
"w_651955","treatment",2022-12-12,1,18
"w_199986","control",2025-02-01,0,8
"w_995041","treatment",2024-05-03,1,9
"w_297241","control",2019-09-24,18,12
"w_453917","treatment",2025-12-06,15,7
"w_420554","treatment",2020-09-23,0,8
"w_730259","treatment",2026-04-07,6,7
"w_466574","treatment",2021-03-05,0,7
"w_287923","control",2020-08-11,0,8
"w_410432","control",2025-08-08,58,11
"w_873414","treatment",2019-12-14,0,10
"w_828313","control",2022-01-31,0,14
"w_248513","treatment",2021-06-13,1,11
"w_848893","treatment",2025-06-11,0,7
"w_139523","treatment",2019-03-26,0,17
"w_360181","treatment",2020-12-27,1,11
"w_416316","control",2026-02-11,3,4
"w_507531","treatment",2020-02-09,0,17
"w_582107","treatment",2022-07-17,0,15
"w_383449","control",2024-01-11,0,9
"w_952288","control",2024-12-13,0,11
"w_468802","treatment",2022-05-03,2,15
"w_234356","treatment",2025-07-18,2,10
"w_624328","control",2019-07-08,0,10
"w_816126","control",2020-01-30,1,13
"w_426176","control",2020-07-27,0,11
"w_655672","control",2022-05-18,0,5
"w_442707","treatment",2024-12-02,0,11
"w_466143","treatment",2023-07-09,0,14
"w_866080","control",2023-04-13,7,13
"w_207282","treatment",2024-08-19,0,7
"w_423615","control",2022-09-04,0,10
"w_426441","control",2023-05-01,0,9
"w_978807","control",2020-12-03,0,8
"w_786841","control",2021-11-09,0,6
"w_324168","control",2024-04-21,0,11
"w_303107","treatment",2019-12-27,0,13
"w_597484","control",2022-03-13,0,16
"w_166755","control",2023-04-16,15,8
"w_640035","control",2025-09-15,15,9
"w_537070","treatment",2024-04-05,0,6
"w_214659","treatment",2019-10-17,18,12
"w_654219","control",2024-07-24,0,7
"w_841907","control",2019-08-10,0,14
"w_238228","control",2025-02-15,19,9
"w_549099","control",2025-04-27,17,17
"w_141309","control",2022-11-06,9,18
"w_647109","control",2021-12-03,0,12
"w_215190","treatment",2019-12-28,0,4
"w_512113","control",2025-07-31,0,10
"w_707528","control",2020-07-17,6,7
"w_722002","control",2021-05-26,1,13
"w_471514","control",2024-06-29,0,13
"w_915236","control",2025-11-01,0,10
"w_321523","control",2018-08-05,4,7
"w_414370","control",2023-07-22,0,14
"w_834619","treatment",2020-08-18,0,10
"w_219416","control",2024-12-09,0,3
"w_343890","control",2025-12-04,0,12
"w_260389","control",2021-07-20,0,7
"w_538378","control",2019-03-09,1,10
"w_739673","control",2019-08-20,0,9
"w_997250","control",2020-05-07,7,13
"w_796511","treatment",2019-07-22,0,10
"w_246346","treatment",2020-09-28,0,9
"w_551969","treatment",2021-11-22,4,10
"w_523054","control",2019-08-23,14,14
"w_598660","control",2024-05-02,34,6
"w_439526","control",2023-09-11,4,14
"w_540868","treatment",2024-08-09,2,10
"w_259030","control",2020-05-20,0,12
"w_691284","treatment",2023-06-30,0,7
"w_316535","control",2023-11-03,0,8
"w_907643","treatment",2021-10-28,4,11
"w_631059","control",2021-11-04,0,6
"w_471621","treatment",2019-12-24,0,8
"w_477804","treatment",2018-12-07,0,12
"w_121198","treatment",2026-03-24,0,9
"w_290982","treatment",2022-04-20,0,18
"w_640316","treatment",2023-07-14,0,9
"w_482714","control",2026-04-13,0,10
"w_660852","treatment",2022-03-15,0,15
"w_622198","treatment",2019-07-24,22,11
"w_936963","treatment",2026-04-07,0,15
"w_188798","treatment",2023-06-27,0,13
"w_577078","treatment",2022-07-17,0,10
"w_553895","control",2025-12-28,0,7
"w_236353","treatment",2026-05-10,0,5
"w_266046","control",2023-11-03,2,16
"w_798613","control",2019-07-18,0,11
"w_173386","control",2024-07-04,15,9
"w_790372","treatment",2020-06-13,3,8
"w_904099","treatment",2020-08-23,3,9
"w_472556","treatment",2023-09-05,0,8
"w_238670","control",2021-06-01,0,12
"w_680315","control",2018-07-23,0,8
"w_546543","treatment",2023-12-17,4,5
"w_991625","control",2022-09-03,18,9
"w_562252","treatment",2019-08-11,0,9
"w_921007","treatment",2023-06-07,2,9
"w_924941","control",2021-08-17,3,11
"w_693607","treatment",2021-03-16,0,11
"w_241649","control",2023-09-22,38,12
"w_158729","treatment",2019-12-17,2,10
"w_533977","control",2022-03-04,0,5
"w_476011","treatment",2025-04-06,0,11
"w_791941","treatment",2019-10-02,0,11
"w_143846","control",2021-12-27,1,13
"w_488959","control",2021-12-08,0,10
"w_205249","control",2023-03-14,2,7
"w_133436","treatment",2025-10-05,2,4
"w_953709","treatment",2021-05-14,3,11
"w_628026","control",2023-11-13,0,11
"w_159705","control",2019-02-12,0,10
"w_868180","control",2026-01-08,0,10
"w_406901","control",2020-03-21,0,11
"w_540275","treatment",2020-12-10,21,11
"w_723518","control",2024-10-12,3,7
"w_385239","treatment",2025-10-01,4,11
"w_966135","treatment",2024-03-14,1,8
"w_589683","control",2024-04-02,5,9
"w_781879","treatment",2025-09-29,0,9
"w_958179","treatment",2026-06-26,2,11
"w_691068","treatment",2023-08-09,0,9
"w_440482","treatment",2024-09-26,8,4
"w_884681","treatment",2021-07-27,1,9
"w_341588","control",2019-02-18,0,8
"w_277326","treatment",2019-04-15,0,3
"w_590281","control",2022-09-28,0,13
"w_300314","control",2023-12-23,0,8
"w_270401","treatment",2023-07-16,0,6
"w_562261","control",2023-04-08,0,9
"w_608781","control",2020-11-08,0,11
"w_402981","control",2022-04-23,14,8
"w_368408","treatment",2021-06-04,0,10
"w_392580","control",2025-05-12,9,13
"w_305884","treatment",2026-02-10,0,12
"w_763322","control",2021-10-20,4,13
"w_626695","control",2025-02-20,8,13
"w_863634","control",2026-05-12,4,10
"w_823584","treatment",2019-01-29,0,9
"w_797689","control",2018-12-25,4,4
"w_408342","control",2021-07-02,0,15
"w_566529","control",2023-12-26,0,10
"w_473899","treatment",2022-04-30,4,9
"w_186213","treatment",2018-11-09,0,8
"w_555599","control",2020-02-24,0,9
"w_950084","control",2024-02-16,0,11
"w_772602","control",2021-03-28,0,14
"w_130099","treatment",2025-09-01,0,17
"w_120651","control",2018-06-23,49,9
"w_462996","treatment",2021-09-24,0,5
"w_542140","control",2019-04-16,0,12
"w_476261","treatment",2023-12-22,2,5
"w_907360","control",2019-05-07,2,13
"w_971142","treatment",2020-04-20,3,9
"w_314862","control",2021-07-13,6,8
"w_550066","treatment",2019-03-03,0,5
"w_608500","treatment",2023-04-29,0,8
"w_620889","treatment",2020-08-22,9,11
"w_892292","treatment",2020-03-30,12,8
"w_820907","treatment",2019-05-27,0,10
"w_466197","control",2020-05-04,0,15
"w_281958","control",2018-09-06,23,7
"w_346517","control",2023-07-28,11,11
"w_202383","control",2018-12-24,0,7
"w_640933","control",2018-06-08,0,11
"w_952956","treatment",2022-01-01,0,11
"w_656756","control",2020-05-31,3,5
"w_116378","control",2025-05-28,0,10
"w_657087","control",2022-09-22,0,13
"w_251264","treatment",2020-05-11,1,14
"w_815411","control",2022-01-01,0,15
"w_330913","treatment",2022-04-13,0,8
"w_372935","treatment",2026-03-18,41,13
"w_667555","control",2023-10-31,23,4
"w_866564","control",2022-09-26,0,14
"w_906996","treatment",2025-10-04,2,8
"w_726714","treatment",2021-10-08,4,5
"w_611095","control",2024-04-06,0,9
"w_936939","treatment",2021-04-14,2,11
"w_960061","control",2025-03-08,0,12
"w_503438","control",2022-11-05,0,8
"w_312829","control",2025-05-09,0,10
"w_497173","control",2019-05-09,0,11
"w_698557","control",2020-08-20,0,8
"w_648081","control",2025-10-02,3,7
"w_488534","treatment",2020-01-16,8,13
"w_584398","treatment",2021-05-22,0,14
"w_929332","treatment",2021-05-27,18,7
"w_451329","control",2025-12-20,3,9
"w_604343","treatment",2021-01-10,0,5
"w_996178","control",2022-09-05,10,11
"w_642081","treatment",2022-10-04,0,11
"w_388935","treatment",2025-11-07,0,6
"w_772843","treatment",2020-08-06,3,9
"w_517689","control",2020-08-12,13,14
"w_836429","treatment",2021-09-05,0,9
"w_128382","control",2022-08-23,27,10
"w_750226","treatment",2019-07-24,0,14
"w_311224","control",2021-06-27,0,5
"w_415203","control",2023-10-11,0,5
"w_398741","treatment",2023-07-10,0,16
"w_302848","treatment",2019-12-13,4,11
"w_164437","control",2018-09-13,14,9
"w_330557","treatment",2026-03-19,0,9
"w_798410","treatment",2025-01-30,0,7
"w_119936","treatment",2024-08-02,0,8
"w_913642","control",2023-03-02,0,10
"w_248300","treatment",2024-05-07,0,9
"w_256188","treatment",2020-08-20,10,13
"w_168903","treatment",2020-04-12,1,12
"w_673139","treatment",2021-04-06,0,14
"w_197157","control",2022-01-30,5,8
"w_942325","treatment",2018-07-10,2,7
"w_670041","control",2021-04-14,3,11
"w_941621","control",2021-09-10,5,11
